Workbook

Sheet GAS FURNACES
B1: GAS FURNACES
E2: 46000
B3: Part Number | C3: Ferguson Part Number | D3: Price | E3: Product Category
A4: EVOLUTION 98% VARIABLE SPEED MODULATING FURNACE | B4: 987MC42060C17 | C4: B987MC42060C17 | D4: =VLOOKUP(C4,'Paste bid here'!A:F,4,FALSE) -> #N/A | E4: BEST
B5: 987MC42080C17 | C5: B987MC42080C17 | D5: =VLOOKUP(C5,'Paste bid here'!A:F,4,FALSE) -> #N/A
B6: 987MC60060C21 | C6: B987MC60060C21 | D6: =VLOOKUP(C6,'Paste bid here'!A:F,4,FALSE) -> #N/A
B7: 987MC60080C21 | C7: B987MC60080C21 | D7: =VLOOKUP(C7,'Paste bid here'!A:F,4,FALSE) -> #N/A
B8: 987MC66100C21 | C8: B987MC66100C21 | D8: =VLOOKUP(C8,'Paste bid here'!A:F,4,FALSE) -> #N/A
B9: 987MC66120C24 | C9: B987MC66120C24 | D9: =VLOOKUP(C9,'Paste bid here'!A:F,4,FALSE) -> #N/A
A10: EVOLUTION 97% VARIABLE SPEED 2-STAGE FURNACE | B10: 987TA48060C17 | C10: B987TA48060C17 | D10: =VLOOKUP(C10,'Paste bid here'!A:F,4,FALSE) -> #N/A
B11: 987TA48080C17 | C11: B987TA48080C17 | D11: =VLOOKUP(C11,'Paste bid here'!A:F,4,FALSE) -> #N/A
B12: 987TA60080C21 | C12: B987TA60080C21 | D12: =VLOOKUP(C12,'Paste bid here'!A:F,4,FALSE) -> #N/A
B13: 987TA66100C21 | C13: B987TA66100C21 | D13: =VLOOKUP(C13,'Paste bid here'!A:F,4,FALSE) -> #N/A
B14: 987TA66120C24 | C14: B987TA66120C24 | D14: =VLOOKUP(C14,'Paste bid here'!A:F,4,FALSE) -> #N/A
A15: EVOLUTION 96% VARIABLE SPEED 2-STAGE FURNACE (SELL THESE FIRST) | B15: 986TD30040C14 | C15: B986TD30040C14 | D15: =VLOOKUP(C15,'Paste bid here'!A:F,4,FALSE) -> #N/A
B16: 986TD42060C17 | C16: B986TD42060C17 | D16: =VLOOKUP(C16,'Paste bid here'!A:F,4,FALSE) -> #N/A
B17: 986TD42080C17 | C17: B986TD42080C17 | D17: =VLOOKUP(C17,'Paste bid here'!A:F,4,FALSE) -> #N/A
B18: 986TD60080C21 | C18: B986TD60080C21 | D18: =VLOOKUP(C18,'Paste bid here'!A:F,4,FALSE) -> #N/A
B19: 986TD66100C21 | C19: B986TD66100C21 | D19: =VLOOKUP(C19,'Paste bid here'!A:F,4,FALSE) -> #N/A
B20: 986TD66120C24 | C20: B986TD66120C24 | D20: =VLOOKUP(C20,'Paste bid here'!A:F,4,FALSE) -> #N/A
A21: PREFERRED 97% 2-STAGE VARIABLE SPEED FURNACE W/ INTELISENSE | B21: 927TA48060V17 | C21: B927TA48060V17 | D21: =VLOOKUP(C21,'Paste bid here'!A:F,4,FALSE) -> #N/A | E21: BETTER
B22: 927TA48080V17 | C22: B927TA48080V17 | D22: =VLOOKUP(C22,'Paste bid here'!A:F,4,FALSE) -> #N/A
B23: 927TA60080V21 | C23: B927TA60080V21 | D23: =VLOOKUP(C23,'Paste bid here'!A:F,4,FALSE) -> #N/A
B24: 927TA60100V21 | C24: B927TA60100V21 | D24: =VLOOKUP(C24,'Paste bid here'!A:F,4,FALSE) -> #N/A
B25: 927TA66120V24 | C25: B927TA66120V24 | D25: =VLOOKUP(C25,'Paste bid here'!A:F,4,FALSE) -> #N/A
A26: PREFERRED 96% 2-STAGE VARIABLE SPEED FURNACE W/ INTELISENSE (SELL THESE FIRST) | B26: 926TC30040V14 | C26: B926TC30040V14 | D26: =VLOOKUP(C26,'Paste bid here'!A:F,4,FALSE) -> #N/A
B27: 926TC36040V17 | C27: B926TC36040V17 | D27: =VLOOKUP(C27,'Paste bid here'!A:F,4,FALSE) -> #N/A
B28: 926TC36060V14 | C28: B926TC36060V14 | D28: =VLOOKUP(C28,'Paste bid here'!A:F,4,FALSE) -> #N/A
B29: 926TC48060V17 | C29: B926TC48060V17 | D29: =VLOOKUP(C29,'Paste bid here'!A:F,4,FALSE) -> #N/A
B30: 926TC48080V17 | C30: B926TC48080V17 | D30: =VLOOKUP(C30,'Paste bid here'!A:F,4,FALSE) -> #N/A
B31: 926TC60080V21 | C31: B926TC60080V21 | D31: =VLOOKUP(C31,'Paste bid here'!A:F,4,FALSE) -> #N/A
B32: 926TC60100V21 | C32: B926TC60100V21 | D32: =VLOOKUP(C32,'Paste bid here'!A:F,4,FALSE) -> #N/A
B33: 926TC66100V21 | C33: B926TC66100V21 | D33: =VLOOKUP(C33,'Paste bid here'!A:F,4,FALSE) -> #N/A
B34: 926TC66120V24 | C34: B926TC66120V24 | D34: =VLOOKUP(C34,'Paste bid here'!A:F,4,FALSE) -> #N/A
A35: LEGACY 96% 1-STAGE FURNACE | B35: 916SA30026M14 | C35: B916SA30026M14 | D35: =VLOOKUP(C35,'Paste bid here'!A:F,4,FALSE) -> #N/A | E35: GOOD
B36: 916SA30040M14 | C36: B916SA30040M14 | D36: =VLOOKUP(C36,'Paste bid here'!A:F,4,FALSE) -> #N/A
B37: 916SA36040M17 | C37: B916SA36040M17 | D37: =VLOOKUP(C37,'Paste bid here'!A:F,4,FALSE) -> #N/A
B38: 916SA36060M14 | C38: B916SA36060M14 | D38: =VLOOKUP(C38,'Paste bid here'!A:F,4,FALSE) -> #N/A
B39: 916SA48060M17 | C39: B916SA48060M17 | D39: =VLOOKUP(C39,'Paste bid here'!A:F,4,FALSE) -> #N/A
B40: 916SA48080M17 | C40: B916SA48080M17 | D40: =VLOOKUP(C40,'Paste bid here'!A:F,4,FALSE) -> #N/A
B41: 916SA60080M21 | C41: B916SA60080M21 | D41: =VLOOKUP(C41,'Paste bid here'!A:F,4,FALSE) -> #N/A
B42: 916SA60100M21 | C42: B916SA60100M21 | D42: =VLOOKUP(C42,'Paste bid here'!A:F,4,FALSE) -> #N/A
B43: 916SA66100M21 | C43: B916SA66100M21 | D43: =VLOOKUP(C43,'Paste bid here'!A:F,4,FALSE) -> #N/A
B44: 916SA66120M24 | C44: B916SA66120M24 | D44: =VLOOKUP(C44,'Paste bid here'!A:F,4,FALSE) -> #N/A
B45: 916SA66140M24 | C45: B916SA66140M24 | D45: =VLOOKUP(C45,'Paste bid here'!A:F,4,FALSE) -> #N/A
A46: 90% LP CONVERSION KIT | B46: AGAGC9NPS01D | C46: RAGAGC9NPS01E | D46: =VLOOKUP(C46,'Paste bid here'!A:F,4,FALSE) -> #N/A
A47: EVOLUTION 80% 2 STAGE VARIABLE SPEED FURNACE | B47: 880TB36045C17 | C47: B880TB36045C17 | D47: =VLOOKUP(C47,'Paste bid here'!A:F,4,FALSE) -> #N/A | E47: BEST
B48: 880TB36070C14 | C48: B880TB36070C14 | D48: =VLOOKUP(C48,'Paste bid here'!A:F,4,FALSE) -> #N/A
B49: 880TB48070C17 | C49: B880TB48070C17 | D49: =VLOOKUP(C49,'Paste bid here'!A:F,4,FALSE) -> #N/A
B50: 880TB60070C21 | C50: B880TB60070C21 | D50: =VLOOKUP(C50,'Paste bid here'!A:F,4,FALSE) -> #N/A
B51: 880TB48090C17 | C51: B880TB48090C17 | D51: =VLOOKUP(C51,'Paste bid here'!A:F,4,FALSE) -> #N/A
B52: 880TB60090C21 | C52: B880TB60090C21 | D52: =VLOOKUP(C52,'Paste bid here'!A:F,4,FALSE) -> #N/A
B53: 880TB60110C21 | C53: B880TB60110C21 | D53: =VLOOKUP(C53,'Paste bid here'!A:F,4,FALSE) -> #N/A
B54: 880TB66135C24 | C54: B880TB66135C24 | D54: =VLOOKUP(C54,'Paste bid here'!A:F,4,FALSE) -> #N/A
A55: PREFERRED 80% 2-STAGE VARIABLE SPEED FURNACE W/ INTELISENSE | B55: 820TB36045V14 | C55: B820TB36045V14 | D55: =VLOOKUP(C55,'Paste bid here'!A:F,4,FALSE) -> #N/A | E55: BETTER
B56: 820TB36070V14 | C56: B820TB36070V14 | D56: =VLOOKUP(C56,'Paste bid here'!A:F,4,FALSE) -> #N/A
B57: 820TB48070V17 | C57: B820TB48070V17 | D57: =VLOOKUP(C57,'Paste bid here'!A:F,4,FALSE) -> #N/A
B58: 820TB48090V17 | C58: B820TB48090V17 | D58: =VLOOKUP(C58,'Paste bid here'!A:F,4,FALSE) -> #N/A
B59: 820TB60090V21 | C59: B820TB60090V21 | D59: =VLOOKUP(C59,'Paste bid here'!A:F,4,FALSE) -> #N/A
B60: 820TB66110V21 | C60: B820TB66110V21 | D60: =VLOOKUP(C60,'Paste bid here'!A:F,4,FALSE) -> #N/A
B61: 820TB66135V24 | C61: B820TB66135V24 | D61: =VLOOKUP(C61,'Paste bid here'!A:F,4,FALSE) -> #N/A
A62: LEGACY 80% MULTI 18-SPEED FURNACE | B62: 800SB36045M14 | C62: B800SB36045M14 | D62: =VLOOKUP(C62,'Paste bid here'!A:F,4,FALSE) -> #N/A | E62: GOOD
B63: 800SB36070M14 | C63: B800SB36070M14 | D63: =VLOOKUP(C63,'Paste bid here'!A:F,4,FALSE) -> #N/A
B64: 800SB36070M17 | C64: B800SB36070M17 | D64: =VLOOKUP(C64,'Paste bid here'!A:F,4,FALSE) -> #N/A
B65: 800SB42045M17 | C65: B800SB42045M17 | D65: =VLOOKUP(C65,'Paste bid here'!A:F,4,FALSE) -> #N/A
B66: 800SB48070M17 | C66: B800SB48070M17 | D66: =VLOOKUP(C66,'Paste bid here'!A:F,4,FALSE) -> #N/A
B67: 800SB48070M21 | C67: B800SB48070M21 | D67: =VLOOKUP(C67,'Paste bid here'!A:F,4,FALSE) -> #N/A
B68: 800SB42090M17 | C68: B800SB42090M17 | D68: =VLOOKUP(C68,'Paste bid here'!A:F,4,FALSE) -> #N/A
B69: 800SB48090M21 | C69: B800SB48090M21 | D69: =VLOOKUP(C69,'Paste bid here'!A:F,4,FALSE) -> #N/A
B70: 800SB60090M21 | C70: B800SB60090M21 | D70: =VLOOKUP(C70,'Paste bid here'!A:F,4,FALSE) -> #N/A
B71: 800SB60090M24 | C71: B800SB60090M24 | D71: =VLOOKUP(C71,'Paste bid here'!A:F,4,FALSE) -> #N/A
B72: 800SB60110M21 | C72: B800SB60110M21 | D72: =VLOOKUP(C72,'Paste bid here'!A:F,4,FALSE) -> #N/A
B73: 800SB60110M24 | C73: B800SB60110M24 | D73: =VLOOKUP(C73,'Paste bid here'!A:F,4,FALSE) -> #N/A
B74: 800SB60135M24 | C74: B800SB60135M24 | D74: =VLOOKUP(C74,'Paste bid here'!A:F,4,FALSE) -> #N/A
B75: 800SB60155M24 | C75: B800SB60155M24 | D75: =VLOOKUP(C75,'Paste bid here'!A:F,4,FALSE) -> #N/A
A76: 80% LP CONVERSION KIT | B76: AGAGC8NPS01C | C76: RAGAGC8NPS01C | D76: =VLOOKUP(C76,'Paste bid here'!A:F,4,FALSE) -> #N/A

Sheet FAN COILS & HEAT STRIPS
B1: FAN COILS
E2: 46000
B3: Part Number | C3: Ferguson Part Number | D3: Price | E3: Product Category
A4: R454B EVOLUTION SERIES COMMUNICATING FAN COIL | B4: FE5BNXB24L00 | C4: CFE5BNXB24L00 | D4: =VLOOKUP(C6,'Paste bid here'!A:F,4,FALSE) -> #N/A | E4: BEST
B5: FE5BNXC36L00 | C5: CFE5BNXC36L00 | D5: =VLOOKUP(C8,'Paste bid here'!A:F,4,FALSE) -> #N/A | E5: *Use Slope Coil Downflow Kit
B6: FE5BNBC36L00 | C6: CFE5BNBC36L00 | D6: =VLOOKUP(C9,'Paste bid here'!A:F,4,FALSE) -> #N/A | E6: *FE5BNB MODELS ARE MODULAR 2-PIECE CABINET DESIGN
B7: FE5BNXC48L00 | C7: CFE5BNXC48L00 | D7: =VLOOKUP(C4,'Paste bid here'!A:F,4,FALSE) -> #N/A | E7: *FE5BNX MODELS ARE 1-PIECE CABINET DESIGN
B8: FE5BNBC48L00 | C8: CFE5BNBC48L00 | D8: =VLOOKUP(C5,'Paste bid here'!A:F,4,FALSE) -> #N/A
B9: FE5BNBD60L00 | C9: CFE5BNBD60L00 | D9: =VLOOKUP(C7,'Paste bid here'!A:F,4,FALSE) -> #N/A
A10: R454B PREFERRED SERIES VARIABLE SPEED FAN COIL | B10: FT5ANXB24L00 | C10: CFT5ANXB24L00 | D10: =VLOOKUP(C10,'Paste bid here'!A:F,4,FALSE) -> #N/A | E10: BETTER
B11: FT5ANBC36L00 | C11: CFT5ANBC36L00 | D11: =VLOOKUP(C11,'Paste bid here'!A:F,4,FALSE) -> #N/A | E11: *Use Slope Coil Downflow Kit
B12: FT5ANBC48L00 | C12: CFT5ANBC48L00 | D12: =VLOOKUP(C12,'Paste bid here'!A:F,4,FALSE) -> #N/A | E12: *FT5ANB MODELS ARE MODULAR 2-PIECE CABINET DESIGN
B13: FT5ANBD60L00 | C13: CFT5ANBD60L00 | D13: =VLOOKUP(C13,'Paste bid here'!A:F,4,FALSE) -> #N/A | E13: *FT5ANX MODELS ARE 1-PIECE CABINET DESIGN
A14: R454B LEGACY SERIES FAN COIL | B14: FJ5ANXA18L00 | C14: CFJ5ANXA18L00 | D14: =VLOOKUP(C14,'Paste bid here'!A:F,4,FALSE) -> #N/A | E14: GOOD
B15: FJ5ANXB24L00 | C15: CFJ5ANXB24L00 | D15: =VLOOKUP(C15,'Paste bid here'!A:F,4,FALSE) -> #N/A | E15: *Use Slope Coil Downflow Kit
B16: FJ5ANXB30L00 | C16: CFJ5ANXB30L00 | D16: =VLOOKUP(C16,'Paste bid here'!A:F,4,FALSE) -> #N/A
B17: FJ5ANXB36L00 | C17: CFJ5ANXB36L00 | D17: =VLOOKUP(C17,'Paste bid here'!A:F,4,FALSE) -> #N/A
B18: FJ5ANXC42L00 | C18: CFJ5ANXC42L00 | D18: =VLOOKUP(C18,'Paste bid here'!A:F,4,FALSE) -> #N/A
B19: FJ5ANXC48L00 | C19: CFJ5ANXC48L00 | D19: =VLOOKUP(C19,'Paste bid here'!A:F,4,FALSE) -> #N/A
B20: FJ5ANXD60L00 | C20: CFJ5ANXD60L00 | D20: =VLOOKUP(C20,'Paste bid here'!A:F,4,FALSE) -> #N/A
A21: UNITARY STRIP HEAT FOR FJ, FT, FE4 & FE5 FAN COILS | B21: FF-2401C05 | C21: TFF2401C05 | D21: =VLOOKUP(C21,'Paste bid here'!A:F,4,FALSE) -> #N/A | E21: 5kW sizes 24-60
B22: FF-2501C08 | C22: TFF2501C08 | D22: =VLOOKUP(C22,'Paste bid here'!A:F,4,FALSE) -> #N/A | E22: 8kW sizes 24-60
B23: FF-2601C10 | C23: TFF2601C10 | D23: =VLOOKUP(C23,'Paste bid here'!A:F,4,FALSE) -> #N/A | E23: 10kW sizes 24-60
B24: FF-3101C15 | C24: TFF3101C15 | D24: =VLOOKUP(C24,'Paste bid here'!A:F,4,FALSE) -> #N/A | E24: 15kW sizes 24-60
B25: FF-3301C20 | C25: TFF3301C20 | D25: =VLOOKUP(C25,'Paste bid here'!A:F,4,FALSE) -> #N/A | E25: 20kW sizes 30-60
B26: FF-8401C05 | C26: TFF8401C05 | D26: =VLOOKUP(C26,'Paste bid here'!A:F,4,FALSE) -> #N/A | E26: 5kW size 18 ONLY
B27: FF-8501C08 | C27: TFF8501C08 | D27: =VLOOKUP(C27,'Paste bid here'!A:F,4,FALSE) -> #N/A | E27: 10kW size 18 ONLY
B28: FF-8601C10 | C28: TFF8601C10 | D28: =VLOOKUP(C28,'Paste bid here'!A:F,4,FALSE) -> #N/A | E28: 15kW size 18 ONLY
A29: Downflow Kits - Unitary Fan Coils | B29: KFADC0201SLP | C29: CKFADC0201SLP | D29: =VLOOKUP(C29,'Paste bid here'!A:F,4,FALSE) -> #N/A | E29: Downflow Kit - Slope Coil, FJ5 18-24, FE5/FT5 36
B30: KFADC0401ACL | C30: CKFADC0401ACL | D30: =VLOOKUP(C30,'Paste bid here'!A:F,4,FALSE) -> #N/A | E30: Downflow Kit - A Coil, FJ5 30-60, FE5/FT5 24,48,60
A31: CROSSOVER FAN COILS & HEAT STRIP KITS
A32: R454B CROSSOVER FAN COIL FOR USE W/ 37MUHA | B32: 45MUHAQ24XX3 | C32: C45MUHAQ24XX3 | D32: =VLOOKUP(C32,'Paste bid here'!A:F,4,FALSE) -> #N/A | E32: *Use EHKMD model heat strips
B33: 45MUHAQ36XX3 | C33: C45MUHAQ36XX3 | D33: =VLOOKUP(C33,'Paste bid here'!A:F,4,FALSE) -> #N/A | E33: *MODULAR 2 PIECE CABINET DESIGN
B34: 45MUHAQ60XX3 | C34: C45MUHAQ60XX3 | D34: =VLOOKUP(C34,'Paste bid here'!A:F,4,FALSE) -> #N/A | E34: *4" MEDIA FILTER RACK INCLUDED
E35: *5 TON FAN COIL IS 21" WIDTH
A36: R454B CROSSOVER FAN COIL FOR USE W/ 37MURA/37MUHA | B36: 45MUAAQ18XX3 | C36: C45MUAAQ18XX3 | D36: =VLOOKUP(C36,'Paste bid here'!A:F,4,FALSE) -> #N/A | E36: *SINGLE PIECE CABINET DESIGN
B37: 45MUAAQ24XX3 | C37: C45MUAAQ24XX3 | D37: =VLOOKUP(C37,'Paste bid here'!A:F,4,FALSE) -> #N/A | E37: *Use EHKMC model heat strips
B38: 45MUAAQ30XX3 | C38: C45MUAAQ30XX3 | D38: =VLOOKUP(C38,'Paste bid here'!A:F,4,FALSE) -> #N/A
B39: 45MUAAQ36XX3 | C39: C45MUAAQ36XX3 | D39: =VLOOKUP(C39,'Paste bid here'!A:F,4,FALSE) -> #N/A
B40: 45MUAAQ48XX3 | C40: C45MUAAQ48XX3 | D40: =VLOOKUP(C40,'Paste bid here'!A:F,4,FALSE) -> #N/A
B41: 45MUAAQ60XX3 | C41: C45MUAAQ60XX3 | D41: =VLOOKUP(C41,'Paste bid here'!A:F,4,FALSE) -> #N/A
A42: R454B DUCTED DUCTLESS FAN COIL FOR USE W/ 37MAHA | B42: 45MBAAQ18XB3 | C42: C45MBAAQ18XB3 | D42: =VLOOKUP(C42,'Paste bid here'!A:F,4,FALSE) -> #N/A | E42: *BLOWER POWERED FROM OUTDOOR UNIT
B43: 45MBAAQ24XB3 | C43: C45MBAAQ24XB3 | D43: =VLOOKUP(C43,'Paste bid here'!A:F,4,FALSE) -> #N/A | E43: *Use CEHKMC model heat strips
B44: 45MBAAQ36XB3 | C44: C45MBAAQ36XB3 | D44: =VLOOKUP(C44,'Paste bid here'!A:F,4,FALSE) -> #N/A
A46: Heat Strips for 45MUHA FAN COILS | B46: EHKMD05KN | C46: CEHKMD05KN | D46: =VLOOKUP(C46,'Paste bid here'!A:F,4,FALSE) -> #N/A | E46: 5kW for sizes 24K-36K
B47: EHKMD08KN | C47: CEHKMD08KN | D47: =VLOOKUP(C47,'Paste bid here'!A:F,4,FALSE) -> #N/A | E47: 8kW for sizes 24K-36K
B48: EHKMD10KN | C48: CEHKMD10KN | D48: =VLOOKUP(C48,'Paste bid here'!A:F,4,FALSE) -> #N/A | E48: 10kW for sizes 24K, 36K, 60K
B49: EHKMD15KN | C49: CEHKMD15KN | D49: =VLOOKUP(C49,'Paste bid here'!A:F,4,FALSE) -> #N/A | E49: 15kW for sizes 24K, 36K, 60K
B50: EHKMD20KN | C50: CEHKMD20KN | D50: =VLOOKUP(C50,'Paste bid here'!A:F,4,FALSE) -> #N/A | E50: 20kW for sizes 36K-60K
B51: EHKMD25KN | C51: CEHKMD25KN | D51: =VLOOKUP(C51,'Paste bid here'!A:F,4,FALSE) -> #N/A | E51: 25kW for size 60K ONLY
A52: Heat Strips for 45MBAA/45MUAA FAN COILS | B52: EHKMC05KN | C52: CEHKMC05KN | D52: =VLOOKUP(C52,'Paste bid here'!A:F,4,FALSE) -> #N/A | E52: 5kW for sizes 18K-36K
B53: EHKMC08KN | C53: CEHKMC08KN | D53: =VLOOKUP(C53,'Paste bid here'!A:F,4,FALSE) -> #N/A | E53: 8kW for sizes 18K-48K
B54: EHKMC10KN | C54: CEHKMC10KN | D54: =VLOOKUP(C54,'Paste bid here'!A:F,4,FALSE) -> #N/A | E54: 10kW for sizes 18K-60K
B55: EHKMC15KN | C55: CEHKMC15KN | D55: =VLOOKUP(C55,'Paste bid here'!A:F,4,FALSE) -> #N/A | E55: 15kW for sizes 24K-60K
B56: EHKMC20KN | C56: CEHKMC20KN | D56: =VLOOKUP(C56,'Paste bid here'!A:F,4,FALSE) -> #N/A | E56: 20kW for sizes 36K-60K
B57: EHKMC25KN | C57: CEHKMC25KN | D57: =VLOOKUP(C57,'Paste bid here'!A:F,4,FALSE) -> #N/A | E57: 25kW for size 60K ONLY

Sheet EVAP COILS
B1: EVAP COILS
E2: 46000
B3: Part Number | C3: Ferguson Part Number | D3: Price
A4: R454B UPFLOW / DOWNFLOW CASED V COIL | B4: CVAVA1814XMA | C4: CCVAVA1814XMA | D4: =VLOOKUP(C4,'Paste bid here'!A:F,4,FALSE) -> #N/A
B5: CVAVA1917XMA | C5: CCVAVA1917XMA | D5: =VLOOKUP(C5,'Paste bid here'!A:F,4,FALSE) -> #N/A
B6: CVAVA2414XMA | C6: CCVAVA2414XMA | D6: =VLOOKUP(C6,'Paste bid here'!A:F,4,FALSE) -> #N/A
B7: CVAVA2417XMA | C7: CCVAVA2417XMA | D7: =VLOOKUP(C7,'Paste bid here'!A:F,4,FALSE) -> #N/A
B8: CVAVA2514XMA | C8: CCVAVA2514XMA | D8: =VLOOKUP(C8,'Paste bid here'!A:F,4,FALSE) -> #N/A
B9: CVAVA2517XMA | C9: CCVAVA2517XMA | D9: =VLOOKUP(C9,'Paste bid here'!A:F,4,FALSE) -> #N/A
B10: CVAVA3014XMA | C10: CCVAVA3014XMA | D10: =VLOOKUP(C10,'Paste bid here'!A:F,4,FALSE) -> #N/A
B11: CVAVA3017XMA | C11: CCVAVA3017XMA | D11: =VLOOKUP(C11,'Paste bid here'!A:F,4,FALSE) -> #N/A
B12: CVAVA3117XMA | C12: CCVAVA3117XMA | D12: =VLOOKUP(C12,'Paste bid here'!A:F,4,FALSE) -> #N/A
B13: CVAVA3617XMA | C13: CCVAVA3617XMA | D13: =VLOOKUP(C13,'Paste bid here'!A:F,4,FALSE) -> #N/A
B14: CVAVA3621XMA | C14: CCVAVA3621XMA | D14: =VLOOKUP(C14,'Paste bid here'!A:F,4,FALSE) -> #N/A
B15: CVAVA3721XMA | C15: CCVAVA3721XMA | D15: =VLOOKUP(C15,'Paste bid here'!A:F,4,FALSE) -> #N/A
B16: CVAVA3817XMA | C16: CCVAVA3817XMA | D16: =VLOOKUP(C16,'Paste bid here'!A:F,4,FALSE) -> #N/A
... B26: CVAVA6124XMA | C26: CCVAVA6124XMA | D26: =VLOOKUP(C26,'Paste bid here'!A:F,4,FALSE) -> #N/A
A27: R454B MULTIPOISE CASED V COIL | B27: CVAMA2414XMA | C27: CCVAMA2414XMA | D27: =VLOOKUP(C27,'Paste bid here'!A:F,4,FALSE) -> #N/A
B28: CVAMA2417XMA | C28: CCVAMA2417XMA | D28: =VLOOKUP(C28,'Paste bid here'!A:F,4,FALSE) -> #N/A
B29: CVAMA2517XMA | C29: CCVAMA2517XMA | D29: =VLOOKUP(C29,'Paste bid here'!A:F,4,FALSE) -> #N/A
B30: CVAMA3017XMA | C30: CCVAMA3017XMA | D30: =VLOOKUP(C30,'Paste bid here'!A:F,4,FALSE) -> #N/A
B31: CVAMA3117XMA | C31: CCVAMA3117XMA | D31: =VLOOKUP(C31,'Paste bid here'!A:F,4,FALSE) -> #N/A
B32: CVAMA3217XMA | C32: CCVAMA3217XMA | D32: =VLOOKUP(C32,'Paste bid here'!A:F,4,FALSE) -> #N/A
B33: CVAMA3617XMA | C33: CCVAMA3617XMA | D33: =VLOOKUP(C33,'Paste bid here'!A:F,4,FALSE) -> #N/A
B34: CVAMA4221XMA | C34: CCVAMA4221XMA | D34: =VLOOKUP(C34,'Paste bid here'!A:F,4,FALSE) -> #N/A
B35: CVAMA4321XMA | C35: CCVAMA4321XMA | D35: =VLOOKUP(C35,'Paste bid here'!A:F,4,FALSE) -> #N/A
B36: CVAMA4421XMA | C36: CCVAMA4421XMA | D36: =VLOOKUP(C36,'Paste bid here'!A:F,4,FALSE) -> #N/A
B37: CVAMA4821XMA | C37: CCVAMA4821XMA | D37: =VLOOKUP(C37,'Paste bid here'!A:F,4,FALSE) -> #N/A
B38: CVAMA4921XMA | C38: CCVAMA4921XMA | D38: =VLOOKUP(C38,'Paste bid here'!A:F,4,FALSE) -> #N/A
B39: CVAMA6021XMA | C39: CCVAMA6021XMA | D39: =VLOOKUP(C39,'Paste bid here'!A:F,4,FALSE) -> #N/A
... B41: CVAMA6124XMA | C41: CCVAMA6124XMA | D41: =VLOOKUP(C41,'Paste bid here'!A:F,4,FALSE) -> #N/A
A42: R454B MULTIPOISE CASED A COIL | B42: CAAMP1917AMA | C42: CCAAMP1917AMA | D42: =VLOOKUP(C42,'Paste bid here'!A:F,4,FALSE) -> #N/A
B43: CAAMP2414AMA | C43: CCAAMP2414AMA | D43: =VLOOKUP(C43,'Paste bid here'!A:F,4,FALSE) -> #N/A
B44: CAAMP2417AMA | C44: CCAAMP2417AMA | D44: =VLOOKUP(C44,'Paste bid here'!A:F,4,FALSE) -> #N/A
B45: CAAMP2517AMA | C45: CCAAMP2517AMA | D45: =VLOOKUP(C45,'Paste bid here'!A:F,4,FALSE) -> #N/A
B46: CAAMP3014AMA | C46: CCAAMP3014AMA | D46: =VLOOKUP(C46,'Paste bid here'!A:F,4,FALSE) -> #N/A
B47: CAAMP3017AMA | C47: CCAAMP3017AMA | D47: =VLOOKUP(C47,'Paste bid here'!A:F,4,FALSE) -> #N/A
B48: CAAMP3617AMA | C48: CCAAMP3617AMA | D48: =VLOOKUP(C48,'Paste bid here'!A:F,4,FALSE) -> #N/A
B49: CAAMP3717AMA | C49: CCVAMA6021XMA | D49: =VLOOKUP(C49,'Paste bid here'!A:F,4,FALSE) -> #N/A
B50: CAAMP3721AMA | C50: CCAAMP3721AMA | D50: =VLOOKUP(C50,'Paste bid here'!A:F,4,FALSE) -> #N/A
B51: CAAMP4221AMA | C51: CCAAMP4221AMA | D51: =VLOOKUP(C51,'Paste bid here'!A:F,4,FALSE) -> #N/A
B52: CAAMP4321AMA | C52: CCAAMP4321AMA | D52: =VLOOKUP(C52,'Paste bid here'!A:F,4,FALSE) -> #N/A
B53: CAAMP4821AMA | C53: CCAAMP4821AMA | D53: =VLOOKUP(C53,'Paste bid here'!A:F,4,FALSE) -> #N/A
B54: CAAMP6024AMA | C54: CCAAMP6024AMA | D54: =VLOOKUP(C54,'Paste bid here'!A:F,4,FALSE) -> #N/A
... B56: CAAMP6124AMA | C56: CCAAMP6124AMA | D56: =VLOOKUP(C56,'Paste bid here'!A:F,4,FALSE) -> #N/A
A57: R454B HORIZONTAL ONLY CASED SLAB COIL | B57: CSAHP2412AMA | C57: CCSAHP2412AMA | D57: =VLOOKUP(C57,'Paste bid here'!A:F,4,FALSE) -> #N/A
B58: CSAHP3012AMA | C58: CCSAHP3012AMA | D58: =VLOOKUP(C58,'Paste bid here'!A:F,4,FALSE) -> #N/A
B59: CSAHP3612AMA | C59: CCSAHP3612AMA | D59: =VLOOKUP(C59,'Paste bid here'!A:F,4,FALSE) -> #N/A
B60: CSAHP4212AMA | C60: CCSAHP4212AMA | D60: =VLOOKUP(C60,'Paste bid here'!A:F,4,FALSE) -> #N/A
B61: CSAHP4812AMA | C61: CCSAHP4812AMA | D61: =VLOOKUP(C61,'Paste bid here'!A:F,4,FALSE) -> #N/A
B62: CSAHP6012AMA | C62: CCSAHP6012AMA | D62: =VLOOKUP(C62,'Paste bid here'!A:F,4,FALSE) -> #N/A
A63: R454B 45MULA COIL FOR USE WITH 37MURA/37MUHA HEAT PUMPS | B63: 45MULAQ24XAX | C63: C45MULAQ24XAX | D63: =VLOOKUP(C63,'Paste bid here'!A:F,4,FALSE) -> #N/A | E63: FOR USE WITH 37MUR AND 37MUH HEAT PUMPS
B64: 45MULAQ24XBX | C64: C45MULAQ24XBX | D64: =VLOOKUP(C64,'Paste bid here'!A:F,4,FALSE) -> #N/A
B65: 45MULAQ36XBX | C65: C45MULAQ36XBX | D65: =VLOOKUP(C65,'Paste bid here'!A:F,4,FALSE) -> #N/A
B66: 45MULAQ36XCX | C66: C45MULAQ36XCX | D66: =VLOOKUP(C66,'Paste bid here'!A:F,4,FALSE) -> #N/A
B67: 45MULAQ60XDX | C67: C45MULAQ60XDX | D67: =VLOOKUP(C67,'Paste bid here'!A:F,4,FALSE) -> #N/A
B68: 45MULAQ60XMX | C68: C45MULAQ60XMX | D68: =VLOOKUP(C68,'Paste bid here'!A:F,4,FALSE) -> #N/A
A69: R454B NAVA5 UNCASED MOBILE HOME COIL | B69: FOR USE W/ SMART COMFORT BY CARRIER FAN COILS
B71: NAVA53601CK | C71: INAVA53601CK | D71: =VLOOKUP(C71,'Paste bid here'!A:F,4,FALSE) -> #N/A | E71: 1.5-3T DNFL UNCSD ASSY COIL R454B
B72: NAVA54801CK | C72: INAVA54801CK | D72: =VLOOKUP(C72,'Paste bid here'!A:F,4,FALSE) -> #N/A | E72: 3.5-4T DNFL UNCSD ASSY COIL R454B
B73: NAVA56001CK | C73: INAVA56001CK | D73: =VLOOKUP(C73,'Paste bid here'!A:F,4,FALSE) -> #N/A | E73: 5T DNFL UNCSD ASSY COIL R454B
B74: INAXA50110TK | C74: INAXA50110TK | D74: =VLOOKUP(C74,'Paste bid here'!A:F,4,FALSE) -> #N/A | E74: R454B WIRE HARNESS KIT FOR FEVA AIR HANDLER

Sheet AIR CONDITIONERS
B1: AIR CONDITIONERS
E3: 46000
B4: Part Number | C4: Ferguson Part Number | D4: Price | E4: Product Category
A5: R454B EVOLUTION EXTREME V/S 21 SEER2 AC | B5: 191VAN02400W | C5: B191VAN02400W | D5: =VLOOKUP(C5,'Paste bid here'!A:F,4,FALSE) -> #N/A | E5: BEST
B6: 191VAN03600W | C6: B191VAN03600W | D6: =VLOOKUP(C6,'Paste bid here'!A:F,4,FALSE) -> #N/A
B7: 191VAN04800W | C7: B191VAN04800W | D7: =VLOOKUP(C7,'Paste bid here'!A:F,4,FALSE) -> #N/A
B8: 191VAN06000W | C8: B191VAN06000W | D8: =VLOOKUP(C8,'Paste bid here'!A:F,4,FALSE) -> #N/A
A9: R454B PREFERRED 18 SEER2 2-STAGE AC | B9: 148TAN02400W | C9: B148TAN02400W | D9: =VLOOKUP(C9,'Paste bid here'!A:F,4,FALSE) -> #N/A | E9: BETTER
B10: 148TAN03600W | C10: B148TAN03600W | D10: =VLOOKUP(C10,'Paste bid here'!A:F,4,FALSE) -> #N/A
B11: 148TAN04800W | C11: B148TAN04800W | D11: =VLOOKUP(C11,'Paste bid here'!A:F,4,FALSE) -> #N/A
B12: 148TAN06000W | C12: B148TAN06000W | D12: =VLOOKUP(C12,'Paste bid here'!A:F,4,FALSE) -> #N/A
A13: R454B INTELISENSE PREFERRED SERIES 16 SEER2 / 1-STAGE AC | B13: 146SAN01800W | C13: B146SAN01800W | D13: =VLOOKUP(C13,'Paste bid here'!A:F,4,FALSE) -> #N/A
B14: 146SAN02400W | C14: B146SAN02400W | D14: =VLOOKUP(C14,'Paste bid here'!A:F,4,FALSE) -> #N/A
B15: 146SAN03000W | C15: B146SAN03000W | D15: =VLOOKUP(C15,'Paste bid here'!A:F,4,FALSE) -> #N/A
B16: 146SAN03600W | C16: B146SAN03600W | D16: =VLOOKUP(C16,'Paste bid here'!A:F,4,FALSE) -> #N/A
B17: 146SAN04200W | C17: B146SAN04200W | D17: =VLOOKUP(C17,'Paste bid here'!A:F,4,FALSE) -> #N/A
B18: 146SAN04800W | C18: B146SAN04800W | D18: =VLOOKUP(C18,'Paste bid here'!A:F,4,FALSE) -> #N/A
B19: 146SAN06000W | C19: B146SAN06000W | D19: =VLOOKUP(C19,'Paste bid here'!A:F,4,FALSE) -> #N/A
A20: R454B LEGACY SERIES 14 SEER / 1-STAGE AC | B20: 134SAN01800N | C20: B134SAN01800N | D20: =VLOOKUP(C20,'Paste bid here'!A:F,4,FALSE) -> #N/A | E20: GOOD
B21: 134SAN02400N | C21: B134SAN02400N | D21: =VLOOKUP(C21,'Paste bid here'!A:F,4,FALSE) -> #N/A
B22: 134SAN03000N | C22: B134SAN03000N | D22: =VLOOKUP(C22,'Paste bid here'!A:F,4,FALSE) -> #N/A
B23: 134SAN03600N | C23: B134SAN03600N | D23: =VLOOKUP(C23,'Paste bid here'!A:F,4,FALSE) -> #N/A
B24: 134SAN04200N | C24: B134SAN04200N | D24: =VLOOKUP(C24,'Paste bid here'!A:F,4,FALSE) -> #N/A
B25: 134SAN04800N | C25: B134SAN04800N | D25: =VLOOKUP(C25,'Paste bid here'!A:F,4,FALSE) -> #N/A
B26: 134SAN06000N | C26: B134SAN06000N | D26: =VLOOKUP(C26,'Paste bid here'!A:F,4,FALSE) -> #N/A

Sheet HEAT PUMPS
B1: HEAT PUMPS
E2: 46000
B3: Part Number | C3: Ferguson Part Number | D3: Price | E3: Product Category
A4: R454B EVOLUTION EXTREME 23 SEER2 / INVERTER HEAT PUMP | B4: 293VAN02400A | C4: B293VAN02400A | D4: =VLOOKUP(C4,'Paste bid here'!A:F,4,FALSE) -> #N/A | E4: BEST
B5: 293VAN03600A | C5: B293VAN03600A | D5: =VLOOKUP(C5,'Paste bid here'!A:F,4,FALSE) -> #N/A
B6: 293VAN04800A | C6: B293VAN04800A | D6: =VLOOKUP(C6,'Paste bid here'!A:F,4,FALSE) -> #N/A
B7: 293VAN06000A | C7: B293VAN06000A | D7: =VLOOKUP(C7,'Paste bid here'!A:F,4,FALSE) -> #N/A
A8: R454B EVOLUTION EXTREME 20 SEEER2 / VARIABLE INVERTER HEAT PUMP | B8: 290VAN02400A | C8: B290VAN02400A | D8: =VLOOKUP(C8,'Paste bid here'!A:F,4,FALSE) -> #N/A
B9: 290VAN03600A | C9: B290VAN03600A | D9: =VLOOKUP(C9,'Paste bid here'!A:F,4,FALSE) -> #N/A
B10: 290VAN04800A | C10: B290VAN04800A | D10: =VLOOKUP(C10,'Paste bid here'!A:F,4,FALSE) -> #N/A
B11: 290VAN06000A | C11: B290VAN06000A | D11: =VLOOKUP(C11,'Paste bid here'!A:F,4,FALSE) -> #N/A
A12: CROSSOVER HEAT PUMP R454B HIGH HEAT PREFERRED SERIES 18 SEER INVERTER | B12: 37MUHAQ18AA3 | C12: C37MUHAQ18AA3 | D12: =VLOOKUP(C12,'Paste bid here'!A:F,4,FALSE) -> #N/A | E12: BETTER
B13: 37MUHAQ24AA3 | C13: C37MUHAQ24AA3 | D13: =VLOOKUP(C13,'Paste bid here'!A:F,4,FALSE) -> #N/A
B14: 37MUHAQ30AA3 | C14: C37MUHAQ30AA3 | D14: =VLOOKUP(C14,'Paste bid here'!A:F,4,FALSE) -> #N/A
B15: 37MUHAQ36AA3 | C15: C37MUHAQ36AA3 | D15: =VLOOKUP(C15,'Paste bid here'!A:F,4,FALSE) -> #N/A
B16: 37MUHAQ48AA3 | C16: C37MUHAQ48AA3 | D16: =VLOOKUP(C16,'Paste bid here'!A:F,4,FALSE) -> #N/A
B17: 37MUHAQ60AA3 | C17: C37MUHAQ60AA3 | D17: =VLOOKUP(C17,'Paste bid here'!A:F,4,FALSE) -> #N/A
A18: R454B INTELISENSE PREFERRED SERIES 18 SEER2 / 2-STAGE HEAT PUMP | B18: 248TAN02400A | C18: B248TAN02400A | D18: =VLOOKUP(C18,'Paste bid here'!A:F,4,FALSE) -> #N/A
B19: 248TAN03600A | C19: B248TAN03600A | D19: =VLOOKUP(C19,'Paste bid here'!A:F,4,FALSE) -> #N/A
B20: 248TAN04800A | C20: B248TAN04800A | D20: =VLOOKUP(C20,'Paste bid here'!A:F,4,FALSE) -> #N/A
B21: 248TAN06000A | C21: B248TAN06000A | D21: =VLOOKUP(C21,'Paste bid here'!A:F,4,FALSE) -> #N/A
A22: R454B INTELISENSE PREFERRED SERIES 16 SEER2 / 1-STAGE HEAT PUMP | B22: 246SAN01800A | C22: B246SAN01800A | D22: =VLOOKUP(C22,'Paste bid here'!A:F,4,FALSE) -> #N/A
B23: 246SAN02400A | C23: B246SAN02400A | D23: =VLOOKUP(C23,'Paste bid here'!A:F,4,FALSE) -> #N/A
B24: 246SAN03000A | C24: B246SAN03000A | D24: =VLOOKUP(C24,'Paste bid here'!A:F,4,FALSE) -> #N/A
B25: 246SAN03600A | C25: B246SAN03600A | D25: =VLOOKUP(C25,'Paste bid here'!A:F,4,FALSE) -> #N/A
B26: 246SAN04200A | C26: B246SAN04200A | D26: =VLOOKUP(C26,'Paste bid here'!A:F,4,FALSE) -> #N/A
B27: 246SAN04800A | C27: B246SAN04800A | D27: =VLOOKUP(C27,'Paste bid here'!A:F,4,FALSE) -> #N/A
B28: 246SAN06000A | C28: B246SAN06000A | D28: =VLOOKUP(C28,'Paste bid here'!A:F,4,FALSE) -> #N/A
A29: CROSSOVER HEAT PUMP R454B REGULAR HEAT LEGACY SERIES 18 SEER INVERTER | B29: 37MURAQ18AA3 | C29: C37MURAQ18AA3 | D29: =VLOOKUP(C29,'Paste bid here'!A:F,4,FALSE) -> #N/A | E29: GOOD
B30: 37MURAQ24AA3 | C30: C37MURAQ24AA3 | D30: =VLOOKUP(C30,'Paste bid here'!A:F,4,FALSE) -> #N/A
B31: 37MURAQ30AA3 | C31: C37MURAQ30AA3 | D31: =VLOOKUP(C31,'Paste bid here'!A:F,4,FALSE) -> #N/A
B32: 37MURAQ36AA3 | C32: C37MURAQ36AA3 | D32: =VLOOKUP(C32,'Paste bid here'!A:F,4,FALSE) -> #N/A
B33: 37MURAQ48AA3 | C33: C37MURAQ48AA3 | D33: =VLOOKUP(C33,'Paste bid here'!A:F,4,FALSE) -> #N/A
B34: 37MURAQ60AA3 | C34: C37MURAQ60AA3 | D34: =VLOOKUP(C34,'Paste bid here'!A:F,4,FALSE) -> #N/A
A35: R454B LEGACY SERIES 16 SEER2 / 1-STAGE HEAT PUMP | B35: 235SAN01800A | C35: B235SAN01800A | D35: =VLOOKUP(C35,'Paste bid here'!A:F,4,FALSE) -> #N/A
B36: 235SAN02400A | C36: B235SAN02400A | D36: =VLOOKUP(C36,'Paste bid here'!A:F,4,FALSE) -> #N/A
B37: 235SAN03000A | C37: B235SAN03000A | D37: =VLOOKUP(C37,'Paste bid here'!A:F,4,FALSE) -> #N/A
B38: 235SAN03600A | C38: B235SAN03600A | D38: =VLOOKUP(C38,'Paste bid here'!A:F,4,FALSE) -> #N/A
B39: 235SAN04200A | C39: B235SAN04200A | D39: =VLOOKUP(C39,'Paste bid here'!A:F,4,FALSE) -> #N/A
B40: 235SAN04800A | C40: B235SAN04800A | D40: =VLOOKUP(C40,'Paste bid here'!A:F,4,FALSE) -> #N/A
B41: 235SAN06000A | C41: B235SAN06000A | D41: =VLOOKUP(C41,'Paste bid here'!A:F,4,FALSE) -> #N/A
A42: R454B COMFORT SERIES 460v/3 PHASE / 15 SEER2 1-STAGE HP | B42: 27SCA536A006 | C42: C27SCA536A006 | D42: =VLOOKUP(C42,'Paste bid here'!A:F,4,FALSE) -> #N/A | E42: CARRIER COMMERCIAL 3-PHASE
B43: 27SCA548A006 | C43: C27SCA548A006 | D43: =VLOOKUP(C43,'Paste bid here'!A:F,4,FALSE) -> #N/A
B44: 27SCA560A006 | C44: C27SCA560A006 | D44: =VLOOKUP(C44,'Paste bid here'!A:F,4,FALSE) -> #N/A
A45: R454B COMFORT SERIES 208v/3 PHASE / 15 SEER2 1-STAGE HP | B45: 27SCA536A005 | C45: C27SCA536A005 | D45: =VLOOKUP(C45,'Paste bid here'!A:F,4,FALSE) -> #N/A
B46: 27SCA548A005 | C46: C27SCA548A005 | D46: =VLOOKUP(C46,'Paste bid here'!A:F,4,FALSE) -> #N/A
B47: 27SCA560A005 | C47: C27SCA560A005 | D47: =VLOOKUP(C47,'Paste bid here'!A:F,4,FALSE) -> #N/A
A48: DUCTED DUCTLESS HEAT PUMPS - FOR USE WITH 45MBAA FAN COILS
A49: DUCTED DUCTLESS HEAT PUMP R454B PERFORMANCE SERIES 18 SEER INVERTER | B49: 37MAHAQ18AA3 | C49: C37MAHAQ18AA3 | D49: =VLOOKUP(C49,'Paste bid here'!A:F,4,FALSE) -> #N/A | E49: FOR USE WITH 45MBAA FAN COILS
B50: 37MAHAQ24AA3 | C50: C37MAHAQ24AA3 | D50: =VLOOKUP(C50,'Paste bid here'!A:F,4,FALSE) -> #N/A
B51: 37MAHAQ33AA3 | C51: C37MAHAQ33AA3 | D51: =VLOOKUP(C51,'Paste bid here'!A:F,4,FALSE) -> #N/A

Sheet ACCESSORIES
B1: ACCESSORIES
E3: 46000
B4: Part Number | C4: Ferguson Part Number | D4: Price | E4: Product Description
A5: Evolution System Controls | B5: SYSTXBBECC01-B | C5: BSYSTXBBECC01C | D5: =VLOOKUP(C5,'Paste bid here'!A:F,4,FALSE) -> #N/A | E5: Evolution Control - Black
B6: SYSTXBBWEC01-B | C6: BSYSTXBBWEC01C | D6: =VLOOKUP(C6,'Paste bid here'!A:F,4,FALSE) -> #N/A | E6: Evolution Control - White
B7: TSTATBBEWF01 | C7: BTSTATBBEWF01 | D7: =VLOOKUP(C7,'Paste bid here'!A:F,4,FALSE) -> #N/A | E7: Bryant Smart Wifi Non-Communicating Thermostat
B8: SYSTXBB4ZC01 | C8: BSYSTXBB4ZC01 | D8: =VLOOKUP(C8,'Paste bid here'!A:F,4,FALSE) -> #N/A | E8: Evolution Damper Control Module
B9: SYSTXBBNIM01 | C9: BSYSTXBBNIM01 | D9: =VLOOKUP(C9,'Paste bid here'!A:F,4,FALSE) -> #N/A | E9: Evolution NIM Module
B10: SYSTXZNSMS01 | C10: CSYSTXZNSMS01 | D10: =VLOOKUP(C10,'Paste bid here'!A:F,4,FALSE) -> #N/A | E10: Evolution Smart Sensor
A11: ECOBEE STATS | B11: EBSTATE7P-01 | C11: REBSTATE7P01 | D11: =VLOOKUP(C11,'Paste bid here'!A:F,4,FALSE) -> #N/A | E11: Ecobee 7 Lite Pro - Replaced Ecobee 3 Lite
B12: EB-BSTATE7IBR-01 | C12: BEBSTATE7IBR01 | D12: =VLOOKUP(C12,'Paste bid here'!A:F,4,FALSE) -> #N/A | E12: Ecobee 7 Lite Pro - Bryant Branded - Intellisense
B13: EB-STATE7PB01 | C13: EEBSTATE7PB01 | D13: =VLOOKUP(C13,'Paste bid here'!A:F,4,FALSE) -> #N/A | E13: Ecobee 7 Lite Pro - Builder Model
B14: EB-STATE3LTIBR-01 | C14: BEBSTATE3LTIBR01 | D14: =VLOOKUP(C14,'Paste bid here'!A:F,4,FALSE) -> #N/A | E14: Ecobee 3 Lite Pro Bryant Branded - Intellisense - (limited stock)
B15: EB-STATE6P-01 | C15: REBSTATE6P01 | D15: =VLOOKUP(C15,'Paste bid here'!A:F,4,FALSE) -> #N/A | E15: Ecboee Premium Control w/ Smart Sensor
B16: EB-STATE6IBR-01 | C16: BEBSTATE6IBR01 | D16: =VLOOKUP(C16,'Paste bid here'!A:F,4,FALSE) -> #N/A | E16: Ecobee Premium - Bryant Branded - Intellisense
B17: EB-STATE6LP-01 | C17: REBSTATE6LP01 | D17: =VLOOKUP(C17,'Paste bid here'!A:F,4,FALSE) -> #N/A | E17: Ecobee Enhanced Control
B18: EB-STATE6PB01 | C18: EEBSTATE6PB01 | D18: =VLOOKUP(C18,'Paste bid here'!A:F,4,FALSE) -> #N/A | E18: Ecobee Premium - Builder Model
B19: EB-RSHM2PK-01 | C19: REBRSHM2PK01 | D19: =VLOOKUP(C19,'Paste bid here'!A:F,4,FALSE) -> #N/A | E19: Ecobee Wireless Smart Sensors
A20: CARRIER EDGE 2-WIRE STATS | B20: 33CS2PP2S03 | C20: C33CS2PP2S03 | D20: =VLOOKUP(C20,'Paste bid here'!A:F,4,FALSE) -> #N/A | E20: EDGE PRO 2H/2C PROG. STAT
B21: 33CS2PPRH03 | C21: C33CS2PPRH03 | D21: =VLOOKUP(C21,'Paste bid here'!A:F,4,FALSE) -> #N/A | E21: EDGE PRO PROG. STAT WITH HUMIDITY CONTROL
A22: RGF AIR PURIFICATION | B22: REMELEDAS | C22: RREMELEDAS | D22: =VLOOKUP(C22,'Paste bid here'!A:F,4,FALSE) -> #N/A | E22: RGF LED AIR PURIFIER
B23: REMEH | C23: RREMEHT | D23: =VLOOKUP(C23,'Paste bid here'!A:F,4,FALSE) -> #N/A | E23: RGF UV AIR PURIFIER
B24: ZEROH4ACT | C24: RZEROH4ACT | D24: =VLOOKUP(C24,'Paste bid here'!A:F,4,FALSE) -> #N/A | E24: RGF ZERO OZONE AIR PURIFIER
B25: SPLITHVACPHI230 | C25: ARFSPLITHVACPHI230 | D25: =VLOOKUP(C25,'Paste bid here'!A:F,4,FALSE) -> #N/A | E25: RGF MINI SPLIT AIR PURIFIER
B26: CLEARSKYMS | C26: ARFCLEARSKYMS | D26: =VLOOKUP(C26,'Paste bid here'!A:F,4,FALSE) -> #N/A | E26: RGF MINI SPLIT AIR PURIFIER-BUDGET OPTION
B27: RPHIPKG524V | C27: RPHIPKG524V | D27: =VLOOKUP(C27,'Paste bid here'!A:F,4,FALSE) -> #N/A | E27: RGF DUCT MOUNTED 5" COMM AIR PURIFICATION SYSTEM
B28: RPHIPKG924V | C28: RPHIPKG924V | D28: =VLOOKUP(C28,'Paste bid here'!A:F,4,FALSE) -> #N/A | E28: RGF DUCT MOUNTED 9" COMM AIR PURIFICATION SYSTEM
B29: CLEARSKYDM | C29: RCLEARSKYDM | D29: =VLOOKUP(C29,'Paste bid here'!A:F,4,FALSE) -> #N/A | E29: RGF DUCT MOUNTED AIR PURIFIER-BUDGET OPTION
A30: AERUS AIR SCRUBBERS | B30: 9960051 | C30: A9960051 | D30: =VLOOKUP(C30,'Paste bid here'!A:F,4,FALSE) -> #N/A | E30: AIR SCRUBBER PURIFIER - OZONE
B31: 9960052 | C31: A9960052 | D31: =VLOOKUP(C31,'Paste bid here'!A:F,4,FALSE) -> #N/A | E31: AIR SCRUBBER PURIFIER - NO OZONE
B32: 00811 | C32: A00811 | D32: =VLOOKUP(C32,'Paste bid here'!A:F,4,FALSE) -> #N/A | E32: LAUNDRY PRO 3.0
B33: 00693 | C33: A00693 | D33: =VLOOKUP(C33,'Paste bid here'!A:F,4,FALSE) -> #N/A | E33: PLUG IN WALL OUTLET PURIFIER - 250 SQ FT
B34: 00746 | C34: A00746 | D34: =VLOOKUP(C34,'Paste bid here'!A:F,4,FALSE) -> #N/A | E34: PURE & CLEAN - STAND ALONE PURIFIER - 2000 SQ FT
A35: Evolution Air Purifiers | B35: DGAPAXX1620 | C35: CDGAPAXX1620 | D35: =VLOOKUP(C35,'Paste bid here'!A:F,4,FALSE) -> #N/A | E35: Evolution Air Purifier 16x20
B36: DGAPAXX1625 | C36: CDGAPAXX1625 | D36: =VLOOKUP(C36,'Paste bid here'!A:F,4,FALSE) -> #N/A | E36: Evolution Air Purifier 16x25
B37: DGAPAXX2020 | C37: CDGAPAXX2020 | D37: =VLOOKUP(C37,'Paste bid here'!A:F,4,FALSE) -> #N/A | E37: Evolution Air Purifier 20x20
B38: DGAPAXX2025 | C38: CDGAPAXX2025 | D38: =VLOOKUP(C38,'Paste bid here'!A:F,4,FALSE) -> #N/A | E38: Evolution Air Purifier 20x25
B39: DGAPAXX2420 | C39: CDGAPAXX2420 | D39: =VLOOKUP(C39,'Paste bid here'!A:F,4,FALSE) -> #N/A | E39: Evolution Air Purifier 24x20
A40: ELECTRONIC AIR CLEANERS | B40: F300E1001 | C40: HF300E1001 | D40: =VLOOKUP(C40,'Paste bid here'!A:F,4,FALSE) -> #N/A | E40: (16X20, 1200 CFM
A41: RGF AIR PURIFICATION | B41: F300E1019 | C41: HF300E1019 | D41: =VLOOKUP(C41,'Paste bid here'!A:F,4,FALSE) -> #N/A | E41: (16X25, 1400 CFM)
A42: RGF AIR PURIFICATION | B42: F300E1027 | C42: HF300E1027 | D42: =VLOOKUP(C42,'Paste bid here'!A:F,4,FALSE) -> #N/A | E42: (20X20, 1400 CFM)
A43: RGF AIR PURIFICATION | B43: F300E1035 | C43: HF300E1035 | D43: =VLOOKUP(C43,'Paste bid here'!A:F,4,FALSE) -> #N/A | E43: (20X25, 2000 CFM)
A44: HONEYWELL 4" MEDIA AIR CLEANERS | B44: F100F1620 | C44: HF100F1620 | D44: =VLOOKUP(C44,'Paste bid here'!A:F,4,FALSE) -> #N/A | E44: (16X20X4")
A45: RGF AIR PURIFICATION | B45: F100F1625 | C45: HF100F1625 | D45: =VLOOKUP(C45,'Paste bid here'!A:F,4,FALSE) -> #N/A | E45: (16X25X4")
A46: RGF AIR PURIFICATION | B46: F100F2020 | C46: HF100F2020 | D46: =VLOOKUP(C46,'Paste bid here'!A:F,4,FALSE) -> #N/A | E46: (20X20X4")
A47: RGF AIR PURIFICATION | B47: F100F2025 | C47: HF100F2025 | D47: =VLOOKUP(C47,'Paste bid here'!A:F,4,FALSE) -> #N/A | E47: (20X25X4")
A48: APRILAIRE 4" MEDIA AIR CLEANERS | B48: 1110 | C48: R1110 | D48: =VLOOKUP(C48,'Paste bid here'!A:F,4,FALSE) -> #N/A | E48: 16X20 MEDIA AIR CLEANER - MERV 11
A49: RGF AIR PURIFICATION | B49: 1210 | C49: R1210 | D49: =VLOOKUP(C49,'Paste bid here'!A:F,4,FALSE) -> #N/A | E49: 20X25 MEDIA AIR CLEANER - MERV 11
A50: RGF AIR PURIFICATION | B50: 1310 | C50: RES1310 | D50: =VLOOKUP(C50,'Paste bid here'!A:F,4,FALSE) -> #N/A | E50: 20X20 MEDIA AIR CLEANER - MERV 11
A51: RGF AIR PURIFICATION | B51: 1410 | C51: RES1410 | D51: =VLOOKUP(C51,'Paste bid here'!A:F,4,FALSE) -> #N/A | E51: 16X25 MEDIA AIR CLEANER - MERV 11
A52: BRYANT HUMIDIFIERS | B52: HUMCRSBP2412-A18 | C52: CHUMCRSBP2412-A18 | D52: =VLOOKUP(C52,'Paste bid here'!A:F,4,FALSE) -> #N/A | E52: Carrier Small Bypass 12 gal/day
A53: RGF AIR PURIFICATION | B53: HUMCRLBP2417-A12 | C53: CHUMCRLBP2417-A12 | D53: =VLOOKUP(C53,'Paste bid here'!A:F,4,FALSE) -> #N/A | E53: Carrier Large Bypass 17 gal/day
A54: RGF AIR PURIFICATION | B54: HUMCRLFP1518A12 | C54: CHUMCRLFP1518A12 | D54: =VLOOKUP(C54,'Paste bid here'!A:F,4,FALSE) -> #N/A | E54: Carrier Large Fan Powered 18 gal/day
A55: RGF AIR PURIFICATION | B55: HUMCRSTM3134 | C55: CHUMCRSTM3134 | D55: =VLOOKUP(C55,'Paste bid here'!A:F,4,FALSE) -> #N/A | E55: Carrier Steam Humidifier 34 gal/day
A56: Ductless Accessories | B56: KSACN0601AAA | C56: CKSACN0601AAA | D56: =VLOOKUP(C56,'Paste bid here'!A:F,4,FALSE) -> #N/A | E56: DLS Wired Control (Evolution & Legacy High wall)
B57: KSACN0701AAA | C57: CKSACN0701AAA | D57: =VLOOKUP(C57,'Paste bid here'!A:F,4,FALSE) -> #N/A | E57: DLS Wired Control (Preferred High Wall)
B58: KSACN0801AAA | C58: CKSACN0801AAA | D58: =VLOOKUP(C58,'Paste bid here'!A:F,4,FALSE) -> #N/A | E58: DLS Wired Control (Cassette, Console 18K & 24K, Ducted)
B59: KSACN1201AAA | C59: CKSACN1201AAA | D59: =VLOOKUP(C59,'Paste bid here'!A:F,4,FALSE) -> #N/A | E59: DLS R454B WIR REM CNTL
B60: KSACN1401AAA | C60: CKSACN1401AAA | D60: =VLOOKUP(C60,'Paste bid here'!A:F,4,FALSE) -> #N/A | E60: DLS R454B WIR REM CNTL
B61: 17401204000769 | C61: R17401204000769 | D61: =VLOOKUP(C61,'Paste bid here'!A:F,4,FALSE) -> #N/A | E61: 19' WIRE EXTENSION KIT
B62: KSAIF0101AAA | C62: CKSAIF0101AAA | D62: =VLOOKUP(C62,'Paste bid here'!A:F,4,FALSE) -> #N/A | E62: WiFi Kit - Legacy High Wall
B63: KSAIF0201AAA | C63: CKSAIF0201AAA | D63: =VLOOKUP(C63,'Paste bid here'!A:F,4,FALSE) -> #N/A | E63: WiFi Kit - Legacy 18K High Wall
B64: KSAIF0401AAA | C64: CKSAIF0401AAA | D64: =VLOOKUP(C64,'Paste bid here'!A:F,4,FALSE) -> #N/A | E64: WiFi Kit - Cassette, Console, Ducted
B65: KSAIF0601AAA | C65: CKSAIF0601AAA | D65: =VLOOKUP(C65,'Paste bid here'!A:F,4,FALSE) -> #N/A | E65: WiFi Kit - Preferred High Wall
B66: KSAIF0701AAA | C66: CKSAIF0701AAA | D66: =VLOOKUP(C66,'Paste bid here'!A:F,4,FALSE) -> #N/A | E66: R454B WI-FI KIT W/OTA
B67: KSAIC0301230 | C67: CKSAIC0301230 | D67: =VLOOKUP(C67,'Paste bid here'!A:F,4,FALSE) -> #N/A | E67: 24V Interface
B68: KSAIC0501230 | C68: CKSAIC0501230 | D68: =VLOOKUP(C68,'Paste bid here'!A:F,4,FALSE) -> #N/A | E68: 24V Interface - INDOOR/OUTDOOR
... B72: 331831701 | C72: R331831701 | D72: =VLOOKUP(C72,'Paste bid here'!A:F,4,FALSE) -> #N/A | E72: Straight Piping Adapter - Unitary Evaporator Coils
A73: ROUND ZONING DAMPERS | B73: CDAMPRND06INCB | C73: CDAMPRND06INCB | D73: =VLOOKUP(C73,'Paste bid here'!A:F,4,FALSE) -> #N/A
B74: CDAMPRND08INCB | C74: CDAMPRND08INCB | D74: =VLOOKUP(C74,'Paste bid here'!A:F,4,FALSE) -> #N/A
B75: CDAMPRND10INCB | C75: CDAMPRND10INCB | D75: =VLOOKUP(C75,'Paste bid here'!A:F,4,FALSE) -> #N/A
B76: CDAMPRND12INCB | C76: CDAMPRND12INCB | D76: =VLOOKUP(C76,'Paste bid here'!A:F,4,FALSE) -> #N/A
B77: CDAMPRND14INCB | C77: CDAMPRND14INCB | D77: =VLOOKUP(C77,'Paste bid here'!A:F,4,FALSE) -> #N/A
B78: CDAMPRND16INCB | C78: CDAMPRND16INCB | D78: =VLOOKUP(C78,'Paste bid here'!A:F,4,FALSE) -> #N/A
A79: RECTANGULAR BOTTOM MOUNT ZONING DAMPERS | B79: CDAMPSLB08X10B | C79: CDAMPSLB08X10B | D79: =VLOOKUP(C79,'Paste bid here'!A:F,4,FALSE) -> #N/A
B80: CDAMPSLB08X12B | C80: CDAMPSLB08X12B | D80: =VLOOKUP(C80,'Paste bid here'!A:F,4,FALSE) -> #N/A
B81: CDAMPSLB08X14B | C81: CDAMPSLB08X14B | D81: =VLOOKUP(C81,'Paste bid here'!A:F,4,FALSE) -> #N/A
B82: CDAMPSLB08X16B | C82: CDAMPSLB08X16B | D82: =VLOOKUP(C82,'Paste bid here'!A:F,4,FALSE) -> #N/A
B83: CDAMPSLB08X18B | C83: CDAMPSLB08X18B | D83: =VLOOKUP(C83,'Paste bid here'!A:F,4,FALSE) -> #N/A
B84: CDAMPSLB08X20B | C84: CDAMPSLB08X20B | D84: =VLOOKUP(C84,'Paste bid here'!A:F,4,FALSE) -> #N/A
B85: CDAMPSLB08X22B | C85: CDAMPSLB08X22B | D85: =VLOOKUP(C85,'Paste bid here'!A:F,4,FALSE) -> #N/A
B86: CDAMPSLB08X24B | C86: CDAMPSLB08X24B | D86: =VLOOKUP(C86,'Paste bid here'!A:F,4,FALSE) -> #N/A
B87: CDAMPSLB10X10B | C87: CDAMPSLB10X10B | D87: =VLOOKUP(C87,'Paste bid here'!A:F,4,FALSE) -> #N/A
B88: CDAMPSLB10X12B | C88: CDAMPSLB10X12B | D88: =VLOOKUP(C88,'Paste bid here'!A:F,4,FALSE) -> #N/A
B89: CDAMPSLB10X14B | C89: CDAMPSLB10X14B | D89: =VLOOKUP(C89,'Paste bid here'!A:F,4,FALSE) -> #N/A
B90: CDAMPSLB10X16B | C90: CDAMPSLB10X16B | D90: =VLOOKUP(C90,'Paste bid here'!A:F,4,FALSE) -> #N/A
B91: CDAMPSLB10X18B | C91: CDAMPSLB10X18B | D91: =VLOOKUP(C91,'Paste bid here'!A:F,4,FALSE) -> #N/A
... B104: CDAMPSLB16X20B | C104: CDAMPSLB16X20B | D104: =VLOOKUP(C104,'Paste bid here'!A:F,4,FALSE) -> #N/A
A105: RECTANGULAR SIDE MOUNT ZONING DAMPERS | B105: CDAMPSLS08X08B | C105: CDAMPSLS08X08B | D105: =VLOOKUP(C105,'Paste bid here'!A:F,4,FALSE) -> #N/A | E105: NOTE:
B106: CDAMPSLS08X16B | C106: CDAMPSLS08X16B | D106: =VLOOKUP(C106,'Paste bid here'!A:F,4,FALSE) -> #N/A | E106: *SIDE MOUNT ACTUATOR DAMPERS MAY BE FACTORY ORDER
B107: CDAMPSLS08X20B | C107: CDAMPSLS08X20B | D107: =VLOOKUP(C107,'Paste bid here'!A:F,4,FALSE) -> #N/A
B108: CDAMPSLS08X22B | C108: CDAMPSLS08X22B | D108: =VLOOKUP(C108,'Paste bid here'!A:F,4,FALSE) -> #N/A
B109: CDAMPSLS10X10B | C109: CDAMPSLS10X10B | D109: =VLOOKUP(C109,'Paste bid here'!A:F,4,FALSE) -> #N/A
B110: CDAMPSLS10X12B | C110: CDAMPSLS10X12B | D110: =VLOOKUP(C110,'Paste bid here'!A:F,4,FALSE) -> #N/A
B111: CDAMPSLS10X14B | C111: CDAMPSLS10X14B | D111: =VLOOKUP(C111,'Paste bid here'!A:F,4,FALSE) -> #N/A
B112: CDAMPSLS10X16B | C112: CDAMPSLS10X16B | D112: =VLOOKUP(C112,'Paste bid here'!A:F,4,FALSE) -> #N/A
B113: CDAMPSLS10X20B | C113: CDAMPSLS10X20B | D113: =VLOOKUP(C113,'Paste bid here'!A:F,4,FALSE) -> #N/A
B114: CDAMPSLS10X22B | C114: CDAMPSLS10X22B | D114: =VLOOKUP(C114,'Paste bid here'!A:F,4,FALSE) -> #N/A
B115: CDAMPSLS10X24B | C115: CDAMPSLS10X24B | D115: =VLOOKUP(C115,'Paste bid here'!A:F,4,FALSE) -> #N/A
B116: CDAMPSLS12X12B | C116: CDAMPSLS12X12B | D116: =VLOOKUP(C116,'Paste bid here'!A:F,4,FALSE) -> #N/A
...

Sheet MOBILE HOME APPROVED
B1: MOBILE HOME APPROVED
E3: 46000
B4: Part Number | C4: Ferguson PN | D4: Price
A5: GAS FURNACES
A6: LEGACY 96% 1-STAGE FURNACE | B6: 916SA30026M14 | C6: B916SA30026M14 | D6: =VLOOKUP(C6,'Paste bid here'!A:F,4,FALSE) -> #N/A
B7: 916SA30040M14 | C7: B916SA30040M14 | D7: =VLOOKUP(C7,'Paste bid here'!A:F,4,FALSE) -> #N/A
B8: 916SA36040M17 | C8: B916SA36040M17 | D8: =VLOOKUP(C8,'Paste bid here'!A:F,4,FALSE) -> #N/A
B9: 916SA36060M14 | C9: B916SA36060M14 | D9: =VLOOKUP(C9,'Paste bid here'!A:F,4,FALSE) -> #N/A
B10: 916SA48060M17 | C10: B916SA48060M17 | D10: =VLOOKUP(C10,'Paste bid here'!A:F,4,FALSE) -> #N/A
B11: 916SA48080M17 | C11: B916SA48080M17 | D11: =VLOOKUP(C11,'Paste bid here'!A:F,4,FALSE) -> #N/A
B12: 916SA60080M21 | C12: B916SA60080M21 | D12: =VLOOKUP(C12,'Paste bid here'!A:F,4,FALSE) -> #N/A
B13: 916SA60100M21 | C13: B916SA60100M21 | D13: =VLOOKUP(C13,'Paste bid here'!A:F,4,FALSE) -> #N/A
B14: 916SA66100M21 | C14: B916SA66100M21 | D14: =VLOOKUP(C14,'Paste bid here'!A:F,4,FALSE) -> #N/A
B15: 916SA66120M24 | C15: B916SA66120M24 | D15: =VLOOKUP(C15,'Paste bid here'!A:F,4,FALSE) -> #N/A
B16: 916SA66140M24 | C16: B916SA66140M24 | D16: =VLOOKUP(C16,'Paste bid here'!A:F,4,FALSE) -> #N/A
A17: 90% LP CONVERSION KIT | B17: AGAGC9NPS01D | C17: RAGAGC9NPS01E | D17: =VLOOKUP(C17,'Paste bid here'!A:F,4,FALSE) -> #N/A
A18: FAN COILS
A19: R454B PREFERRED SERIES VARIABLE SPEED FAN COIL | B19: FT5ANXB24L00 | C19: CFT5ANXB24L00 | D19: =VLOOKUP(C19,'Paste bid here'!A:F,4,FALSE) -> #N/A | E19: BETTER
B20: FT5ANBC36L00 | C20: CFT5ANBC36L00 | D20: =VLOOKUP(C20,'Paste bid here'!A:F,4,FALSE) -> #N/A
B21: FT5ANBC48L00 | C21: CFT5ANBC48L00 | D21: =VLOOKUP(C21,'Paste bid here'!A:F,4,FALSE) -> #N/A
B22: FT5ANBD60L00 | C22: CFT5ANBD60L00 | D22: =VLOOKUP(C22,'Paste bid here'!A:F,4,FALSE) -> #N/A
A23: R454B LEGACY SERIES FAN COIL | B23: FJ5ANXA18L00 | C23: CFJ5ANXA18L00 | D23: =VLOOKUP(C23,'Paste bid here'!A:F,4,FALSE) -> #N/A | E23: GOOD
B24: FJ5ANXB24L00 | C24: CFJ5ANXB24L00 | D24: =VLOOKUP(C24,'Paste bid here'!A:F,4,FALSE) -> #N/A
B25: FJ5ANXB30L00 | C25: CFJ5ANXB30L00 | D25: =VLOOKUP(C25,'Paste bid here'!A:F,4,FALSE) -> #N/A
B26: FJ5ANXB36L00 | C26: CFJ5ANXB36L00 | D26: =VLOOKUP(C26,'Paste bid here'!A:F,4,FALSE) -> #N/A
B27: FJ5ANXC42L00 | C27: CFJ5ANXC42L00 | D27: =VLOOKUP(C27,'Paste bid here'!A:F,4,FALSE) -> #N/A
B28: FJ5ANXC48L00 | C28: CFJ5ANXC48L00 | D28: =VLOOKUP(C28,'Paste bid here'!A:F,4,FALSE) -> #N/A
B29: FJ5ANXD60L00 | C29: CFJ5ANXD60L00 | D29: =VLOOKUP(C29,'Paste bid here'!A:F,4,FALSE) -> #N/A
A30: UNITARY STRIP HEAT FOR FJ & FT FAN COILS | B30: FF-2401C05 | C30: TFF2401C05 | D30: =VLOOKUP(C30,'Paste bid here'!A:F,4,FALSE) -> #N/A | E30: 5kW sizes 24-60
B31: FF-2501C08 | C31: TFF2501C08 | D31: =VLOOKUP(C31,'Paste bid here'!A:F,4,FALSE) -> #N/A | E31: 8kW sizes 24-60
B32: FF-2601C10 | C32: TFF2601C10 | D32: =VLOOKUP(C32,'Paste bid here'!A:F,4,FALSE) -> #N/A | E32: 10kW sizes 24-60
B33: FF-3101C15 | C33: TFF3101C15 | D33: =VLOOKUP(C33,'Paste bid here'!A:F,4,FALSE) -> #N/A | E33: 15kW sizes 24-60
B34: FF-3301C20 | C34: TFF3301C20 | D34: =VLOOKUP(C34,'Paste bid here'!A:F,4,FALSE) -> #N/A | E34: 20kW sizes 30-60
B35: FF-8401C05 | C35: TFF8401C05 | D35: =VLOOKUP(C35,'Paste bid here'!A:F,4,FALSE) -> #N/A | E35: 5kW size 18 ONLY
B36: FF-8501C08 | C36: TFF8501C08 | D36: =VLOOKUP(C36,'Paste bid here'!A:F,4,FALSE) -> #N/A | E36: 10kW size 18 ONLY
B37: FF-8601C10 | C37: TFF8601C10 | D37: =VLOOKUP(C37,'Paste bid here'!A:F,4,FALSE) -> #N/A | E37: 15kW size 18 ONLY
A38: Downflow Kits - Unitary Fan Coils | B38: KFADC0201SLP | C38: CKFADC0201SLP | D38: =VLOOKUP(C38,'Paste bid here'!A:F,4,FALSE) -> #N/A | E38: Downflow Kit - Slope Coil, FJ5 18-24, FE5/FT5 36
B39: KFADC0401ACL | C39: CKFADC0401ACL | D39: =VLOOKUP(C39,'Paste bid here'!A:F,4,FALSE) -> #N/A | E39: Downflow Kit - A Coil, FJ5 30-60, FE5/FT5 24,48,60
A40: EVAPORATOR COILS
A41: R454B UPFLOW / DOWNFLOW CASED V COIL | B41: CVAVA1814XMA | C41: CCVAVA1814XMA | D41: =VLOOKUP(C41,'Paste bid here'!A:F,4,FALSE) -> #N/A
B42: CVAVA1917XMA | C42: CCVAVA1917XMA | D42: =VLOOKUP(C42,'Paste bid here'!A:F,4,FALSE) -> #N/A
B43: CVAVA2414XMA | C43: CCVAVA2414XMA | D43: =VLOOKUP(C43,'Paste bid here'!A:F,4,FALSE) -> #N/A
B44: CVAVA2417XMA | C44: CCVAVA2417XMA | D44: =VLOOKUP(C44,'Paste bid here'!A:F,4,FALSE) -> #N/A
B45: CVAVA2514XMA | C45: CCVAVA2514XMA | D45: =VLOOKUP(C45,'Paste bid here'!A:F,4,FALSE) -> #N/A
B46: CVAVA2517XMA | C46: CCVAVA2517XMA | D46: =VLOOKUP(C46,'Paste bid here'!A:F,4,FALSE) -> #N/A
B47: CVAVA3014XMA | C47: CCVAVA3014XMA | D47: =VLOOKUP(C47,'Paste bid here'!A:F,4,FALSE) -> #N/A
B48: CVAVA3017XMA | C48: CCVAVA3017XMA | D48: =VLOOKUP(C48,'Paste bid here'!A:F,4,FALSE) -> #N/A
B49: CVAVA3117XMA | C49: CCVAVA3117XMA | D49: =VLOOKUP(C49,'Paste bid here'!A:F,4,FALSE) -> #N/A
B50: CVAVA3617XMA | C50: CCVAVA3617XMA | D50: =VLOOKUP(C50,'Paste bid here'!A:F,4,FALSE) -> #N/A
B51: CVAVA3621XMA | C51: CCVAVA3621XMA | D51: =VLOOKUP(C51,'Paste bid here'!A:F,4,FALSE) -> #N/A
B52: CVAVA3721XMA | C52: CCVAVA3721XMA | D52: =VLOOKUP(C52,'Paste bid here'!A:F,4,FALSE) -> #N/A
B53: CVAVA3817XMA | C53: CCVAVA3817XMA | D53: =VLOOKUP(C53,'Paste bid here'!A:F,4,FALSE) -> #N/A
... B63: CVAVA6124XMA | C63: CCVAVA6124XMA | D63: =VLOOKUP(C63,'Paste bid here'!A:F,4,FALSE) -> #N/A
A64: R454B MULTIPOISE CASED V COIL | B64: CVAMA2414XMA | C64: CCVAMA2414XMA | D64: =VLOOKUP(C64,'Paste bid here'!A:F,4,FALSE) -> #N/A
B65: CVAMA2417XMA | C65: CCVAMA2417XMA | D65: =VLOOKUP(C65,'Paste bid here'!A:F,4,FALSE) -> #N/A
B66: CVAMA2517XMA | C66: CCVAMA2517XMA | D66: =VLOOKUP(C66,'Paste bid here'!A:F,4,FALSE) -> #N/A
B67: CVAMA3017XMA | C67: CCVAMA3017XMA | D67: =VLOOKUP(C67,'Paste bid here'!A:F,4,FALSE) -> #N/A
B68: CVAMA3117XMA | C68: CCVAMA3117XMA | D68: =VLOOKUP(C68,'Paste bid here'!A:F,4,FALSE) -> #N/A
B69: CVAMA3217XMA | C69: CCVAMA3217XMA | D69: =VLOOKUP(C69,'Paste bid here'!A:F,4,FALSE) -> #N/A
B70: CVAMA3617XMA | C70: CCVAMA3617XMA | D70: =VLOOKUP(C70,'Paste bid here'!A:F,4,FALSE) -> #N/A
B71: CVAMA4221XMA | C71: CCVAMA4221XMA | D71: =VLOOKUP(C71,'Paste bid here'!A:F,4,FALSE) -> #N/A
B72: CVAMA4321XMA | C72: CCVAMA4321XMA | D72: =VLOOKUP(C72,'Paste bid here'!A:F,4,FALSE) -> #N/A
B73: CVAMA4421XMA | C73: CCVAMA4421XMA | D73: =VLOOKUP(C73,'Paste bid here'!A:F,4,FALSE) -> #N/A
B74: CVAMA4821XMA | C74: CCVAMA4821XMA | D74: =VLOOKUP(C74,'Paste bid here'!A:F,4,FALSE) -> #N/A
B75: CVAMA4921XMA | C75: CCVAMA4921XMA | D75: =VLOOKUP(C75,'Paste bid here'!A:F,4,FALSE) -> #N/A
B76: CVAMA6021XMA | C76: CCVAMA6021XMA | D76: =VLOOKUP(C76,'Paste bid here'!A:F,4,FALSE) -> #N/A
... B78: CVAMA6124XMA | C78: CCVAMA6124XMA | D78: =VLOOKUP(C78,'Paste bid here'!A:F,4,FALSE) -> #N/A
A79: R454B MULTIPOISE CASED A COIL | B79: CAAMP1917AMA | C79: CCAAMP1917AMA | D79: =VLOOKUP(C79,'Paste bid here'!A:F,4,FALSE) -> #N/A
B80: CAAMP2414AMA | C80: CCAAMP2414AMA | D80: =VLOOKUP(C80,'Paste bid here'!A:F,4,FALSE) -> #N/A
B81: CAAMP2417AMA | C81: CCAAMP2417AMA | D81: =VLOOKUP(C81,'Paste bid here'!A:F,4,FALSE) -> #N/A
B82: CAAMP2517AMA | C82: CCAAMP2517AMA | D82: =VLOOKUP(C82,'Paste bid here'!A:F,4,FALSE) -> #N/A
B83: CAAMP3014AMA | C83: CCAAMP3014AMA | D83: =VLOOKUP(C83,'Paste bid here'!A:F,4,FALSE) -> #N/A
B84: CAAMP3017AMA | C84: CCAAMP3017AMA | D84: =VLOOKUP(C84,'Paste bid here'!A:F,4,FALSE) -> #N/A
B85: CAAMP3617AMA | C85: CCAAMP3617AMA | D85: =VLOOKUP(C85,'Paste bid here'!A:F,4,FALSE) -> #N/A
B86: CAAMP3717AMA | C86: CCAAMP3717AMA | D86: =VLOOKUP(C86,'Paste bid here'!A:F,4,FALSE) -> #N/A
B87: CAAMP3721AMA | C87: CCAAMP3721AMA | D87: =VLOOKUP(C87,'Paste bid here'!A:F,4,FALSE) -> #N/A
B88: CAAMP4221AMA | C88: CCAAMP4221AMA | D88: =VLOOKUP(C88,'Paste bid here'!A:F,4,FALSE) -> #N/A
B89: CAAMP4321AMA | C89: CCAAMP4321AMA | D89: =VLOOKUP(C89,'Paste bid here'!A:F,4,FALSE) -> #N/A
B90: CAAMP4821AMA | C90: CCAAMP4821AMA | D90: =VLOOKUP(C90,'Paste bid here'!A:F,4,FALSE) -> #N/A
B91: CAAMP6024AMA | C91: CCAAMP6024AMA | D91: =VLOOKUP(C91,'Paste bid here'!A:F,4,FALSE) -> #N/A
... B93: CAAMP6124AMA | C93: CCAAMP6124AMA | D93: =VLOOKUP(C93,'Paste bid here'!A:F,4,FALSE) -> #N/A
A94: R454B NAVA5 UNCASED MOBILE HOME COIL | B94: FOR USE W/ SMART COMFORT BY CARRIER FAN COILS
B96: NAVA53601CK | C96: INAVA53601CK | D96: =VLOOKUP(C96,'Paste bid here'!A:F,4,FALSE) -> #N/A | E96: 1.5-3T DNFL UNCSD ASSY COIL R454B
B97: NAVA54801CK | C97: INAVA54801CK | D97: =VLOOKUP(C97,'Paste bid here'!A:F,4,FALSE) -> #N/A | E97: 3.5-4T DNFL UNCSD ASSY COIL R454B
B98: NAVA56001CK | C98: INAVA56001CK | D98: =VLOOKUP(C98,'Paste bid here'!A:F,4,FALSE) -> #N/A | E98: 5T DNFL UNCSD ASSY COIL R454B
B99: NAXA50110TK | C99: INAXA50110TK | D99: =VLOOKUP(C99,'Paste bid here'!A:F,4,FALSE) -> #N/A | E99: R454B WIRE HARNESS KIT 10 PACK
A100: AIR CONDITIONERS
A101: R454B PREFERRED 18 SEER2 2-STAGE AC | B101: 148TAN02400W | C101: B148TAN02400W | D101: =VLOOKUP(C101,'Paste bid here'!A:F,4,FALSE) -> #N/A | E101: BETTER
B102: 148TAN03600W | C102: B148TAN03600W | D102: =VLOOKUP(C102,'Paste bid here'!A:F,4,FALSE) -> #N/A
B103: 148TAN04800W | C103: B148TAN04800W | D103: =VLOOKUP(C103,'Paste bid here'!A:F,4,FALSE) -> #N/A
B104: 148TAN06000W | C104: B148TAN06000W | D104: =VLOOKUP(C104,'Paste bid here'!A:F,4,FALSE) -> #N/A
A105: R454B INTELISENSE PREFERRED SERIES 16 SEER2 / 1-STAGE AC | B105: 146SAN01800W | C105: B146SAN01800W | D105: =VLOOKUP(C105,'Paste bid here'!A:F,4,FALSE) -> #N/A
B106: 146SAN02400W | C106: B146SAN02400W | D106: =VLOOKUP(C106,'Paste bid here'!A:F,4,FALSE) -> #N/A
B107: 146SAN03000W | C107: B146SAN03000W | D107: =VLOOKUP(C107,'Paste bid here'!A:F,4,FALSE) -> #N/A
B108: 146SAN03600W | C108: B146SAN03600W | D108: =VLOOKUP(C108,'Paste bid here'!A:F,4,FALSE) -> #N/A
B109: 146SAN04200W | C109: B146SAN04200W | D109: =VLOOKUP(C109,'Paste bid here'!A:F,4,FALSE) -> #N/A
B110: 146SAN04800W | C110: B146SAN04800W | D110: =VLOOKUP(C110,'Paste bid here'!A:F,4,FALSE) -> #N/A
B111: 146SAN06000W | C111: B146SAN06000W | D111: =VLOOKUP(C111,'Paste bid here'!A:F,4,FALSE) -> #N/A
A112: R454B LEGACY SERIES 14 SEER / 1-STAGE AC | B112: 134SAN01800N | C112: B134SAN01800N | D112: =VLOOKUP(C112,'Paste bid here'!A:F,4,FALSE) -> #N/A | E112: GOOD
B113: 134SAN02400N | C113: B134SAN02400N | D113: =VLOOKUP(C113,'Paste bid here'!A:F,4,FALSE) -> #N/A
...

Sheet CROSSOVER SYSTEMS
C1: R454B Ducted Solutions Quick Reference Guide | R1: Ductless Systems
A2: AHRI Rated Btu's | E2: Indoor Unit w/ | I2: Line Set | K2: Additional | O2: Maximum | P2: Maximum | Q2: Maximum | R2: Maximum
A3: Cooling @ 95°F / | B3: SEER2 | C3: EER2 | D3: HSPF2 | E3: Factory Installed | F3: Indoor Unit | G3: Outdoor Unit With | H3: Outdoor Unit | I3: Liquid x | J3: Max. Line | K3: Charge | L3: Max. Lift | M3: MCA / MOCP | N3: Recommended | O3: Heating BTU's at | P3: Heating BTU's at | Q3: Cooling BTU's at | R3: Cooling BTU's at
A4: Heating @ 47°F | E4: 24V Interface | F4: Price | G4: Base Pan Heater | H4: Price | I4: Suction | J4: Length | K4: >25ft | N4: Fuse Size | O4: -5F [-20F] | P4: 5F [-15C] | Q4: 113⁰F | R4: 122⁰F
O5: At 69°F Indoor DB | Q5: At 75.2°F Indoor DB
A6: This Sheet is not intended to replace the Installation Instructions. It is a reference guide only. Always read through the Installation Instructions.
A7: Preferred Series AHU 1:1 Heat Pump Systems w/ Factory Installed 24V Interface
A8: 18,000/19,500 | B8: 18.2 | C8: 12 | D8: 10.1 | E8: C45MBAAQ18XB3 | F8: =INDEX('Ductless cross'!$E$8:$E$301,MATCH(E8,'Ductless cross'!$B$8:$B$301,0)) -> #N/A | G8: C37MAHAQ18AA3 | H8: =INDEX('Ductless cross'!$E$8:$E$301,MATCH(G8,'Ductless cross'!$B$8:$B$301,0)) -> #N/A | I8: 1/4" x 1/2" | J8: 98.42' | K8: .16 Oz/Ft | L8: 65.62' | M8: 19A / 20A | N8: 20A | O8: 15484 | P8: 18688 | Q8: 17391 | R8: 12157
A9: 23,000/26,000 | B9: 18.8 | C9: 12 | D9: 10 | E9: C45MBAAQ24XB3 | F9: =INDEX('Ductless cross'!$E$8:$E$301,MATCH(E9,'Ductless cross'!$B$8:$B$301,0)) -> #N/A | G9: C37MAHAQ24AA3 | H9: =INDEX('Ductless cross'!$E$8:$E$301,MATCH(G9,'Ductless cross'!$B$8:$B$301,0)) -> #N/A | I9: 3/8" x 5/8" | J9: 164.04' | K9: .32 Oz/Ft | L9: 82.02' | M9: 24.9A / 25A | N9: 25A | O9: 19483 | P9: 24689 | Q9: 25819 | R9: 16531
A10: 33,000/35,000 | B10: 16.7 | C10: 11.7 | D10: 10 | E10: C45MBAAQ36XB3 | F10: =INDEX('Ductless cross'!$E$8:$E$302,MATCH(E10,'Ductless cross'!$B$8:$B$302,0)) -> #N/A | G10: C37MAHAQ33AA3 | H10: =INDEX('Ductless cross'!$E$8:$E$301,MATCH(G10,'Ductless cross'!$B$8:$B$301,0)) -> #N/A | I10: 3/8" x 3/4" | J10: 164.04' | K10: .32 Oz/Ft | L10: 82.02' | M10: 38A / 40A | N10: 40A | O10: 29944 | P10: 35826 | Q10: 34216 | R10: 15385
A11: Preferred Horizontal Discharge AHU 1:1 Preferred Heat Pump Systems (Crossover Solutions)
A12: 18,000/18,000 | B12: 19 | C12: 12.5 | D12: 10.2 | E12: C45MUHAQ24XX3 | F12: =INDEX('Ductless cross'!$E$8:$E$301,MATCH(E12,'Ductless cross'!$B$8:$B$301,0)) -> #N/A | G12: C37MUHAQ18AA3 | H12: =INDEX('Ductless cross'!$E$8:$E$301,MATCH(G12,'Ductless cross'!$B$8:$B$301,0)) -> #N/A | I12: 3/8" x 3/4" | J12: 98.42' | K12: .70 Oz/ft | L12: 65.62' | M12: 16A / 20A | N12: 20A | O12: 16514 | P12: 19261 | Q12: 17916 | R12: 14214
A13: 24,000/24,000 | B13: 18.7 | C13: 12 | D13: 10 | E13: C45MUHAQ24XX3 | F13: =INDEX('Ductless cross'!$E$8:$E$301,MATCH(E13,'Ductless cross'!$B$8:$B$301,0)) -> #N/A | G13: C37MUHAQ24AA3 | H13: =INDEX('Ductless cross'!$E$8:$E$301,MATCH(G13,'Ductless cross'!$B$8:$B$301,0)) -> #N/A | I13: 3/8" x 3/4" | J13: 164.04' | K13: .70 Oz/ft | L13: 82.02' | M13: 19A / 20A | N13: 20A | O13: 17927 | P13: 21458 | Q13: 23751 | R13: 17725
A14: 30,000/33,000 | B14: 17.2 | C14: 12.1 | D14: 10.8 | E14: C45MUHAQ36XX3 | F14: =INDEX('Ductless cross'!$E$8:$E$301,MATCH(E14,'Ductless cross'!$B$8:$B$301,0)) -> #N/A | G14: C37MUHAQ30AA3 | H14: =INDEX('Ductless cross'!$E$8:$E$301,MATCH(G14,'Ductless cross'!$B$8:$B$301,0)) -> #N/A | I14: 3/8" x 3/4" | J14: 164.04' | K14: .70 Oz/ft | L14: 82.02' | M14: 29.5A / 30A | N14: 30A | O14: 27252 | P14: 33236 | Q14: 32779 | R14: 20649
A15: 36,000/37,000 | B15: 18 | C15: 12 | D15: 10 | E15: C45MUHAQ36XX3 | F15: =INDEX('Ductless cross'!$E$8:$E$301,MATCH(E15,'Ductless cross'!$B$8:$B$301,0)) -> #N/A | G15: C37MUHAQ36AA3 | H15: =INDEX('Ductless cross'!$E$8:$E$301,MATCH(G15,'Ductless cross'!$B$8:$B$301,0)) -> #N/A | I15: 3/8" x 3/4" | J15: 246' | K15: .70 Oz/ft | L15: 98.43' | M15: 29A / 30A | N15: 30A | O15: 37170 | P15: 38436 | Q15: 38525 | R15: 24495
A16: 48,000/48,000 | B16: 17.5 | C16: 12 | D16: 9.5 | E16: C45MUHAQ60XX3 | F16: =INDEX('Ductless cross'!$E$8:$E$301,MATCH(E16,'Ductless cross'!$B$8:$B$301,0)) -> #N/A | G16: C37MUHAQ48AA3 | H16: =INDEX('Ductless cross'!$E$8:$E$301,MATCH(G16,'Ductless cross'!$B$8:$B$301,0)) -> #N/A | I16: 3/8" x 3/4" | J16: 246' | K16: .70 Oz/ft | L16: 98.43' | M16: 38A / 40A | N16: 40A | O16: 43387 | P16: 48328 | Q16: 45560 | R16: 32789
A17: 54,000/55,000 | B17: 17.5 | C17: 12 | D17: 9.5 | E17: C45MUHAQ60XX3 | F17: =INDEX('Ductless cross'!$E$8:$E$301,MATCH(E17,'Ductless cross'!$B$8:$B$301,0)) -> #N/A | G17: C37MUHAQ60AA3 | H17: =INDEX('Ductless cross'!$E$8:$E$301,MATCH(G17,'Ductless cross'!$B$8:$B$301,0)) -> #N/A | I17: 3/8" x 3/4" | J17: 246' | K17: .70 Oz/ft | L17: 98.43' | M17: 40A / 40A | N17: 40A | O17: 49989 | P17: 56830 | Q17: 53125 | R17: 33738
A18: Preferred Horizontal Discharge AHU 1:1 Preferred Heat Pump Systems (Crossover Solutions)
A19: 18k/24k IDU Capacity select via dip switch and must match ODU size
A20: 18,000/19,000 | B20: 19 | C20: 12.5 | D20: 9.8 | E20: C45MUAAQ18XX3 | F20: =INDEX('Ductless cross'!$E$8:$E$301,MATCH(E20,'Ductless cross'!$B$8:$B$301,0)) -> #N/A | G20: C37MUHAQ18AA3 | H20: =INDEX('Ductless cross'!$E$8:$E$301,MATCH(G20,'Ductless cross'!$B$8:$B$301,0)) -> #N/A | I20: 3/8" x 3/4" | J20: 98.42' | K20: .70 Oz/ft | L20: 65.62' | M20: 16A / 20A | N20: 20A | O20: 16780 | P20: 19813 | Q20: 18855 | R20: 15316
A21: 23,000/24,000 | B21: 18.4 | C21: 11.7 | D21: 10 | E21: C45MUAAQ24XX3 | F21: =INDEX('Ductless cross'!$E$8:$E$301,MATCH(E21,'Ductless cross'!$B$8:$B$301,0)) -> #N/A | G21: C37MUHAQ24AA3 | H21: =INDEX('Ductless cross'!$E$8:$E$301,MATCH(G21,'Ductless cross'!$B$8:$B$301,0)) -> #N/A | I21: 3/8" x 3/4" | J21: 164.04' | K21: .70 Oz/ft | L21: 82.02' | M21: 19A / 20A | N21: 20A | O21: 17309 | P21: 22891 | Q21: 25051 | R21: 16371
A22: 30,000/34,000 | B22: 16.9 | C22: 11.7 | D22: 10 | E22: C45MUAAQ30XX3 | F22: =INDEX('Ductless cross'!$E$8:$E$301,MATCH(E22,'Ductless cross'!$B$8:$B$301,0)) -> #N/A | G22: C37MUHAQ30AA3 | H22: =INDEX('Ductless cross'!$E$8:$E$301,MATCH(G22,'Ductless cross'!$B$8:$B$301,0)) -> #N/A | I22: 3/8" x 3/4" | J22: 164.04' | K22: .70 Oz/ft | L22: 82.02' | M22: 29.5A / 30A | N22: 30A | O22: 28190 | P22: 33287 | Q22: 32404 | R22: 21287
A23: 36,000/37,000 | B23: 17.4 | C23: 11.7 | D23: 10.3 | E23: C45MUAAQ36XX3 | F23: =INDEX('Ductless cross'!$E$8:$E$301,MATCH(E23,'Ductless cross'!$B$8:$B$301,0)) -> #N/A | G23: C37MUHAQ36AA3 | H23: =INDEX('Ductless cross'!$E$8:$E$301,MATCH(G23,'Ductless cross'!$B$8:$B$301,0)) -> #N/A | I23: 3/8" x 3/4" | J23: 246' | K23: .70 Oz/ft | L23: 98.43' | M23: 29A / 30A | N23: 30A | O23: 35662 | P23: 41538 | Q23: 36996 | R23: 24959
A24: 48,000/50,000 | B24: 16.5 | C24: 10.5 | D24: 9.5 | E24: C45MUAAQ48XX3 | F24: =INDEX('Ductless cross'!$E$8:$E$301,MATCH(E24,'Ductless cross'!$B$8:$B$301,0)) -> #N/A | G24: C37MUHAQ48AA3 | H24: =INDEX('Ductless cross'!$E$8:$E$301,MATCH(G24,'Ductless cross'!$B$8:$B$301,0)) -> #N/A | I24: 3/8" x 3/4" | J24: 246' | K24: .70 Oz/ft | L24: 98.43' | M24: 38A / 40A | N24: 40A | O24: 40674 | P24: 46850 | Q24: 42234 | R24: 30465
A25: 54,000/56,000 | B25: 16 | C25: 10 | D25: 9 | E25: C45MUAAQ60XX3 | F25: =INDEX('Ductless cross'!$E$8:$E$301,MATCH(E25,'Ductless cross'!$B$8:$B$301,0)) -> #N/A | G25: C37MUHAQ60AA3 | H25: =INDEX('Ductless cross'!$E$8:$E$301,MATCH(G25,'Ductless cross'!$B$8:$B$301,0)) -> #N/A | I25: 3/8" x 3/4" | J25: 246' | K25: .70 Oz/ft | L25: 98.43' | M25: 40A / 40A | N25: 40A | O25: 46714 | P25: 54228 | Q25: 50848 | R25: 34671
A26: Legacy Tier Horizontal Discharge AHU 1:1 Heat Pump Systems (Crossover Solutions)
A27: 18k/24k IDU Capacity select via dip switch and must match ODU size
A28: 18,000/18,000 | B28: 18.8 | C28: 11 | D28: 9.2 | E28: C45MUAAQ18XX3 | F28: =INDEX('Ductless cross'!$E$8:$E$301,MATCH(E28,'Ductless cross'!$B$8:$B$301,0)) -> #N/A | G28: C37MURAQ18AA3 | H28: =INDEX('Ductless cross'!$E$8:$E$301,MATCH(G28,'Ductless cross'!$B$8:$B$301,0)) -> #N/A | I28: 3/8" x 3/4" | J28: 98.42' | K28: .70 Oz/ft | L28: 65.62' | M28: 16A / 20A | N28: 20A | O28: 9175 | P28: 11379 | Q28: 15815 | R28: 9543
A29: 24,000/26,000 | B29: 18.2 | C29: 11 | D29: 9.7 | E29: C45MUAAQ24XX3 | F29: =INDEX('Ductless cross'!$E$8:$E$301,MATCH(E29,'Ductless cross'!$B$8:$B$301,0)) -> #N/A | G29: C37MURAQ24AA3 | H29: =INDEX('Ductless cross'!$E$8:$E$301,MATCH(G29,'Ductless cross'!$B$8:$B$301,0)) -> #N/A | I29: 3/8" x 3/4" | J29: 164.04' | K29: .70 Oz/ft | L29: 82.02' | M29: 19A / 20A | N29: 20A | O29: 16963 | P29: 22433 | Q29: 24550 | R29: 16043
A30: 30,000/31,000 | B30: 17 | C30: 10.8 | D30: 8.5 | E30: C45MUAAQ30XX3 | F30: =INDEX('Ductless cross'!$E$8:$E$301,MATCH(E30,'Ductless cross'!$B$8:$B$301,0)) -> #N/A | G30: C37MURAQ30AA3 | H30: =INDEX('Ductless cross'!$E$8:$E$301,MATCH(G30,'Ductless cross'!$B$8:$B$301,0)) -> #N/A | I30: 3/8" x 3/4" | J30: 164.04' | K30: .70 Oz/ft | L30: 82.02' | M30: 22.5A / 25A | N30: 25A | O30: 15521 | P30: 19356 | Q30: 29603 | R30: 14498
A31: 36,000/36,000 | B31: 16.2 | C31: 10 | D31: 8.7 | E31: C45MUAAQ36XX3 | F31: =INDEX('Ductless cross'!$E$8:$E$301,MATCH(E31,'Ductless cross'!$B$8:$B$301,0)) -> #N/A | G31: C37MURAQ36AA3 | H31: =INDEX('Ductless cross'!$E$8:$E$301,MATCH(G31,'Ductless cross'!$B$8:$B$301,0)) -> #N/A | I31: 3/8" x 3/4" | J31: 246' | K31: .70 Oz/ft | L31: 98.42' | M31: 24A / 30A | N31: 30A | O31: 22765 | P31: 26515 | Q31: 32032 | R31: 18926
A32: 48,000/48,000 | B32: 16 | C32: 10 | D32: 8.5 | E32: C45MUAAQ48XX3 | F32: =INDEX('Ductless cross'!$E$8:$E$301,MATCH(E32,'Ductless cross'!$B$8:$B$301,0)) -> #N/A | G32: C37MURAQ48AA3 | H32: =INDEX('Ductless cross'!$E$8:$E$301,MATCH(G32,'Ductless cross'!$B$8:$B$301,0)) -> #N/A | I32: 3/8" x 3/4" | J32: 246' | K32: .70 Oz/ft | L32: 98.42' | M32: 36A / 40A | N32: 40A | O32: 35908 | P32: 43152 | Q32: 42022 | R32: 30316
A33: 54,000/54,000 | B33: 15.2 | C33: 8.7 | D33: 8.4 | E33: C45MUAAQ60XX3 | F33: =INDEX('Ductless cross'!$E$8:$E$301,MATCH(E33,'Ductless cross'!$B$8:$B$301,0)) -> #N/A | G33: C37MURAQ60AA3 | H33: =INDEX('Ductless cross'!$E$8:$E$301,MATCH(G33,'Ductless cross'!$B$8:$B$301,0)) -> #N/A | I33: 3/8" x 3/4" | J33: 246' | K33: .70 Oz/ft | L33: 98.42' | M33: 39A / 40A | N33: 40A | O33: 35597 | P33: 41473 | Q33: 41858 | R33: 32571
A34: Accessory Options:
A35: Accessory Electric Heater Kits for 45MBAA & 45MUAA | G35: ACCESSORY ELECTRIC HEATER KITS FOR 45MUHA | L35: Accessory Air Purifiers & Media Filters
A36: Model Number | B36: Size | C36: Size Used With | F36: Price | G36: Model Number | H36: Size | I36: Size Used With | K36: Price | L36: Model Number | N36: Description | P36: Size Used With | R36: Price
A37: CEHKMC05KN | B37: 5 kW | C37: 18k, 24k, 30k, 36k | F37: =INDEX('Ductless cross'!$E$8:$E$301,MATCH(A37,'Ductless cross'!$B$8:$B$301,0)) -> #N/A | G37: CEHKMD05KN | H37: 5 kW | I37: 24k, 36k | J37: 24k, 36k | K37: =INDEX('Ductless cross'!$E$8:$E$301,MATCH(G37,'Ductless cross'!$B$8:$B$301,0)) -> #N/A | L37: CDGAPAXX1620 | N37: Evolution® Air Purifier Size 1620 | P37: 18k, 24k | R37: =INDEX('Ductless cross'!$E$8:$E$301,MATCH(L37,'Ductless cross'!$B$8:$B$301,0)) -> #N/A
A38: CEHKMC08KN | B38: 8 kW | C38: 18k, 24k, 30k, 36k, 48k | F38: =INDEX('Ductless cross'!$E$8:$E$301,MATCH(A38,'Ductless cross'!$B$8:$B$301,0)) -> #N/A | G38: CEHKMD08KN | H38: 8 kW | I38: 24k, 36k | J38: 24k, 36k | K38: =INDEX('Ductless cross'!$E$8:$E$301,MATCH(G38,'Ductless cross'!$B$8:$B$301,0)) -> #N/A | L38: CDGAPAXX2020 | N38: Evolution® Air Purifier Size 2020 | P38: 30k, 36k, 48k | R38: =INDEX('Ductless cross'!$E$8:$E$301,MATCH(L38,'Ductless cross'!$B$8:$B$301,0)) -> #N/A
A39: CEHKMC10KN | B39: 10 kW | C39: 18k, 23k, 30k, 36k, 48k, 60k | F39: =INDEX('Ductless cross'!$E$8:$E$301,MATCH(A39,'Ductless cross'!$B$8:$B$301,0)) -> #N/A | G39: CEHKMD10KN | H39: 10 kW | I39: 24k, 36k, 60k | J39: 24k, 36k, 60k | K39: =INDEX('Ductless cross'!$E$8:$E$301,MATCH(G39,'Ductless cross'!$B$8:$B$301,0)) -> #N/A | L39: CDGAPAXX2420 | N39: Evolution® Air Purifier Size 2420 | P39: 60k | R39: =INDEX('Ductless cross'!$E$8:$E$301,MATCH(L39,'Ductless cross'!$B$8:$B$301,0)) -> #N/A
A40: CEHKMC15KN | B40: 15kW | C40: 24k, 30k, 36k, 48k, 60k | F40: =INDEX('Ductless cross'!$E$8:$E$301,MATCH(A40,'Ductless cross'!$B$8:$B$301,0)) -> #N/A | G40: CEHKMD15KN | H40: 15kW | I40: 24k, 36k, 60k | K40: =INDEX('Ductless cross'!$E$8:$E$301,MATCH(G40,'Ductless cross'!$B$8:$B$301,0)) -> #N/A | L40: HF100F1620 | N40: RESIDEO 4" MEDIA CABINET | P40: 1200cfm | R40: =INDEX('Ductless cross'!$E$8:$E$301,MATCH(L40,'Ductless cross'!$B$8:$B$301,0)) -> #N/A
A41: CEHKMC20KN | B41: 20 kW | C41: 36k, 48k, 60k | F41: =INDEX('Ductless cross'!$E$8:$E$301,MATCH(A41,'Ductless cross'!$B$8:$B$301,0)) -> #N/A | G41: CEHKMD20KN | H41: 20 kW | I41: 36k, 60k | K41: =INDEX('Ductless cross'!$E$8:$E$301,MATCH(G41,'Ductless cross'!$B$8:$B$301,0)) -> #N/A | L41: HF100F2020 | N41: RESIDEO 4" MEDIA CABINET | P41: 1400cfm | R41: =INDEX('Ductless cross'!$E$8:$E$301,MATCH(L41,'Ductless cross'!$B$8:$B$301,0)) -> #N/A
A42: CEHKMC25KN | B42: 25 kW | C42: 60k | F42: =INDEX('Ductless cross'!$E$8:$E$301,MATCH(A42,'Ductless cross'!$B$8:$B$301,0)) -> #N/A | G42: CEHKMD25KN | H42: 25 kW | I42: 60k | J42: 60k | K42: =INDEX('Ductless cross'!$E$8:$E$301,MATCH(G42,'Ductless cross'!$B$8:$B$301,0)) -> #N/A | L42: HF100F2044 | N42: RESIDEO 4" MEDIA CABINET | P42: 2000cfm | R42: =INDEX('Ductless cross'!$E$8:$E$301,MATCH(L42,'Ductless cross'!$B$8:$B$301,0)) -> #N/A
A43: Installation Note: A separate power supply is required for an Auxiliary Electric Heater beyond 10kw heat strip sizes. Single point available up to 10kw sizes. Do not power the electric heater directly from the outdoor unit. Always follow the recommendations on the Installation Instructions.
A44: System Installation Notes:
A45: *The 45MUAA, 45MUHA, 37MURA, and 37MUHA systems are powered seperately. The data supplied from MCA, MOCP, and Recommended Fuse Size is for the outdoor unit.
A46: The minimum line length for all systems is 10'
A47: 45MUAA/45MUHA systems allow for either Non-Polarity RS485 or 24V Communication. Refer to the system's Product Data for more information on required wiring depending on communication style.
A48: 45MUAA Heat Pump systems require the use of a 3/8" bi-flow liquid line filter drier. The use of filter driers is not allowed on any other ductless style system.
A49: Warranty Information
A50: Residential & Multi-Family Applications: 10 year limited warranty to original purchaser on compressor and parts when system is *registered within 90-days of installation. *Registration not required in CA and Quebec .
A51: Commercial Applications: 7 year limited warranty to original purchaser on compressor and parts. See Warranty documents for full details

Sheet DUCTLESS Single-Zone
E1: R454B Single Zone Quick Reference Guide | R1: Ductless Systems
A2: AHRI Rated Btu's | F2: Indoor Unit Price | G2: Outdoor Unit With Base Pan Heater | H2: Outdoor Unit Price | I2: Line Set | J2: Max. Line Length | K2: Additional | L2: Max. Lift | N2: Recommended Fuse Size | O2: Maximum | P2: Maximum | Q2: Maximum | R2: Maximum
A3: Cooling @ 95°F / | B3: SEER2 | C3: EER2 | D3: HSPF2 | E3: Indoor Unit With | I3: Liquid x | K3: Charge | M3: MCA / MOCP | O3: Heating BTU's | P3: Heating BTU's | Q3: Cooling BTU's | R3: Cooling BTU's
A4: Heating @ 47°F | E4: Wireless Remote | I4: Suction | K4: >25ft | O4: at -4⁰F | P4: at 5⁰F | Q4: at 110⁰F | R4: at 122⁰F
A5: This Sheet is not intended to replace the Installation Instructions. It is a reference guide only. Always read through the Installation Instructions.
A6: Evolution™ Series High Wall 1:1 Heat Pump Systems
A7: 6,000/9,000 | B7: 35.1 | C7: 17.5 | D7: 30 | E7: B615PHAQ06XA3 | F7: =INDEX('Ductless cross'!$E$8:$E$296,MATCH('DUCTLESS Single-Zone'!E7,'Ductless cross'!$B$8:$B$296,0)) -> #N/A | G7: C37MPRAQ06AA3 | H7: =INDEX('Ductless cross'!$E$8:$E$296,MATCH('DUCTLESS Single-Zone'!G7,'Ductless cross'!$B$8:$B$296,0)) -> #N/A | I7: 1/4" x 3/8" | J7: 82.02' | K7: .16 Oz/Ft | L7: 49.21' | M7: 16A / 20A | N7: 20A | O7: 10130 | P7: 13965 | Q7: 15085 | R7: 7892
A8: 9,000/12,000 | B8: 33.5 | C8: 17 | D8: 22 | E8: B615PHAQ09XA3 | F8: =INDEX('Ductless cross'!$E$8:$E$296,MATCH('DUCTLESS Single-Zone'!E8,'Ductless cross'!$B$8:$B$296,0)) -> #N/A | G8: C37MPRAQ09AA3 | H8: =INDEX('Ductless cross'!$E$8:$E$296,MATCH('DUCTLESS Single-Zone'!G8,'Ductless cross'!$B$8:$B$296,0)) -> #N/A | I8: 1/4" x 3/8" | J8: 82.02' | K8: .16 Oz/Ft | L8: 49.21' | M8: 16A / 20A | N8: 20A | O8: 10130 | P8: 13965 | Q8: 15085 | R8: 7892
A9: 12,000/12,000 | B9: 29.5 | C9: 14.3 | D9: 14.5 | E9: B615PHAQ12XA3 | F9: =INDEX('Ductless cross'!$E$8:$E$296,MATCH('DUCTLESS Single-Zone'!E9,'Ductless cross'!$B$8:$B$296,0)) -> #N/A | G9: C37MPRAQ12AA3 | H9: =INDEX('Ductless cross'!$E$8:$E$296,MATCH('DUCTLESS Single-Zone'!G9,'Ductless cross'!$B$8:$B$296,0)) -> #N/A | I9: 1/4" x 3/8" | J9: 82.02' | K9: .16 Oz/Ft | L9: 49.21' | M9: 16A / 20A | N9: 20A | O9: 10130 | P9: 13965 | Q9: 15085 | R9: 7892
A10: 18,000/20,000 | B10: 25.8 | C10: 15 | D10: 16.2 | E10: B615PHAQ18XA3 | F10: =INDEX('Ductless cross'!$E$8:$E$296,MATCH('DUCTLESS Single-Zone'!E10,'Ductless cross'!$B$8:$B$296,0)) -> #N/A | G10: C37MPRAQ18AA3 | H10: =INDEX('Ductless cross'!$E$8:$E$296,MATCH('DUCTLESS Single-Zone'!G10,'Ductless cross'!$B$8:$B$296,0)) -> #N/A | I10: 3/8" x 5/8" | J10: 164.04' | K10: .32 Oz/Ft | L10: 82.02' | M10: 24.9A / 25A | N10: 25A | O10: 20482 | P10: 24809 | Q10: 23263 | R10: 13286
A11: Preferred™ Series High Wall 1:1 Heat Pump Systems
A12: 6,000/7,000 | B12: 25.7 | C12: 18 | D12: 14.8 | E12: B615AHAQ06XA3 | F12: =INDEX('Ductless cross'!$E$8:$E$296,MATCH('DUCTLESS Single-Zone'!E12,'Ductless cross'!$B$8:$B$296,0)) -> #N/A | G12: C37MAHAQ06AA3 | H12: =INDEX('Ductless cross'!$E$8:$E$296,MATCH('DUCTLESS Single-Zone'!G12,'Ductless cross'!$B$8:$B$296,0)) -> #N/A | I12: 1/4" x 3/8" | J12: 82.02' | K12: .16 Oz/Ft | L12: 49.21' | M12: 12A / 15A | N12: 15A | O12: 5125 | P12: 7700 | Q12: 10717 | R12: 7571
A13: 9,000/12,000 | B13: 27.5 | C13: 15.5 | D13: 12.5 | E13: B615AHAQ09XA3 | F13: =INDEX('Ductless cross'!$E$8:$E$296,MATCH('DUCTLESS Single-Zone'!E13,'Ductless cross'!$B$8:$B$296,0)) -> #N/A | G13: C37MAHAQ09AA3 | H13: =INDEX('Ductless cross'!$E$8:$E$296,MATCH('DUCTLESS Single-Zone'!G13,'Ductless cross'!$B$8:$B$296,0)) -> #N/A | I13: 1/4" x 3/8" | J13: 82.02' | K13: .16 Oz/Ft | L13: 49.21' | M13: 15A / 15A | N13: 15A | O13: 8080 | P13: 11500 | Q13: 11215 | R13: 7447
A14: 12,000/12,000 | B14: 25.5 | C14: 13.5 | D14: 10.5 | E14: B615AHAQ12XA3 | F14: =INDEX('Ductless cross'!$E$8:$E$296,MATCH('DUCTLESS Single-Zone'!E14,'Ductless cross'!$B$8:$B$296,0)) -> #N/A | G14: C37MAHAQ12AA3 | H14: =INDEX('Ductless cross'!$E$8:$E$296,MATCH('DUCTLESS Single-Zone'!G14,'Ductless cross'!$B$8:$B$296,0)) -> #N/A | I14: 1/4" x 3/8" | J14: 82.02' | K14: .16 Oz/Ft | L14: 49.21' | M14: 15A / 15A | N14: 15A | O14: 9260 | P14: 11500 | Q14: 12194 | R14: 6490
A15: 18,000/18,000 | B15: 21.5 | C15: 12.5 | D15: 11 | E15: B615AHAQ18XA3 | F15: =INDEX('Ductless cross'!$E$8:$E$296,MATCH('DUCTLESS Single-Zone'!E15,'Ductless cross'!$B$8:$B$296,0)) -> #N/A | G15: C37MAHAQ18AA3 | H15: =INDEX('Ductless cross'!$E$8:$E$296,MATCH('DUCTLESS Single-Zone'!G15,'Ductless cross'!$B$8:$B$296,0)) -> #N/A | I15: 1/4" x 1/2" | J15: 98.42' | K15: .16 Oz/Ft | L15: 65.62' | M15: 19A / 20A | N15: 20A | O15: 15050 | P15: 18000 | Q15: 14794 | R15: 10590
A16: 24,000/29,000 | B16: 21.2 | C16: 13 | D16: 13.5 | E16: B615AHAQ24XA3 | F16: =INDEX('Ductless cross'!$E$8:$E$296,MATCH('DUCTLESS Single-Zone'!E16,'Ductless cross'!$B$8:$B$296,0)) -> #N/A | G16: C37MAHAQ24AA3 | H16: =INDEX('Ductless cross'!$E$8:$E$296,MATCH('DUCTLESS Single-Zone'!G16,'Ductless cross'!$B$8:$B$296,0)) -> #N/A | I16: 3/8" x 5/8" | J16: 164.04' | K16: .32 Oz/Ft | L16: 82.02' | M16: 24.9A / 25A | N16: 25A | O16: 20482 | P16: 24200 | Q16: 23263 | R16: 13286
A17: 33,000/36,000 | B17: 19.6 | C17: 12 | D17: 10.5 | E17: B615AHAQ33XA3 | F17: =INDEX('Ductless cross'!$E$8:$E$296,MATCH('DUCTLESS Single-Zone'!E17,'Ductless cross'!$B$8:$B$296,0)) -> #N/A | G17: C37MAHAQ33AA3 | H17: =INDEX('Ductless cross'!$E$8:$E$296,MATCH('DUCTLESS Single-Zone'!G17,'Ductless cross'!$B$8:$B$296,0)) -> #N/A | I17: 3/8" x 3/4" | J17: 164.04' | K17: .32 Oz/Ft | L17: 82.02' | M17: 34A / 35A | N17: 35A | O17: 29178 | P17: 35000 | Q17: 32895 | R17: 21554
A18: 12,000/12,000 | B18: 23.5 | C18: 13 | D18: 9.5 | E18: B615AHAQ12XA1 | F18: =INDEX('Ductless cross'!$E$8:$E$297,MATCH('DUCTLESS Single-Zone'!E18,'Ductless cross'!$B$8:$B$297,0)) -> #N/A | G18: C37MARAQ12AA1 | H18: =INDEX('Ductless cross'!$E$8:$E$298,MATCH('DUCTLESS Single-Zone'!G18,'Ductless cross'!$B$8:$B$298,0)) -> #N/A | I18: 1/4" x 3/8" | J18: 82.02' | K18: .16 Oz/Ft | L18: 49.21' | M18: 18A / 20A | N18: 20A | O18: 4374 | P18: 7700 | Q18: 11229 | R18: 6401
A19: Preferred™ Series 4-Way Ceiling Cassette 1:1 Heat Pump Systems
A20: 9,000/10,000 | B20: 22.7 | C20: 14 | D20: 12.2 | E20: C45MBCAQ12XA3 | F20: =INDEX('Ductless cross'!$E$8:$E$296,MATCH('DUCTLESS Single-Zone'!E20,'Ductless cross'!$B$8:$B$296,0)) -> #N/A | G20: C37MAHAQ09AA3 | H20: =INDEX('Ductless cross'!$E$8:$E$296,MATCH('DUCTLESS Single-Zone'!G20,'Ductless cross'!$B$8:$B$296,0)) -> #N/A | I20: 1/4" x 3/8" | J20: 82.02' | K20: .16 Oz/Ft | L20: 49.21' | M20: 15A / 15A | N20: 15A | O20: 7400 | P20: 11000 | Q20: 11100 | R20: 6483
A21: 12,000/12,000 | B21: 23.7 | C21: 12.7 | D21: 11.6 | E21: C45MBCAQ12XA3 | F21: =INDEX('Ductless cross'!$E$8:$E$296,MATCH('DUCTLESS Single-Zone'!E21,'Ductless cross'!$B$8:$B$296,0)) -> #N/A | G21: C37MAHAQ12AA3 | H21: =INDEX('Ductless cross'!$E$8:$E$296,MATCH('DUCTLESS Single-Zone'!G21,'Ductless cross'!$B$8:$B$296,0)) -> #N/A | I21: 1/4" x 3/8" | J21: 82.02' | K21: .16 Oz/Ft | L21: 49.21' | M21: 15A / 15A | N21: 15A | O21: 7500 | P21: 11500 | Q21: 11700 | R21: 6558
A22: 16,000/19,000 | B22: 20 | C22: 12.5 | D22: 12.4 | E22: C45MBCAQ18XA3 | F22: =INDEX('Ductless cross'!$E$8:$E$296,MATCH('DUCTLESS Single-Zone'!E22,'Ductless cross'!$B$8:$B$296,0)) -> #N/A | G22: C37MAHAQ18AA3 | H22: =INDEX('Ductless cross'!$E$8:$E$296,MATCH('DUCTLESS Single-Zone'!G22,'Ductless cross'!$B$8:$B$296,0)) -> #N/A | I22: 1/4" x 1/2" | J22: 98.42' | K22: .16 Oz/Ft | L22: 65.62' | M22: 19A / 20A | N22: 20A | O22: 14000 | P22: 17000 | Q22: 14000 | R22: 9879
A23: 23,500/25,000 | B23: 20.8 | C23: 12 | D23: 11.6 | E23: C45MBCAQ24XA3 | F23: =INDEX('Ductless cross'!$E$8:$E$296,MATCH('DUCTLESS Single-Zone'!E23,'Ductless cross'!$B$8:$B$296,0)) -> #N/A | G23: C37MAHAQ24AA3 | H23: =INDEX('Ductless cross'!$E$8:$E$296,MATCH('DUCTLESS Single-Zone'!G23,'Ductless cross'!$B$8:$B$296,0)) -> #N/A | I23: 3/8" x 5/8" | J23: 164.04' | K23: .32 Oz/Ft | L23: 82.02' | M23: 24.9A / 25A | N23: 25A | O23: 17300 | P23: 23800 | Q23: 21000 | R23: 13293
A24: Ceiling Cassette Grille for 9K, 12K & 18K BTU | F24: C45MBCQ01XXX3 | G24: =INDEX('Ductless cross'!$E$8:$E$296,MATCH('DUCTLESS Single-Zone'!F24,'Ductless cross'!$B$8:$B$296,0)) -> #N/A | H24: Ceiling Cassette Grille for 24K, 36K & 48K BTU | M24: C45MBCQ02XXX4 | N24: =INDEX('Ductless cross'!$E$8:$E$296,MATCH('DUCTLESS Single-Zone'!M24,'Ductless cross'!$B$8:$B$296,0)) -> #N/A | R24: [Required on all sizes and Sold Separately]
A25: Preferred™ Series One-Way Ceiling Cassette 1:1 Heat Pump Systems
A26: 6,500 / 7,100 | B26: 22 | C26: 15.2 | D26: 12 | E26: C45MCCAQ06XA3 | F26: =INDEX('Ductless cross'!$E$8:$E$296,MATCH('DUCTLESS Single-Zone'!E26,'Ductless cross'!$B$8:$B$296,0)) -> #N/A | G26: C37MAHAQ06AA3 | H26: =INDEX('Ductless cross'!$E$8:$E$296,MATCH('DUCTLESS Single-Zone'!G26,'Ductless cross'!$B$8:$B$296,0)) -> #N/A | I26: 1/4" x 3/8" | J26: 82.02' | K26: .16 Oz/Ft | L26: 49.21' | M26: 12A / 15A | N26: 15A | O26: 6400 | P26: 8100 | Q26: 11200 | R26: 6483
A27: 9,000 / 10,900 | B27: 24 | C27: 14.7 | D27: 12.2 | E27: C45MCCAQ12XA3 | F27: =INDEX('Ductless cross'!$E$8:$E$296,MATCH('DUCTLESS Single-Zone'!E27,'Ductless cross'!$B$8:$B$296,0)) -> #N/A | G27: C37MAHAQ09AA3 | H27: =INDEX('Ductless cross'!$E$8:$E$296,MATCH('DUCTLESS Single-Zone'!G27,'Ductless cross'!$B$8:$B$296,0)) -> #N/A | I27: 1/4" x 3/8" | J27: 82.02' | K27: .16 Oz/Ft | L27: 49.21' | M27: 15A / 15A | N27: 15A | O27: 8600 | P27: 10600 | Q27: 11200 | R27: 6483
A28: 12,000 / 12,500 | B28: 23 | C28: 13 | D28: 10.2 | E28: C45MCCAQ12XA3 | F28: =INDEX('Ductless cross'!$E$8:$E$296,MATCH('DUCTLESS Single-Zone'!E28,'Ductless cross'!$B$8:$B$296,0)) -> #N/A | G28: C37MAHAQ12AA3 | H28: =INDEX('Ductless cross'!$E$8:$E$296,MATCH('DUCTLESS Single-Zone'!G28,'Ductless cross'!$B$8:$B$296,0)) -> #N/A | I28: 1/4" x 3/8" | J28: 82.02' | K28: .16 Oz/Ft | L28: 49.21' | M28: 15A / 15A | N28: 15A | O28: 8600 | P28: 11500 | Q28: 11900 | R28: 6558
A29: 16,700 / 20,000 | B29: 20.7 | C29: 12.5 | D29: 12.2 | E29: C45MCCAQ18XA3 | F29: =INDEX('Ductless cross'!$E$8:$E$296,MATCH('DUCTLESS Single-Zone'!E29,'Ductless cross'!$B$8:$B$296,0)) -> #N/A | G29: C37MAHAQ18AA3 | H29: =INDEX('Ductless cross'!$E$8:$E$296,MATCH('DUCTLESS Single-Zone'!G29,'Ductless cross'!$B$8:$B$296,0)) -> #N/A | I29: 1/4" x 1/2" | J29: 98.42' | K29: .16 Oz/Ft | L29: 65.62' | M29: 19A / 20A | N29: 20A | O29: 14500 | P29: 17500 | Q29: 14500 | R29: 10289
A30: One-Way Cassette units include grill | F30: IDU Capacity select via dip switch and must match ODU size
A31: Preferred™ Series Low Static Slim-Ducted 1:1 Heat Pump Systems
A32: 6,500/8,000 | B32: 21.5 | C32: 14.5 | D32: 13.8 | E32: C45MBDAQ06XA3 | F32: =INDEX('Ductless cross'!$E$8:$E$296,MATCH('DUCTLESS Single-Zone'!E32,'Ductless cross'!$B$8:$B$296,0)) -> #N/A | G32: C37MAHAQ06AA3 | H32: =INDEX('Ductless cross'!$E$8:$E$296,MATCH('DUCTLESS Single-Zone'!G32,'Ductless cross'!$B$8:$B$296,0)) -> #N/A | I32: 1/4" x 3/8" | J32: 82.02' | K32: .16 Oz/Ft | L32: 49.21' | M32: 12A / 15A | N32: 15A | O32: 6302 | P32: 7800 | Q32: 10448 | R32: 7387
A33: 9,000/10,000 | B33: 21.5 | C33: 13.5 | D33: 12.5 | E33: C45MBDAQ12XA3 | F33: =INDEX('Ductless cross'!$E$8:$E$296,MATCH('DUCTLESS Single-Zone'!E33,'Ductless cross'!$B$8:$B$296,0)) -> #N/A | G33: C37MAHAQ09AA3 | H33: =INDEX('Ductless cross'!$E$8:$E$296,MATCH('DUCTLESS Single-Zone'!G33,'Ductless cross'!$B$8:$B$296,0)) -> #N/A | I33: 1/4" x 3/8" | J33: 82.02' | K33: .16 Oz/Ft | L33: 49.21' | M33: 15A / 15A | N33: 15A | O33: 9704 | P33: 11200 | Q33: 11147 | R33: 6056
A34: 12,000/12,500 | B34: 20 | C34: 12 | D34: 10.2 | E34: C45MBDAQ12XA3 | F34: =INDEX('Ductless cross'!$E$8:$E$296,MATCH('DUCTLESS Single-Zone'!E34,'Ductless cross'!$B$8:$B$296,0)) -> #N/A | G34: C37MAHAQ12AA3 | H34: =INDEX('Ductless cross'!$E$8:$E$296,MATCH('DUCTLESS Single-Zone'!G34,'Ductless cross'!$B$8:$B$296,0)) -> #N/A | I34: 1/4" x 3/8" | J34: 82.02' | K34: .16 Oz/Ft | L34: 49.21' | M34: 15A / 15A | N34: 15A | O34: 10256 | P34: 11800 | Q34: 11430 | R34: 6220
A35: 17,000/19,000 | B35: 18 | C35: 12 | D35: 10.8 | E35: C45MBDAQ18XA3 | F35: =INDEX('Ductless cross'!$E$8:$E$296,MATCH('DUCTLESS Single-Zone'!E35,'Ductless cross'!$B$8:$B$296,0)) -> #N/A | G35: C37MAHAQ18AA3 | H35: =INDEX('Ductless cross'!$E$8:$E$296,MATCH('DUCTLESS Single-Zone'!G35,'Ductless cross'!$B$8:$B$296,0)) -> #N/A | I35: 1/4" x 1/2" | J35: 98.42' | K35: .16 Oz/Ft | L35: 65.62' | M35: 19A / 20A | N35: 20A | O35: 15917 | P35: 18000 | Q35: 14525 | R35: 10543
A36: Preferred™ Series High Static Slim-Ducted 1:1 Heat Pump Systems
A37: 9,000/9,900 | B37: 20.6 | C37: 14 | D37: 13.8 | E37: C45MBDAQ12XH3 | F37: =INDEX('Ductless cross'!$E$8:$E$296,MATCH('DUCTLESS Single-Zone'!E37,'Ductless cross'!$B$8:$B$296,0)) -> #N/A | G37: C37MAHAQ09AA3 | H37: =INDEX('Ductless cross'!$E$8:$E$296,MATCH('DUCTLESS Single-Zone'!G37,'Ductless cross'!$B$8:$B$296,0)) -> #N/A | I37: 1/4" x 3/8" | J37: 82.02' | K37: .16 Oz/Ft | L37: 49.21' | M37: 15A / 15A | N37: 15A | O37: 8448 | P37: 11900 | Q37: 11048 | R37: 6060
A38: 12,000/12,000 | B38: 20.2 | C38: 12 | D38: 10.6 | E38: C45MBDAQ12XH3 | F38: =INDEX('Ductless cross'!$E$8:$E$296,MATCH('DUCTLESS Single-Zone'!E38,'Ductless cross'!$B$8:$B$296,0)) -> #N/A | G38: C37MAHAQ12AA3 | H38: =INDEX('Ductless cross'!$E$8:$E$296,MATCH('DUCTLESS Single-Zone'!G38,'Ductless cross'!$B$8:$B$296,0)) -> #N/A | I38: 1/4" x 3/8" | J38: 82.02' | K38: .16 Oz/Ft | L38: 49.21' | M38: 15A / 15A | N38: 15A | O38: 10171 | P38: 12000 | Q38: 11089 | R38: 6537
A39: 24,000/26,000 | B39: 19.2 | C39: 12 | D39: 11.7 | E39: C45MBDAQ24XH3 | F39: =INDEX('Ductless cross'!$E$8:$E$296,MATCH('DUCTLESS Single-Zone'!E39,'Ductless cross'!$B$8:$B$296,0)) -> #N/A | G39: C37MAHAQ24AA3 | H39: =INDEX('Ductless cross'!$E$8:$E$296,MATCH('DUCTLESS Single-Zone'!G39,'Ductless cross'!$B$8:$B$296,0)) -> #N/A | I39: 3/8" x 5/8" | J39: 164.04' | K39: .32 Oz/Ft | L39: 82.02' | M39: 24.9A / 25A | N39: 25A | O39: 19339 | P39: 24000 | Q39: 20858 | R39: 13979
A40: Preferred™ Series Console 1:1 Heat Pump Systems
A41: 9,000/9,000 | B41: 27.3 | C41: 15.2 | D41: 10.9 | E41: C45MBFAQ09XA3 | F41: =INDEX('Ductless cross'!$E$8:$E$296,MATCH('DUCTLESS Single-Zone'!E41,'Ductless cross'!$B$8:$B$296,0)) -> #N/A | G41: C37MAHAQ09AA3 | H41: =INDEX('Ductless cross'!$E$8:$E$296,MATCH('DUCTLESS Single-Zone'!G41,'Ductless cross'!$B$8:$B$296,0)) -> #N/A | I41: 1/4" x 3/8" | J41: 82.02' | K41: .16 Oz/Ft | L41: 49.21' | M41: 15A / 15A | N41: 15A | O41: 8100 | P41: 11300 | Q41: 11300 | R41: 6483
A42: 12,000/12,000 | B42: 25 | C42: 12.7 | D42: 10.6 | E42: C45MBFAQ12XA3 | F42: =INDEX('Ductless cross'!$E$8:$E$296,MATCH('DUCTLESS Single-Zone'!E42,'Ductless cross'!$B$8:$B$296,0)) -> #N/A | G42: C37MAHAQ12AA3 | H42: =INDEX('Ductless cross'!$E$8:$E$296,MATCH('DUCTLESS Single-Zone'!G42,'Ductless cross'!$B$8:$B$296,0)) -> #N/A | I42: 1/4" x 3/8" | J42: 82.02' | K42: .16 Oz/Ft | L42: 49.21' | M42: 15A / 15A | N42: 15A | O42: 8200 | P42: 11300 | Q42: 11600 | R42: 6558
A43: 16,000/17,000 | B43: 20.2 | C43: 12.5 | D43: 10.2 | E43: C45MBFAQ16XA3 | F43: =INDEX('Ductless cross'!$E$8:$E$296,MATCH('DUCTLESS Single-Zone'!E43,'Ductless cross'!$B$8:$B$296,0)) -> #N/A | G43: C37MAHAQ18AA3 | H43: =INDEX('Ductless cross'!$E$8:$E$296,MATCH('DUCTLESS Single-Zone'!G43,'Ductless cross'!$B$8:$B$296,0)) -> #N/A | I43: 1/4" x 1/2" | J43: 98.42' | K43: .16 Oz/Ft | L43: 65.62' | M43: 19A / 20A | N43: 20A | O43: 13600 | P43: 17500 | Q43: 13000 | R43: 9107
A44: Preferred™ Series Under Ceiling Console 1:1 Heat Pump Systems
A45: 18,000/18,000 | B45: 22.4 | C45: 12.5 | D45: 10.4 | E45: C45MCFAQ18XA3 | F45: =INDEX('Ductless cross'!$E$8:$E$303,MATCH('DUCTLESS Single-Zone'!E45,'Ductless cross'!$B$8:$B$303,0)) -> #N/A | G45: C37MAHAQ18AA3 | H45: =INDEX('Ductless cross'!$E$8:$E$296,MATCH('DUCTLESS Single-Zone'!G45,'Ductless cross'!$B$8:$B$296,0)) -> #N/A | I45: 1/4" x 1/2" | J45: 98.42' | K45: .16 Oz/Ft | L45: 65.62' | M45: 19A / 20A | N45: 20A | O45: 14500 | P45: 17000 | Q45: 14500 | R45: 10289
A46: Legacy™ Series High Wall 1:1 Heat Pump Systems
A47: 9,000/10,000 | B47: 21.5 | C47: 12.5 | D47: 9.1 | E47: C45MHHAQ09XC1 | F47: =INDEX('Ductless cross'!$E$8:$E$296,MATCH('DUCTLESS Single-Zone'!E47,'Ductless cross'!$B$8:$B$296,0)) -> #N/A | G47: C37MHRAQ09AA1 | H47: =INDEX('Ductless cross'!$E$8:$E$296,MATCH('DUCTLESS Single-Zone'!G47,'Ductless cross'!$B$8:$B$296,0)) -> #N/A | I47: 1/4" x 3/8" | J47: 82.02' | K47: .16 Oz/Ft | L47: 49.21' | M47: 18A / 20A | N47: 20A | P47: 6797 | Q47: 8585 | R47: 6128
A48: 12,000/12,000 | B48: 21.4 | C48: 10 | D48: 8.7 | E48: C45MHHAQ12XC1 | F48: =INDEX('Ductless cross'!$E$8:$E$296,MATCH('DUCTLESS Single-Zone'!E48,'Ductless cross'!$B$8:$B$296,0)) -> #N/A | G48: C37MHRAQ12AA1 | H48: =INDEX('Ductless cross'!$E$8:$E$296,MATCH('DUCTLESS Single-Zone'!G48,'Ductless cross'!$B$8:$B$296,0)) -> #N/A | I48: 1/4" x 3/8" | J48: 82.02' | K48: .16 Oz/Ft | L48: 49.21' | M48: 19A / 20A | N48: 20A | P48: 6264 | Q48: 9325 | R48: 4917
A49: 9,000/10,000 | B49: 21.7 | C49: 12.6 | D49: 9.4 | E49: C45MHHAQ09XC3 | F49: =INDEX('Ductless cross'!$E$8:$E$296,MATCH('DUCTLESS Single-Zone'!E49,'Ductless cross'!$B$8:$B$296,0)) -> #N/A | G49: C37MHRAQ09AA3 | H49: =INDEX('Ductless cross'!$E$8:$E$296,MATCH('DUCTLESS Single-Zone'!G49,'Ductless cross'!$B$8:$B$296,0)) -> #N/A | I49: 1/4" x 3/8" | J49: 82.02' | K49: .16 Oz/Ft | L49: 49.21' | M49: 12A / 15A | N49: 15A | P49: 6459 | Q49: 8759 | R49: 6483
A50: 12,000/12,000 | B50: 21.4 | C50: 10.8 | D50: 9.2 | E50: C45MHHAQ12XC3 | F50: =INDEX('Ductless cross'!$E$8:$E$296,MATCH('DUCTLESS Single-Zone'!E50,'Ductless cross'!$B$8:$B$296,0)) -> #N/A | G50: C37MHRAQ12AA3 | H50: =INDEX('Ductless cross'!$E$8:$E$296,MATCH('DUCTLESS Single-Zone'!G50,'Ductless cross'!$B$8:$B$296,0)) -> #N/A | I50: 1/4" x 3/8" | J50: 82.02' | K50: .16 Oz/Ft | L50: 49.21' | M50: 13A / 15A | N50: 15A | P50: 7752 | Q50: 9427 | R50: 4640
A51: 18,000/18,800 | B51: 20.3 | C51: 11.5 | D51: 9.1 | E51: C45MHHAQ18XC3 | F51: =INDEX('Ductless cross'!$E$8:$E$296,MATCH('DUCTLESS Single-Zone'!E51,'Ductless cross'!$B$8:$B$296,0)) -> #N/A | G51: C37MHRAQ18AA3 | H51: =INDEX('Ductless cross'!$E$8:$E$296,MATCH('DUCTLESS Single-Zone'!G51,'Ductless cross'!$B$8:$B$296,0)) -> #N/A | I51: 1/4" x 1/2" | J51: 98.42' | K51: .16 Oz/Ft | L51: 65.62' | M51: 15A / 20A | N51: 20A | P51: 11493 | Q51: 14684 | R51: 10539
A52: 24,000/24,000 | B52: 18.5 | C52: 9.7 | D52: 9 | E52: C45MHHAQ24XC3 | F52: =INDEX('Ductless cross'!$E$8:$E$296,MATCH('DUCTLESS Single-Zone'!E52,'Ductless cross'!$B$8:$B$296,0)) -> #N/A | G52: C37MHRAQ24AA3 | H52: =INDEX('Ductless cross'!$E$8:$E$296,MATCH('DUCTLESS Single-Zone'!G52,'Ductless cross'!$B$8:$B$296,0)) -> #N/A | I52: 3/8" x 5/8" | J52: 164.04' | K52: .32 Oz/Ft | L52: 82.02' | M52: 19A / 20A | N52: 20A | P52: 16443 | Q52: 19646 | R52: 14260
A53: Accessories & Warranty Information:
A54: Use any 3rd party, 24V, 5-wire thermostat to control almost any Ductless system by adding the KSAIC0501230 (indoor/outdoor), KSAIC0601230 (mini indoor) only 24V Interface. Check pg. 8 of the "Compatibility Charts" for updates regarding 24V interface compatibility.
A55: The Carrier Evolution™ Ductless systems are shipped with a Wi-Fi kit standard. See the latest version of the "Compatibility Charts" for full details.
A56: Residential & Multi-Family Applications: 10 year limited warranty to original purchaser on compressor and parts when system is *registered within 90-days of installation. *Registration not required in CA and Quebec .
A57: Commercial Applications: 7 year limited warranty to original purchaser on compressor and parts. See Warranty documents for full details
A58: =IF('Ductless cross'!E2=0," ",'Ductless cross'!E2) | D58: ='Ductless cross'!E3 -> 0 | F58: =IF('Ductless cross'!E1="","","Acct #") | G58: =IF('Ductless cross'!E1="","",'Ductless cross'!E1) | R58: ='Ductless cross'!E4 -> 0

Sheet DUCTLESS Multi-zone
C1: R454B Multi-Zone Quick Reference Guide | R1: Ductless Systems
A2: Outdoor Unit With | B2: Price | C2: Max Zones | D2: Max Heating Capacity Btu's | G2: Max Cooling BTU's AT 5F (-15C) | I2: Port Combinations | L2: Max Line Set | M2: Max Total | N2: Pre- | P2: MCA | Q2: MOCP | R2: Recommended Fuse Size
A3: Factory Installed | L3: Length | M3: Line Set | N3: Charge | O3: Max Lift
A4: Base Pan Heater | D4: @ 5° F | E4: @-13F | F4: @ -22° F | G4: @ 95°F | H4: @109F [43C] | I4: Liquid | K4: Suction | L4: Per Zone | M4: Length | N4: Length
A5: This Sheet is not intended to replace the Installation Instructions. It is a reference guide only. Always read through the Installation Instructions.
A6: Evolution™ Series Multi-Zone Heat Pump Systems
A7: C37MGHAQ18CA3 | B7: =INDEX('Ductless cross'!$E$8:$E$296,MATCH(A7,'Ductless cross'!$B$8:$B$296,0)) -> #N/A | C7: 3 | D7: 19000 | E7: 13600 | F7: 11000 | G7: 19000 | H7: 24000 | I7: 3 @ 1/4" | J7: 3 @ 3/8" | L7: 98.4' | M7: 196.9' | N7: 73.8' | O7: 49' | P7: 17.5 | Q7: 20 | R7: 20
A8: C37MGHAQ24DA3 | B8: =INDEX('Ductless cross'!$E$8:$E$296,MATCH(A8,'Ductless cross'!$B$8:$B$296,0)) -> #N/A | C8: 4 | D8: 25000 | E8: 17000 | F8: 14000 | G8: 24000 | H8: 32000 | I8: 4 @ 1/4" | J8: 3 @ 3/8" + 1 @ 1/2" | L8: 114.8' | M8: 262.5' | N8: 98.4' | O8: 49' | P8: 30 | Q8: 35 | R8: 35
A9: C37MGHAQ30EA3 | B9: =INDEX('Ductless cross'!$E$8:$E$296,MATCH(A9,'Ductless cross'!$B$8:$B$296,0)) -> #N/A | C9: 5 | D9: 36000 | E9: 28000 | F9: 22400 | G9: 30000 | H9: 39000 | I9: 5 @ 1/4" | J9: 3 @ 3/8" + 2 @ 1/2" | L9: 114.8' | M9: 262.5' | N9: 123' | O9: 49' | P9: 37 | Q9: 40 | R9: 40
A10: C37MGHAQ36EA3 | B10: =INDEX('Ductless cross'!$E$8:$E$296,MATCH(A10,'Ductless cross'!$B$8:$B$296,0)) -> #N/A | C10: 5 | D10: 36000 | E10: 28000 | F10: 22400 | G10: 36000 | H10: 39000 | I10: 5 @ 1/4" | J10: 3 @ 3/8" + 2 @ 1/2" | L10: 114.8' | M10: 262.5' | N10: 123' | O10: 65' | P10: 37 | Q10: 40 | R10: 40
A11: C37MGHAQ48FA3 | B11: =INDEX('Ductless cross'!$E$8:$E$296,MATCH(A11,'Ductless cross'!$B$8:$B$296,0)) -> #N/A | C11: 6 | D11: 47000 | E11: 30000 | F11: 25000 | G11: 47000 | H11: 45000 | I11: 6 @ 1/4" | J11: 4 @ 3/8" + 2 @ 1/2" | L11: 114.8' | M11: 262.5' | N11: 147.6' | O11: 65' | P11: 37 | Q11: 40 | R11: 40
A12: C37MGHAQ55FA3 | B12: =INDEX('Ductless cross'!$E$8:$E$296,MATCH(A12,'Ductless cross'!$B$8:$B$296,0)) -> #N/A | C12: 6 | D12: 47000 | E12: 32000 | F12: 26400 | G12: 51000 | H12: 46000 | I12: 6 @ 1/4" | J12: 4 @ 3/8" + 2 @ 1/2" | L12: 114.8' | M12: 262.5' | N12: 147.6' | O12: 65' | P12: 39.5 | Q12: 40 | R12: 40
A13: Preferred™ Series High Heat Multi-Zone Heat Pump Systems
A14: C37MGRAQ18CA3 | B14: =INDEX('Ductless cross'!$E$8:$E$296,MATCH(A14,'Ductless cross'!$B$8:$B$296,0)) -> #N/A | C14: 3 | D14: 13500 | E14: 8200 | G14: 18000 | H14: 18800 | I14: 3 @ 1/4" | J14: 3 @ 3/8" | L14: 98.4' | M14: 196.9' | N14: 73.8' | O14: 49.21' | P14: 16 | Q14: 20 | R14: 20
A15: C37MGRAQ24DA3 | B15: =INDEX('Ductless cross'!$E$8:$E$296,MATCH(A15,'Ductless cross'!$B$8:$B$296,0)) -> #N/A | C15: 4 | D15: 18000 | E15: 12000 | G15: 24000 | H15: 27400 | I15: 4 @ 1/4" | J15: 3 @ 3/8" + 1 @ 1/2" | L15: 114.8' | M15: 262.5' | N15: 98.4' | O15: 49.21' | P15: 23 | Q15: 25 | R15: 25
A16: C37MGRAQ30EA3 | B16: =INDEX('Ductless cross'!$E$8:$E$296,MATCH(A16,'Ductless cross'!$B$8:$B$296,0)) -> #N/A | C16: 5 | D16: 26000 | E16: 17500 | G16: 30000 | H16: 30600 | I16: 5 @ 1/4" | J16: 3 @ 3/8" + 2 @ 1/2" | L16: 114.8' | M16: 262.5' | N16: 123' | O16: 49.21' | P16: 30.5 | Q16: 35 | R16: 35
A17: C37MGRAQ36EA3 | B17: =INDEX('Ductless cross'!$E$8:$E$296,MATCH(A17,'Ductless cross'!$B$8:$B$296,0)) -> #N/A | C17: 5 | D17: 26000 | E17: 17500 | G17: 36000 | H17: 30600 | I17: 5 @ 1/4" | J17: 3 @ 3/8" + 2 @ 1/2" | L17: 114.8' | M17: 262.5' | N17: 123' | O17: 49.21' | P17: 30.5 | Q17: 35 | R17: 35
A18: C37MGRAQ48FA3 | B18: =INDEX('Ductless cross'!$E$8:$E$296,MATCH(A18,'Ductless cross'!$B$8:$B$296,0)) -> #N/A | C18: 6 | D18: 36000 | E18: 27000 | G18: 47000 | H18: 42000 | I18: 6 @ 1/4" | J18: 4 @ 3/8" + 2 @ 1/2" | L18: 114.8' | M18: 262.5' | N18: 147.6' | O18: 49.21' | P18: 34 | Q18: 40 | R18: 40
A19: C37MGRAQ55FA3 | B19: =INDEX('Ductless cross'!$E$8:$E$296,MATCH(A19,'Ductless cross'!$B$8:$B$296,0)) -> #N/A | C19: 6 | D19: 39000 | E19: 27800 | G19: 60000 | H19: 46000 | I19: 6 @ 1/4" | J19: 4 @ 3/8" + 2 @ 1/2" | L19: 114.8' | M19: 262.5' | N19: 147.6' | O19: 49.21' | P19: 36 | Q19: 40 | R19: 40
A20: Indoor Unit Types, Models, and Approved Btu/hr Combinations
A34: Btu/hr | B34: HIGH WALL | F34: 4-WAY CEILING CASSETTES | I34: ONE-WAY CEILING | K34: STANDARD STATIC | M34: HIGH STATIC | O34: FLOOR / CEILING | Q34: MULTI-POISE AIR HANDLER (AHU)
B35: Evolution™ | D35: Preferred™ | I35: CASSETTES | K35: SLIM DUCTED | M35: SLIM DUCTED | O35: CONSOLE
A36: 6K | B36: B615PHAQ06XA3 | C36: =INDEX('Ductless cross'!$E$8:$E$296,MATCH(B36,'Ductless cross'!$B$8:$B$296,0)) -> #N/A | D36: B615AHAQ06XA3 | E36: =INDEX('Ductless cross'!$E$8:$E$296,MATCH(D36,'Ductless cross'!$B$8:$B$296,0)) -> #N/A | I36: C45MCCAQ06XA3 | J36: =INDEX('Ductless cross'!$E$8:$E$296,MATCH(I36,'Ductless cross'!$B$8:$B$296,0)) -> #N/A | K36: C45MBDAQ06XA3 | L36: =INDEX('Ductless cross'!$E$8:$E$296,MATCH(K36,'Ductless cross'!$B$8:$B$296,0)) -> #N/A
A37: 9K | B37: B615PHAQ09XA3 | C37: =INDEX('Ductless cross'!$E$8:$E$301,MATCH(B37,'Ductless cross'!$B$8:$B$301,0)) -> #N/A | D37: B615AHAQ09XA3 | E37: =INDEX('Ductless cross'!$E$8:$E$296,MATCH(D37,'Ductless cross'!$B$8:$B$296,0)) -> #N/A | F37: C45MBCAQ12XA3 | H37: =INDEX('Ductless cross'!$E$8:$E$296,MATCH(F37,'Ductless cross'!$B$8:$B$296,0)) -> #N/A | I37: C45MCCAQ12XA3 | J37: =INDEX('Ductless cross'!$E$8:$E$296,MATCH(I37,'Ductless cross'!$B$8:$B$296,0)) -> #N/A | K37: C45MBDAQ12XA3 | L37: =INDEX('Ductless cross'!$E$8:$E$296,MATCH(K37,'Ductless cross'!$B$8:$B$296,0)) -> #N/A | M37: C45MBDAQ12XH3 | N37: =INDEX('Ductless cross'!$E$8:$E$296,MATCH(M37,'Ductless cross'!$B$8:$B$296,0)) -> #N/A | O37: C45MBFAQ09XA3 | P37: =INDEX('Ductless cross'!$E$8:$E$296,MATCH(O37,'Ductless cross'!$B$8:$B$296,0)) -> #N/A
A38: 12K | B38: B615PHAQ12XA3 | C38: =INDEX('Ductless cross'!$E$8:$E$301,MATCH(B38,'Ductless cross'!$B$8:$B$301,0)) -> #N/A | D38: B615AHAQ12XA3 | E38: =INDEX('Ductless cross'!$E$8:$E$296,MATCH(D38,'Ductless cross'!$B$8:$B$296,0)) -> #N/A | F38: C45MBCAQ12XA3 | H38: =INDEX('Ductless cross'!$E$8:$E$296,MATCH(F38,'Ductless cross'!$B$8:$B$296,0)) -> #N/A | I38: C45MCCAQ12XA3 | J38: =INDEX('Ductless cross'!$E$8:$E$296,MATCH(I38,'Ductless cross'!$B$8:$B$296,0)) -> #N/A | K38: C45MBDAQ12XA3 | L38: =INDEX('Ductless cross'!$E$8:$E$296,MATCH(K38,'Ductless cross'!$B$8:$B$296,0)) -> #N/A | M38: C45MBDAQ12XH3 | N38: =INDEX('Ductless cross'!$E$8:$E$296,MATCH(M38,'Ductless cross'!$B$8:$B$296,0)) -> #N/A | O38: C45MBFAQ12XA3 | P38: =INDEX('Ductless cross'!$E$8:$E$296,MATCH(O38,'Ductless cross'!$B$8:$B$296,0)) -> #N/A
A39: 16K | O39: C45MBFAQ16XA3 | P39: =INDEX('Ductless cross'!$E$8:$E$296,MATCH(O39,'Ductless cross'!$B$8:$B$296,0)) -> #N/A
A40: 18K | B40: B615PHAQ18XA3 | C40: =INDEX('Ductless cross'!$E$8:$E$296,MATCH(B40,'Ductless cross'!$B$8:$B$296,0)) -> #N/A | D40: B615AHAQ18XA3 | E40: =INDEX('Ductless cross'!$E$8:$E$296,MATCH(D40,'Ductless cross'!$B$8:$B$296,0)) -> #N/A | F40: C45MBCAQ18XA3 | H40: =INDEX('Ductless cross'!$E$8:$E$296,MATCH(F40,'Ductless cross'!$B$8:$B$296,0)) -> #N/A | I40: C45MCCAQ18XA3 | J40: =INDEX('Ductless cross'!$E$8:$E$296,MATCH(I40,'Ductless cross'!$B$8:$B$296,0)) -> #N/A | K40: C45MBDAQ18XA3 | L40: =INDEX('Ductless cross'!$E$8:$E$296,MATCH(K40,'Ductless cross'!$B$8:$B$296,0)) -> #N/A | M40: C45MBDAQ18XH3 | N40: =INDEX('Ductless cross'!$E$8:$E$296,MATCH(M40,'Ductless cross'!$B$8:$B$296,0)) -> #N/A | Q40: C45MBAAQ18XB3 | R40: =INDEX('Ductless cross'!$E$8:$E$296,MATCH(Q40,'Ductless cross'!$B$8:$B$296,0)) -> #N/A
A41: 24K | D41: B615AHAQ24XA3 | E41: =INDEX('Ductless cross'!$E$8:$E$296,MATCH(D41,'Ductless cross'!$B$8:$B$296,0)) -> #N/A | F41: C45MBCAQ24XA3 | H41: =INDEX('Ductless cross'!$E$8:$E$296,MATCH(F41,'Ductless cross'!$B$8:$B$296,0)) -> #N/A | M41: C45MBDAQ24XH3 | N41: =INDEX('Ductless cross'!$E$8:$E$296,MATCH(M41,'Ductless cross'!$B$8:$B$296,0)) -> #N/A | Q41: C45MBAAQ24XB3 | R41: =INDEX('Ductless cross'!$E$8:$E$296,MATCH(Q41,'Ductless cross'!$B$8:$B$296,0)) -> #N/A
A42: 30K | D42: B615AHAQ30XA3 | E42: =INDEX('Ductless cross'!$E$8:$E$296,MATCH(D42,'Ductless cross'!$B$8:$B$296,0)) -> #N/A | Q42: C45MBAAQ30XB3 | R42: =INDEX('Ductless cross'!$E$8:$E$296,MATCH(Q42,'Ductless cross'!$B$8:$B$296,0)) -> #N/A
A43: 33K | D43: B615AHAQ33XA3 | E43: =INDEX('Ductless cross'!$E$8:$E$296,MATCH(D43,'Ductless cross'!$B$8:$B$296,0)) -> #N/A
A44: 36K | D44: B615AHAQ36XA3 | E44: =INDEX('Ductless cross'!$E$8:$E$296,MATCH(D44,'Ductless cross'!$B$8:$B$296,0)) -> #N/A | Q44: C45MBAAQ36XB3 | R44: =INDEX('Ductless cross'!$E$8:$E$302,MATCH(Q44,'Ductless cross'!$B$8:$B$302,0)) -> #N/A
A45: Installation Notes:
A46: Port adaptors included with the outdoor units and no branch boxes required.
A47: 10' minimum line length required per each zone.
A48: Minimum 2 zones must be connected.
A49: Up to 2 AHUs can be used for the following combinations only: 18+18, 18+24, 18+30, 18+36, 24+24, 24+30, 24+36. In the case that 2 AHU units are selected, no other units may be connected to the outdoor unit, regardless of remaining ports or capacity availability.
A50: When a 30k or 36k AHU is utilized in combination with the 48k Multi-Zone ODU, 500 grams (17.6 Oz) of additional refrigerant should be added to the system.
A51: One-Way Cassette sizing is determined by capacity rotary switch on IDU.
A52: Wi-Fi™ Kits and Wired Remote Controllers compatible with Single or Multi-Zone as per IDU Compatibility.
R53: ='Ductless cross'!#REF! -> #REF!

Sheet Multi-zone Combinations
A1: Multizone Quick Reference Guide - Puron Advance Ductless Systems
B2: Available IDUs | D2: Two Zones | G2: Three Zones | K2: Four Zones | P2: Five Zones | V2: Six Zones
A3: 37MGRAQ18CA3 | B3: High Wall 6K/9K/12K/18K | D3: 6+6 | E3: 6+18 | G3: 6+6+6
D4: 6+9 | E4: 9+9 | G4: 6+6+9
B5: Cassette/Duct/Console 6K/9K/12K/18K | D5: 6+12 | E5: 9+12 | G5: 6+9+9
D6: 12+12
A7: 37MGHAQ18CA3 | B7: High Wall 6K/9K/12K/18K/24K | D7: 6+6 | E7: 9+24 | G7: 6+6+6 | H7: 6+12+12 | I7: 6+9+18
D8: 6+9 | E8: 12+12 | G8: 6+6+9 | H8: 6+12+18 | I8: 9+9+18
D9: 6+12 | E9: 12+18 | G9: 6+6+12 | H9: 9+9+9
B10: Cassette/Duct/Console 6K/9K/12K/18K/24K | D10: 6+18 | E10: 12+24 | G10: 6+6+18 | H10: 9+9+12
D11: 6+24 | E11: 18+18 | G11: 6+6+24 | H11: 9+9+18
D12: 9+9 | E12: 6+18 | G12: 6+9+9 | H12: 9+12+12
B13: Vertical Air Handler 18K | D13: 9+12 | E13: 9+18 | G13: 6+9+12 | H13: 12+12+12
D14: 9+18 | E14: 12+18 | G14: 6+9+18 | H14: 6+6+18
A15: 37MGRAQ24DA3 | B15: High Wall 6K/9K/12K/18K/24K | D15: 6+6 | E15: 9+24 | G15: 6+6+6 | H15: 6+12+12 | I15: 6+9+18 | K15: 6+6+6+6
D16: 6+9 | E16: 12+12 | G16: 6+6+9 | H16: 6+12+18 | I16: 9+9+18 | K16: 6+6+6+9
D17: 6+12 | E17: 12+18 | G17: 6+6+12 | H17: 9+9+9 | K17: 6+6+6+12
B18: Cassette/Duct/Console 6K/9K/12K/18K/24K | D18: 6+18 | E18: 12+24 | G18: 6+6+18 | H18: 9+9+12 | K18: 6+6+9+9
D19: 6+24 | E19: 18+18 | G19: 6+6+24 | H19: 9+9+18 | K19: 6+6+9+12
D20: 9+9 | E20: 6+18 | G20: 6+9+9 | H20: 9+12+12 | K20: 6+9+9+9
B21: Vertical Air Handler 18K | D21: 9+12 | E21: 9+18 | G21: 6+9+12 | H21: 12+12+12 | K21: 6+9+9+12
D22: 9+18 | E22: 12+18 | G22: 6+9+18 | H22: 6+6+18 | K22: 9+9+9+9
A23: 37MGHAQ24DA3 | B23: High Wall 6K/9K/12K/18K/24K | D23: 6+18 | E23: 6+18 | G23: 6+6+6 | H23: 6+12+18 | I23: 9+12+24 | J23: 6+12+18 | K23: 6+6+6+6 | L23: 6+6+12+18 | M23: 6+12+12+18 | N23: 6+6+9+18
D24: 6+24 | E24: 6+24 | G24: 6+6+9 | H24: 6+12+24 | I24: 9+18+18 | J24: 6+12+24 | K24: 6+6+6+9 | L24: 6+6+12+24 | M24: 9+9+9+9 | N24: 6+6+9+24
D25: 9+9 | E25: 9+18 | G25: 6+6+12 | H25: 6+18+18 | I25: 12+12+12 | J25: 9+9+18 | K25: 6+6+6+12 | L25: 6+6+18+18 | M25: 9+9+9+12 | N25: 6+9+9+18
B26: Cassette/Duct/Console 6K/9K/12K/18K/24K | D26: 9+12 | E26: 9+24 | G26: 6+6+18 | H26: 6+18+24 | I26: 12+12+18 | J26: 9+9+24 | K26: 6+6+6+18 | L26: 6+9+9+9 | M26: 9+9+9+18 | N26: 6+9+9+24
D27: 9+18 | E27: 12+18 | G27: 6+6+24 | H27: 9+9+9 | I27: 12+12+24 | J27: 9+12+18 | K27: 6+6+6+24 | L27: 6+9+9+12 | M27: 9+9+12+12 | N27: 9+9+9+18
D28: 9+24 | E28: 12+24 | G28: 6+9+9 | H28: 9+9+12 | I28: 12+18+18 | J28: 9+12+24 | K28: 6+6+9+9 | L28: 6+9+9+18 | M28: 9+9+12+18
B29: Vertical Air Handler 18K/24K | D29: 12+12 | E29: 18+18 | G29: 6+9+12 | H29: 9+9+18 | I29: 6+6+18 | J29: 12+12+18 | K29: 6+6+9+12 | L29: 6+9+9+24 | M29: 9+12+12+12
D30: 12+18 | G30: 6+9+18 | H30: 9+9+24 | I30: 6+6+24 | J30: 12+12+24 | K30: 6+6+9+18 | L30: 6+9+12+12 | M30: 12+12+12+12
D31: 12+24 | G31: 6+9+24 | H31: 9+12+12 | I31: 6+9+18 | K31: 6+6+9+24 | L31: 6+9+12+18 | M31: 6+6+6+18
D32: 18+18 | G32: 6+12+12 | H32: 9+12+18 | I32: 6+9+24 | K32: 6+6+12+12 | L32: 6+12+12+12 | M32: 6+6+6+24
A33: 37MGRAQ30EA3 37MGRAQ36EA3 | B33: High Wall 6K/9K/12K/18K/24K | D33: 6+18 | E33: 6+24 | G33: 6+6+6 | H33: 6+12+24 | I33: 12+12+18 | J33: 9+12+18 | K33: 6+6+6+6 | L33: 6+6+12+24 | M33: 9+9+9+12 | N33: 6+6+12+24 | P33: 6+6+6+6+6 | Q33: 6+9+9+9+12
D34: 6+24 | E34: 9+18 | G34: 6+6+9 | H34: 6+18+18 | I34: 12+12+24 | J34: 9+12+24 | K34: 6+6+6+9 | L34: 6+6+18+18 | M34: 9+9+9+18 | N34: 6+9+9+18 | P34: 6+6+6+6+9 | Q34: 6+9+9+9+18
D35: 9+9 | E35: 9+24 | G35: 6+6+12 | H35: 9+9+9 | I35: 12+18+18 | J35: 12+12+18 | K35: 6+6+6+12 | L35: 6+9+9+9 | M35: 9+9+12+12 | N35: 6+9+9+24 | P35: 6+6+6+6+12 | Q35: 9+9+9+9+9
D36: 9+12 | E36: 12+18 | G36: 6+6+18 | H36: 9+9+12 | I36: 6+6+18 | J36: 12+12+24 | K36: 6+6+6+18 | L36: 6+9+9+12 | M36: 9+9+12+18 | N36: 6+9+12+18 | P36: 6+6+6+6+18 | Q36: 9+9+9+9+12
B37: Cassette/Duct/Console 6K/9K/12K/18K/24K | D37: 9+18 | E37: 12+24 | G37: 6+6+24 | H37: 9+9+18 | I37: 6+6+24 | K37: 6+6+6+24 | L37: 6+9+9+18 | M37: 9+12+12+12 | N37: 6+12+12+18 | P37: 6+6+6+9+9 | Q37: 6+6+6+6+18
D38: 9+24 | E38: 18+18 | G38: 6+9+9 | H38: 9+9+24 | I38: 6+9+18 | K38: 6+6+9+9 | L38: 6+9+9+24 | M38: 12+12+12+12 | N38: 9+9+9+18 | P38: 6+6+6+9+12 | Q38: 6+6+6+9+18
D39: 12+12 | G39: 6+9+12 | H39: 9+12+12 | I39: 6+9+24 | K39: 6+6+9+12 | L39: 6+9+12+12 | M39: 6+6+6+18 | N39: 9+9+12+18 | P39: 6+6+6+9+18 | Q39: 6+6+9+9+18
D40: 12+18 | G40: 6+9+18 | H40: 9+12+18 | I40: 6+12+18 | K40: 6+6+9+18 | L40: 6+9+12+18 | M40: 6+6+6+24 | P40: 6+6+9+9+9 | Q40: 6+9+9+9+18
B41: Vertical Air Handler 18K/24K | D41: 12+24 | G41: 6+9+24 | H41: 9+12+24 | I41: 6+12+24 | K41: 6+6+9+24 | L41: 6+12+12+12 | M41: 6+6+9+18 | P41: 6+6+9+9+12
D42: 18+18 | G42: 6+12+12 | H42: 9+18+18 | I42: 9+9+18 | K42: 6+6+12+12 | L42: 6+12+12+18 | M42: 6+6+9+24 | P42: 6+6+9+9+18
D43: 6+18 | G43: 6+12+18 | H43: 12+12+12 | I43: 9+9+24 | K43: 6+6+12+18 | L43: 9+9+9+9 | M43: 6+6+12+18 | P43: 6+9+9+9+9
A44: 37MGHAQ30EA3 37MGHAQ36EA3 | B44: High Wall 6K/9K/12K/18K/24K/30K/36K | D44: 6+24 | E44: 18+30 | F44: 9+24 | G44: 6+6+12 | H44: 6+18+18 | I44: 12+12+24 | J44: 9+9+18 | K44: 6+6+6+6 | L44: 6+9+9+9 | M44: 6+18+18+18 | N44: 9+18+18+18 | O44: 6+9+12+24 | P44: 6+6+6+6+6 | Q44: 6+9+9+9+9
D45: 6+30 | E45: 24+24 | F45: 9+30 | G45: 6+6+18 | H45: 6+18+24 | I45: 12+18+18 | J45: 9+9+24 | K45: 6+6+6+9 | L45: 6+9+9+12 | M45: 9+9+9+9 | N45: 12+12+12+12 | O45: 6+12+12+18 | P45: 6+6+6+6+9 | Q45: 6+9+9+9+12
D46: 6+36 | E46: 12+36 | F46: 9+36 | G46: 6+6+24 | H46: 9+9+9 | I46: 12+18+24 | J46: 9+9+30 | K46: 6+6+6+12 | L46: 6+9+9+18 | M46: 9+9+9+12 | N46: 12+12+12+18 | O46: 6+12+12+24 | P46: 6+6+6+6+12 | Q46: 6+9+9+12+12
D47: 9+18 | E47: 18+18 | F47: 12+18 | G47: 6+6+30 | H47: 9+9+12 | I47: 18+18+18 | J47: 9+12+18 | K47: 6+6+6+18 | L47: 6+9+9+24 | M47: 9+9+9+18 | N47: 12+12+12+24 | O47: 9+9+9+18 | P47: 6+6+6+6+18 | Q47: 9+9+9+9+9
D48: 9+24 | E48: 18+24 | F48: 12+24 | G48: 6+6+36 | H48: 9+9+18 | I48: 6+6+18 | J48: 9+12+24 | K48: 6+6+6+24 | L48: 6+9+12+12 | M48: 9+9+9+24 | N48: 12+12+18+18 | O48: 9+9+9+24 | P48: 6+6+6+9+9 | Q48: 9+9+9+9+12
B49: Cassette/Duct/Console 6K/9K/12K/18K/24K | D49: 9+30 | E49: 18+30 | F49: 12+30 | G49: 6+9+9 | H49: 9+9+24 | I49: 6+6+24 | J49: 12+12+18 | K49: 6+6+9+9 | L49: 6+9+12+18 | M49: 9+9+12+12 | N49: 6+6+6+18 | O49: 9+9+12+18 | P49: 6+6+6+9+12 | Q49: 6+6+6+6+18
D50: 9+36 | E50: 18+36 | F50: 12+36 | G50: 6+9+12 | H50: 9+9+30 | I50: 6+6+30 | J50: 12+12+24 | K50: 6+6+9+12 | L50: 6+9+12+24 | M50: 9+9+12+18 | N50: 6+6+6+24 | O50: 9+9+12+24 | P50: 6+6+6+9+18 | Q50: 6+6+6+9+18
D51: 12+12 | E51: 24+24 | F51: 18+18 | G51: 6+9+18 | H51: 9+12+12 | I51: 6+6+36 | K51: 6+6+9+18 | L51: 6+9+18+18 | M51: 9+9+12+24 | N51: 6+6+9+18 | O51: 9+12+12+18 | P51: 6+6+6+12+12 | Q51: 6+6+9+9+18
D52: 12+18 | E52: 24+30 | F52: 18+24 | G52: 6+9+24 | H52: 9+12+18 | I52: 6+9+18 | K52: 6+6+9+24 | L52: 6+9+18+24 | M52: 9+9+18+18 | N52: 6+6+9+24 | O52: 9+12+12+24 | P52: 6+6+6+12+18
D53: 12+24 | E53: 6+18 | F53: 18+30 | G53: 6+9+30 | H53: 9+12+24 | I53: 6+9+24 | K53: 6+6+12+12 | L53: 6+12+12+12 | M53: 9+9+18+24 | N53: 6+6+12+18 | O53: 12+12+12+18 | P53: 6+6+9+9+9
B54: Vertical Air Handler 18K/24K/30K/36K | D54: 12+30 | E54: 6+24 | F54: 24+24 | G54: 6+12+12 | H54: 9+18+18 | I54: 6+9+30 | K54: 6+6+12+18 | L54: 6+12+12+18 | M54: 9+12+12+12 | N54: 6+6+12+24 | O54: 12+12+12+24 | P54: 6+6+9+9+12
D55: 12+36 | E55: 6+30 | G55: 6+12+18 | H55: 9+18+24 | I55: 6+12+18 | K55: 6+6+12+24 | L55: 6+12+12+24 | M55: 9+12+12+18 | N55: 6+9+9+18 | P55: 6+6+9+9+18
D56: 18+18 | E56: 6+36 | G56: 6+12+24 | H56: 12+12+12 | I56: 6+12+24 | K56: 6+6+18+18 | L56: 6+12+18+18 | M56: 9+12+12+24 | N56: 6+9+9+24 | P56: 6+6+9+12+12
D57: 18+24 | E57: 9+18 | G57: 6+12+30 | H57: 12+12+18 | I57: 6+12+30 | K57: 6+6+18+24 | L57: 6+12+18+24 | M57: 9+12+18+18 | N57: 6+9+12+18 | P57: 6+6+12+12+12
A58: 37MGRAQ48FA3 | B58: High Wall 6K/9K/12K/18K/24K/30K/36K | D58: 6+24 | E58: 24+24 | F58: 18+24 | G58: 6+6+18 | H58: 6+18+36 | I58: 12+12+12 | J58: 6+9+36 | K58: 6+6+6+6 | L58: 6+9+9+24 | M58: 9+9+12+18 | N58: 6+6+9+18 | O58: 12+12+12+18 | P58: 6+6+6+6+6 | Q58: 6+6+9+9+18 | R58: 6+9+9+12+18 | S58: 9+9+9+18+18 | T58: 6+9+12+12+18 | V58: 6+6+6+6+6+6 | W58: 6+6+9+9+9+9 | X58: 9+9+9+9+12+12
D59: 6+30 | E59: 24+30 | F59: 18+30 | G59: 6+6+24 | H59: 9+9+9 | I59: 12+12+18 | J59: 6+12+18 | K59: 6+6+6+9 | L59: 6+9+12+12 | M59: 9+9+12+24 | N59: 6+6+9+24 | O59: 12+12+12+24 | P59: 6+6+6+6+9 | Q59: 6+6+9+9+24 | R59: 6+9+9+12+24 | S59: 9+9+12+12+12 | T59: 6+9+12+12+24 | V59: 6+6+6+6+6+9 | W59: 6+6+9+9+9+12 | X59: 9+9+9+12+12+12
D60: 6+36 | E60: 24+36 | F60: 18+36 | G60: 6+6+30 | H60: 9+9+12 | I60: 12+12+24 | J60: 6+12+24 | K60: 6+6+6+18 | L60: 6+9+12+18 | M60: 9+9+18+18 | N60: 6+6+12+18 | P60: 6+6+6+6+12 | Q60: 6+6+9+12+12 | R60: 6+9+9+18+18 | S60: 9+9+12+12+18 | T60: 6+12+12+12+18 | V60: 6+6+6+6+6+12 | W60: 6+6+9+9+9+18 | X60: 6+6+6+6+6+18
D61: 9+18 | E61: 6+18 | F61: 24+24 | G61: 6+6+36 | H61: 9+9+18 | I61: 12+12+30 | J61: 6+12+30 | K61: 6+6+6+24 | L61: 6+9+12+24 | M61: 9+9+18+24 | N61: 6+6+12+24 | P61: 6+6+6+6+18 | Q61: 6+6+9+12+18 | R61: 6+9+12+12+12 | S61: 9+12+12+12+12 | T61: 9+9+9+9+18 | V61: 6+6+6+6+6+18 | W61: 6+6+9+9+12+12 | X61: 6+6+6+6+9+18
D62: 9+24 | E62: 6+24 | F62: 24+30 | G62: 6+9+12 | H62: 9+9+24 | I62: 12+12+36 | J62: 6+12+36 | K62: 6+6+9+9 | L62: 6+9+18+18 | M62: 9+12+12+12 | N62: 6+9+9+18 | P62: 6+6+6+6+24 | Q62: 6+6+9+12+24 | R62: 6+9+12+12+18 | S62: 9+12+12+12+18 | T62: 9+9+9+9+24 | V62: 6+6+6+6+9+9 | W62: 6+6+9+9+12+18 | X62: 6+6+6+9+9+18
D63: 9+30 | E63: 6+30 | F63: 24+36 | G63: 6+9+18 | H63: 9+9+30 | I63: 12+18+18 | J63: 9+9+18 | K63: 6+6+9+12 | L63: 6+9+18+24 | M63: 9+12+12+18 | N63: 6+9+9+24 | P63: 6+6+6+9+9 | Q63: 6+6+9+18+18 | R63: 6+9+12+12+24 | S63: 12+12+12+12+12 | T63: 9+9+9+12+24 | V63: 6+6+6+6+9+12 | W63: 6+6+9+12+12+12 | X63: 6+6+9+9+9+18
B64: Cassette/Duct/Console 6K/9K/12K/18K/24K | D64: 9+36 | E64: 6+36 | G64: 6+9+24 | H64: 9+9+36 | I64: 12+18+24 | J64: 9+9+24 | K64: 6+6+9+18 | L64: 6+12+12+12 | M64: 9+12+12+24 | N64: 6+9+12+18 | P64: 6+6+6+9+12 | Q64: 6+6+9+18+24 | R64: 6+9+12+18+18 | S64: 6+6+6+6+18 | T64: 9+9+9+12+18 | V64: 6+6+6+6+9+18 | W64: 6+6+9+12+12+18 | X64: 6+9+9+9+9+18
D65: 12+12 | E65: 9+18 | G65: 6+9+30 | H65: 9+12+12 | I65: 12+18+30 | J65: 9+9+30 | K65: 6+6+9+24 | L65: 6+12+12+18 | M65: 9+12+18+18 | N65: 6+9+12+24 | P65: 6+6+6+9+18 | Q65: 6+6+12+12+12 | R65: 6+12+12+12+12 | S65: 6+6+6+6+24 | T65: 9+9+12+12+18 | V65: 6+6+6+6+12+12 | W65: 6+9+9+9+9+9 | X65: 9+9+9+9+9+18
D66: 12+18 | E66: 9+24 | G66: 6+9+36 | H66: 9+12+18 | I66: 18+18+18 | J66: 9+9+36 | K66: 6+6+12+12 | L66: 6+12+12+24 | M66: 9+12+18+24 | N66: 6+12+12+18 | P66: 6+6+6+9+24 | Q66: 6+6+12+12+18 | R66: 6+12+12+12+18 | S66: 6+6+6+9+18 | T66: 9+12+12+12+18 | V66: 6+6+6+6+12+18 | W66: 6+9+9+9+9+12
D67: 12+24 | E67: 9+30 | G67: 6+12+18 | H67: 9+12+24 | I67: 6+6+18 | J67: 9+12+18 | K67: 6+6+12+18 | L67: 6+12+18+18 | M67: 9+18+18+18 | N67: 6+12+12+24 | P67: 6+6+6+12+12 | Q67: 6+6+12+12+24 | R67: 9+9+9+9+9 | S67: 6+6+6+9+24 | V67: 6+6+6+9+9+9 | W67: 6+9+9+9+9+18
D68: 12+30 | E68: 9+36 | G68: 6+12+24 | H68: 9+12+30 | I68: 6+6+24 | J68: 9+12+24 | K68: 6+6+12+24 | L68: 6+12+18+24 | M68: 12+12+12+12 | N68: 9+9+9+18 | P68: 6+6+6+12+18 | Q68: 6+6+12+18+18 | R68: 9+9+9+9+12 | S68: 6+6+6+12+18 | V68: 6+6+6+9+9+12 | W68: 6+9+9+9+12+12
B69: Vertical Air Handler 18K/24K/30K/36K | D69: 12+36 | E69: 12+18 | G69: 6+12+30 | H69: 9+12+36 | I69: 6+6+30 | J69: 9+12+30 | K69: 6+6+18+18 | L69: 9+9+9+9 | M69: 12+12+12+18 | N69: 9+9+9+24 | P69: 6+6+6+12+24 | Q69: 6+9+9+9+9 | R69: 9+9+9+9+18 | S69: 6+6+6+12+24 | V69: 6+6+6+9+9+18 | W69: 6+9+9+9+12+18
D70: 18+18 | E70: 12+24 | G70: 6+12+36 | H70: 9+18+18 | I70: 6+6+36 | J70: 9+12+36 | K70: 6+6+18+24 | L70: 9+9+9+12 | M70: 12+12+12+24 | N70: 9+9+12+18 | P70: 6+6+6+18+18 | Q70: 6+9+9+9+12 | R70: 9+9+9+9+24 | S70: 6+9+9+9+18 | V70: 6+6+6+9+12+12 | W70: 6+9+9+12+12+12
D71: 18+24 | E71: 12+30 | G71: 6+18+18 | H71: 9+18+24 | I71: 6+9+18 | J71: 12+12+18 | K71: 6+9+9+9 | L71: 9+9+9+18 | M71: 12+12+18+18 | N71: 9+9+12+24 | P71: 6+6+6+18+24 | Q71: 6+9+9+9+18 | R71: 9+9+9+12+12 | S71: 6+9+9+9+24 | V71: 6+6+6+9+12+18 | W71: 9+9+9+9+9+9
D72: 18+30 | E72: 12+36 | G72: 6+18+24 | H72: 9+18+30 | I72: 6+9+24 | J72: 12+12+24 | K72: 6+9+9+12 | L72: 9+9+9+24 | M72: 6+6+6+18 | N72: 9+12+12+18 | P72: 6+6+9+9+9 | Q72: 6+9+9+9+24 | R72: 9+9+9+12+18 | S72: 6+9+9+12+18 | V72: 6+6+6+12+12+12 | W72: 9+9+9+9+9+12
D73: 18+36 | E73: 18+18 | G73: 6+18+30 | H73: 9+18+36 | I73: 6+9+30 | J73: 12+12+30 | K73: 6+9+9+18 | L73: 9+9+12+12 | M73: 6+6+6+24 | N73: 9+12+12+24 | P73: 6+6+9+9+12 | Q73: 6+9+9+12+12 | R73: 9+9+9+12+24 | S73: 6+9+9+12+24 | V73: 6+6+6+12+12+18 | W73: 9+9+9+9+9+18
A74: 37MGRAQ55FA3 | B74: High Wall 6K/9K/12K/18K/24K/30K/36K | D74: 6+24 | E74: 24+30 | F74: 18+36 | G74: 6+6+18 | H74: 6+18+30 | I74: 12+12+12 | J74: 6+9+36 | K74: 6+6+6+6 | L74: 6+9+9+24 | M74: 9+9+12+12 | N74: 6+6+6+18 | O74: 9+12+12+24 | P74: 6+6+6+6+6 | Q74: 6+6+9+9+24 | R74: 6+9+9+12+12 | S74: 9+9+9+9+12 | T74: 9+12+12+18+18 | U74: 9+9+9+9+24 | V74: 6+6+6+6+6+6 | W74: 6+6+6+9+12+18 | X74: 6+6+12+12+12+24 | Y74: 9+9+9+9+9+12
D75: 6+30 | E75: 24+36 | F75: 24+24 | G75: 6+6+24 | H75: 6+18+36 | I75: 12+12+18 | J75: 6+12+18 | K75: 6+6+6+9 | L75: 6+9+12+12 | M75: 9+9+12+18 | N75: 6+6+6+24 | O75: 12+12+12+18 | P75: 6+6+6+6+9 | Q75: 6+6+9+12+12 | R75: 6+9+9+12+18 | S75: 9+9+9+9+18 | T75: 12+12+12+12+12 | U75: 9+9+9+12+24 | V75: 6+6+6+6+6+9 | W75: 6+6+6+9+12+24 | X75: 6+9+9+9+9+9 | Y75: 9+9+9+9+9+18
D76: 6+36 | E76: 6+18 | F76: 24+30 | G76: 6+6+30 | H76: 9+9+9 | I76: 12+12+24 | J76: 6+12+24 | K76: 6+6+6+12 | L76: 6+9+12+18 | M76: 9+9+12+24 | N76: 6+6+9+18 | O76: 12+12+12+24 | P76: 6+6+6+6+12 | Q76: 6+6+9+12+18 | R76: 6+9+9+12+24 | S76: 9+9+9+9+24 | T76: 12+12+12+12+18 | U76: 9+9+9+12+18 | V76: 6+6+6+6+6+12 | W76: 6+6+6+12+12+12 | X76: 6+9+9+9+9+12 | Y76: 9+9+9+9+9+24
D77: 9+18 | E77: 6+24 | F77: 24+36 | G77: 6+6+36 | H77: 9+9+12 | I77: 12+12+30 | J77: 6+12+30 | K77: 6+6+6+18 | L77: 6+9+12+24 | M77: 9+9+18+18 | N77: 6+6+9+24 | P77: 6+6+6+6+18 | Q77: 6+6+9+12+24 | R77: 6+9+9+18+18 | S77: 9+9+9+12+12 | T77: 12+12+12+12+24 | U77: 9+9+12+12+18 | V77: 6+6+6+6+6+18 | W77: 6+6+6+12+12+18 | X77: 6+9+9+9+9+18 | Y77: 9+9+9+9+12+12
D78: 9+24 | E78: 6+30 | G78: 6+9+9 | H78: 9+9+18 | I78: 12+12+36 | J78: 6+12+36 | K78: 6+6+6+24 | L78: 6+9+18+18 | M78: 9+9+18+24 | N78: 6+6+12+18 | P78: 6+6+6+6+24 | Q78: 6+6+9+18+18 | R78: 6+9+9+18+24 | S78: 9+9+9+12+18 | T78: 12+12+12+18+18 | U78: 9+12+12+12+18 | V78: 6+6+6+6+6+24 | W78: 6+6+6+12+12+24 | X78: 6+9+9+9+9+24 | Y78: 9+9+9+9+12+18
D79: 9+30 | E79: 6+36 | G79: 6+9+12 | H79: 9+9+24 | I79: 12+18+18 | J79: 9+9+18 | K79: 6+6+9+9 | L79: 6+9+18+24 | M79: 9+12+12+12 | N79: 6+6+12+24 | P79: 6+6+6+9+9 | Q79: 6+6+9+18+24 | R79: 6+9+12+12+12 | S79: 9+9+9+12+24 | T79: 6+6+6+6+18 | V79: 6+6+6+6+9+9 | W79: 6+6+9+9+9+9 | X79: 6+9+9+9+12+12 | Y79: 9+9+9+9+12+24
B80: Cassette/Duct/Console 6K/9K/12K/18K/24K | D80: 9+36 | E80: 9+18 | G80: 6+9+18 | H80: 9+9+30 | I80: 12+18+24 | J80: 9+9+24 | K80: 6+6+9+12 | L80: 6+12+12+12 | M80: 9+12+12+18 | N80: 6+9+9+18 | P80: 6+6+6+9+12 | Q80: 6+6+12+12+12 | R80: 6+9+12+12+18 | S80: 9+9+9+18+18 | T80: 6+6+6+6+24 | V80: 6+6+6+6+9+12 | W80: 6+6+9+9+9+12 | X80: 6+9+9+9+12+18 | Y80: 9+9+9+12+12+12
D81: 12+12 | E81: 9+24 | G81: 6+9+24 | H81: 9+9+36 | I81: 12+18+30 | J81: 9+9+30 | K81: 6+6+9+18 | L81: 6+12+12+18 | M81: 9+12+12+24 | N81: 6+9+9+24 | P81: 6+6+6+9+18 | Q81: 6+6+12+12+18 | R81: 6+9+12+12+24 | S81: 9+9+9+18+24 | T81: 6+6+6+12+18 | V81: 6+6+6+6+9+18 | W81: 6+6+9+9+9+18 | X81: 6+9+9+9+12+24 | Y81: 9+9+9+12+12+18
D82: 12+18 | E82: 9+30 | G82: 6+9+30 | H82: 9+12+12 | I82: 12+18+36 | J82: 9+9+36 | K82: 6+6+9+24 | L82: 6+12+12+24 | M82: 9+12+18+18 | N82: 6+9+12+18 | P82: 6+6+6+9+24 | Q82: 6+6+12+12+24 | R82: 6+9+12+18+18 | S82: 9+9+12+12+12 | T82: 6+6+6+12+24 | V82: 6+6+6+6+9+24 | W82: 6+6+9+9+9+24 | X82: 6+9+9+9+18+18 | Y82: 9+9+12+12+12+12
D83: 12+24 | E83: 9+36 | G83: 6+9+36 | H83: 9+12+18 | I83: 18+18+18 | J83: 9+12+18 | K83: 6+6+12+12 | L83: 6+12+18+18 | M83: 9+12+18+24 | N83: 6+9+12+24 | P83: 6+6+6+12+12 | Q83: 6+6+12+18+18 | R83: 6+9+12+18+24 | S83: 9+9+12+12+18 | T83: 6+9+9+9+18 | V83: 6+6+6+6+12+12 | W83: 6+6+9+9+12+12 | X83: 6+9+9+12+12+12 | Y83: 9+9+12+12+12+18
D84: 12+30 | E84: 12+18 | G84: 6+12+12 | H84: 9+12+24 | I84: 6+6+18 | J84: 9+12+24 | K84: 6+6+12+18 | L84: 6+12+18+24 | M84: 9+18+18+18 | N84: 6+12+12+18 | P84: 6+6+6+12+18 | Q84: 6+6+12+18+24 | R84: 6+9+18+18+18 | S84: 9+9+12+12+24 | T84: 6+9+9+9+24 | V84: 6+6+6+6+12+18 | W84: 6+6+9+9+12+18 | X84: 6+9+9+12+12+18 | Y84: 9+12+12+12+12+12
D85: 12+36 | E85: 12+24 | G85: 6+12+18 | H85: 9+12+30 | I85: 6+6+24 | J85: 9+12+30 | K85: 6+6+12+24 | L85: 6+18+18+18 | M85: 12+12+12+12 | N85: 6+12+12+24 | P85: 6+6+6+12+24 | Q85: 6+6+18+18+18 | R85: 6+12+12+12+12 | S85: 9+9+12+18+18 | T85: 6+9+9+12+18 | V85: 6+6+6+6+12+24 | W85: 6+6+9+9+12+24 | X85: 6+9+9+12+12+24 | Y85: 12+12+12+12+12+12
B86: Vertical Air Handler 18K/24K/30K/36K | D86: 18+18 | E86: 12+30 | G86: 6+12+24 | H86: 9+12+36 | I86: 6+6+30 | J86: 9+12+36 | K86: 6+6+18+18 | L86: 6+18+18+24 | M86: 12+12+12+18 | N86: 9+9+9+18 | P86: 6+6+6+18+18 | Q86: 6+6+18+18+24 | R86: 6+12+12+12+18 | S86: 9+9+12+18+24 | T86: 6+9+9+12+24 | V86: 6+6+6+9+9+9 | W86: 6+6+9+12+12+12 | X86: 6+9+12+12+12+12 | Y86: 6+6+6+6+6+18
D87: 18+24 | E87: 12+36 | G87: 6+12+30 | H87: 9+18+18 | I87: 6+6+36 | J87: 12+12+18 | K87: 6+6+18+24 | L87: 9+9+9+9 | M87: 12+12+12+24 | N87: 9+9+9+24 | P87: 6+6+6+18+24 | Q87: 6+9+9+9+9 | R87: 6+12+12+12+24 | S87: 9+9+18+18+18 | T87: 6+9+12+12+18 | V87: 6+6+6+9+9+12 | W87: 6+6+9+12+12+18 | X87: 6+9+12+12+12+18 | Y87: 6+6+6+6+9+18
D88: 18+30 | E88: 18+18 | G88: 6+12+36 | H88: 9+18+24 | I88: 6+9+18 | J88: 12+12+24 | K88: 6+9+9+9 | L88: 9+9+9+12 | M88: 12+12+18+18 | N88: 9+9+12+18 | P88: 6+6+9+9+9 | Q88: 6+9+9+9+12 | R88: 6+12+12+18+18 | S88: 9+12+12+12+12 | T88: 6+9+12+12+24 | V88: 6+6+6+9+9+18 | W88: 6+6+9+12+12+24 | X88: 6+12+12+12+12+12 | Y88: 6+6+6+9+9+18
D89: 18+36 | E89: 18+24 | G89: 6+18+18 | H89: 9+18+30 | I89: 6+9+24 | J89: 12+12+30 | K89: 6+9+9+12 | L89: 9+9+9+18 | M89: 12+12+18+24 | N89: 9+9+12+24 | P89: 6+6+9+9+12 | Q89: 6+9+9+9+18 | R89: 6+12+18+18+18 | S89: 9+12+12+12+18 | T89: 6+12+12+12+18 | V89: 6+6+6+9+9+24 | W89: 6+6+12+12+12+12 | X89: 6+12+12+12+12+18 | Y89: 6+9+9+9+9+18
D90: 24+24 | E90: 18+30 | G90: 6+18+24 | H90: 9+18+36 | I90: 6+9+30 | K90: 6+9+9+18 | L90: 9+9+9+24 | M90: 12+18+18+18 | N90: 9+12+12+18 | P90: 6+6+9+9+18 | Q90: 6+9+9+9+24 | R90: 9+9+9+9+9 | S90: 9+12+12+12+24 | T90: 9+9+9+9+18 | V90: 6+6+6+9+12+12 | W90: 6+6+12+12+12+18 | X90: 9+9+9+9+9+9 | Y90: 9+9+9+9+9+18
A91: 37MGHAQ48FA3 37MGHAQ55FA3 | B91: High Wall 6K/9K/12K/18K/24K/30K/36K | D91: 6+24 | E91: 24+36 | F91: 24+30 | G91: 6+6+18 | H91: 6+18+36 | I91: 12+12+24 | J91: 6+12+30 | K91: 6+6+6+6 | L91: 6+9+12+12 | M91: 9+9+12+24 | N91: 6+6+9+24 | P91: 6+6+6+6+6 | Q91: 6+6+9+12+12 | R91: 6+9+9+12+24 | S91: 9+9+9+12+12 | T91: 12+12+12+18+18 | V91: 6+6+6+6+6+6 | W91: 6+6+6+9+12+24 | X91: 6+9+9+9+9+12 | Y91: 9+9+9+9+12+18
D92: 6+30 | E92: 6+18 | F92: 24+36 | G92: 6+6+24 | H92: 9+9+9 | I92: 12+12+30 | J92: 6+12+36 | K92: 6+6+6+9 | L92: 6+9+12+18 | M92: 9+9+18+18 | N92: 6+6+12+18 | P92: 6+6+6+6+9 | Q92: 6+6+9+12+18 | R92: 6+9+9+18+18 | S92: 9+9+9+12+18 | T92: 6+6+6+6+18 | V92: 6+6+6+6+6+9 | W92: 6+6+6+12+12+12 | X92: 6+9+9+9+9+18 | Y92: 9+9+9+9+12+24
D93: 6+36 | E93: 6+24 | G93: 6+6+30 | H93: 9+9+12 | I93: 12+12+36 | J93: 9+9+18 | K93: 6+6+6+12 | L93: 6+9+12+24 | M93: 9+9+18+24 | N93: 6+6+12+24 | P93: 6+6+6+6+12 | Q93: 6+6+9+12+24 | R93: 6+9+9+18+24 | S93: 9+9+9+12+24 | T93: 6+6+6+6+24 | V93: 6+6+6+6+6+12 | W93: 6+6+6+12+12+18 | X93: 6+9+9+9+9+24 | Y93: 9+9+9+12+12+12
D94: 9+18 | E94: 6+30 | G94: 6+6+36 | H94: 9+9+18 | I94: 12+18+18 | J94: 9+9+24 | K94: 6+6+6+18 | L94: 6+9+18+18 | M94: 9+12+12+12 | N94: 6+9+9+18 | P94: 6+6+6+6+18 | Q94: 6+6+9+18+18 | R94: 6+9+12+12+12 | S94: 9+9+9+18+18 | T94: 6+6+6+12+18 | V94: 6+6+6+6+6+18 | W94: 6+6+6+12+12+24 | X94: 6+9+9+9+12+12 | Y94: 9+9+9+12+12+18
D95: 9+24 | E95: 6+36 | G95: 6+9+9 | H95: 9+9+24 | I95: 12+18+24 | J95: 9+9+30 | K95: 6+6+6+24 | L95: 6+9+18+24 | M95: 9+12+12+18 | N95: 6+9+9+24 | P95: 6+6+6+6+24 | Q95: 6+6+9+18+24 | R95: 6+9+12+12+18 | S95: 9+9+9+18+24 | T95: 6+6+6+12+24 | V95: 6+6+6+6+6+24 | W95: 6+6+9+9+9+9 | X95: 6+9+9+9+12+18 | Y95: 9+9+12+12+12+12
D96: 9+30 | E96: 9+18 | G96: 6+9+12 | H96: 9+9+30 | I96: 12+18+30 | J96: 9+9+36 | K96: 6+6+9+9 | L96: 6+12+12+12 | M96: 9+12+12+24 | N96: 6+9+12+18 | P96: 6+6+6+9+9 | Q96: 6+6+12+12+12 | R96: 6+9+12+12+24 | S96: 9+9+12+12+12 | T96: 6+9+9+9+18 | V96: 6+6+6+6+9+9 | W96: 6+6+9+9+9+12 | X96: 6+9+9+9+12+24 | Y96: 9+9+12+12+12+18
B97: Cassette/Duct/Console 6K/9K/12K/18K/24K | D97: 9+36 | E97: 9+24 | G97: 6+9+18 | H97: 9+9+36 | I97: 12+18+36 | J97: 9+12+18 | K97: 6+6+9+12 | L97: 6+12+12+18 | M97: 9+12+18+18 | N97: 6+9+12+24 | P97: 6+6+6+9+12 | Q97: 6+6+12+12+18 | R97: 6+9+12+18+18 | S97: 9+9+12+12+18 | T97: 6+9+9+9+24 | V97: 6+6+6+6+9+12 | W97: 6+6+9+9+9+18 | X97: 6+9+9+12+12+12 | Y97: 9+12+12+12+12+12
D98: 12+12 | E98: 9+30 | G98: 6+9+24 | H98: 9+12+12 | I98: 18+18+18 | J98: 9+12+24 | K98: 6+6+9+18 | L98: 6+12+12+24 | M98: 9+12+18+24 | N98: 6+12+12+18 | P98: 6+6+6+9+18 | Q98: 6+6+12+12+24 | R98: 6+9+12+18+24 | S98: 9+9+12+12+24 | T98: 6+9+9+12+18 | V98: 6+6+6+6+9+18 | W98: 6+6+9+9+9+24 | X98: 6+9+9+12+12+18 | Y98: 12+12+12+12+12+12
D99: 12+18 | E99: 9+36 | G99: 6+9+30 | H99: 9+12+18 | I99: 6+6+18 | J99: 9+12+30 | K99: 6+6+9+24 | L99: 6+12+18+18 | M99: 9+18+18+18 | N99: 6+12+12+24 | P99: 6+6+6+9+24 | Q99: 6+6+12+18+18 | R99: 6+9+18+18+18 | S99: 9+9+12+18+18 | T99: 6+9+9+12+24 | V99: 6+6+6+6+9+24 | W99: 6+6+9+9+12+12 | X99: 6+9+9+12+12+24 | Y99: 6+6+6+6+6+18
D100: 12+24 | E100: 12+18 | G100: 6+9+36 | H100: 9+12+24 | I100: 6+6+24 | J100: 9+12+36 | K100: 6+6+12+12 | L100: 6+12+18+24 | M100: 12+12+12+12 | N100: 9+9+9+18 | P100: 6+6+6+12+12 | Q100: 6+6+12+18+24 | R100: 6+12+12+12+12 | S100: 9+9+12+18+24 | T100: 6+9+12+12+18 | V100: 6+6+6+6+12+12 | W100: 6+6+9+9+12+18 | X100: 6+9+12+12+12+12 | Y100: 6+6+6+6+9+18
...

Sheet Ductless cross
D1: ACCOUNT NUMBER ----------------->
D2: DEALER NAME -----------------> | E2: ='Paste bid here'!B15 -> 0
E3: ='Paste bid here'!B16 -> 0
D4: DATE -----------------> | E4: ='Paste bid here'!B13 -> 0
B7: Part Number | C7: Ferguson P# | D7: Material description | E7: Net
B8: 174011204000769 | C8: R174011204000769 | D8: Wired Remote Extension Wire | E8: =VLOOKUP(C8,'Paste bid here'!A:F,4,FALSE) -> #N/A
B9: 331831-701 | C9: R331831701 | D9: Straight Tube Adapter | E9: =VLOOKUP(C9,'Paste bid here'!A:F,4,FALSE) -> #N/A
B10: 38MARBQ06AA3 | C10: C38MARBQ06AA3 | D10: DLS 6K 230V HP CDU | E10: =VLOOKUP(C10,'Paste bid here'!A:F,4,FALSE) -> #N/A
B11: 38MARBQ09AA3 | C11: C38MARBQ09AA3 | D11: DLS 9K 230V HP CDU | E11: =VLOOKUP(C11,'Paste bid here'!A:F,4,FALSE) -> #N/A
B12: 38MARBQ12AA1 | C12: C38MARBQ12AA1 | D12: DLS 12K 115V HP CDU | E12: =VLOOKUP(C12,'Paste bid here'!A:F,4,FALSE) -> #N/A
B13: 38MARBQ12AA3 | C13: C38MARBQ12AA3 | D13: DLS 12K 230V HP CDU | E13: =VLOOKUP(C13,'Paste bid here'!A:F,4,FALSE) -> #N/A
B14: 38MARBQ18AA3 | C14: C38MARBQ18AA3 | D14: DLS 18K 230V HP CDU | E14: =VLOOKUP(C14,'Paste bid here'!A:F,4,FALSE) -> #N/A
B15: 38MARBQ24AA3 | C15: C38MARBQ24AA3 | D15: DLS 24K 230V HP CDU | E15: =VLOOKUP(C15,'Paste bid here'!A:F,4,FALSE) -> #N/A
B16: 38MARBQ30AA3 | C16: C38MARBQ30AA3 | D16: DLS 30K 230V HP CDU | E16: =VLOOKUP(C16,'Paste bid here'!A:F,4,FALSE) -> #N/A
B17: 38MARBQ36AA3 | C17: C38MARBQ36AA3 | D17: DLS 36K 230V HP CDU | E17: =VLOOKUP(C17,'Paste bid here'!A:F,4,FALSE) -> #N/A
B18: 38MARBQ36AB3 | C18: C38MARBQ36AB3 | E18: =VLOOKUP(C18,'Paste bid here'!A:F,4,FALSE) -> #N/A
B19: 38MBRCQ36AA3 | C19: C38MBRCQ36AA3 | E19: =VLOOKUP(C19,'Paste bid here'!A:F,4,FALSE) -> #N/A
B20: 38MBRCQ48AA3 | C20: C38MBRCQ48AA3 | E20: =VLOOKUP(C20,'Paste bid here'!A:F,4,FALSE) -> #N/A
B21: 38MBRCQ58AA3 | C21: C38MBRCQ58AA3 | E21: =VLOOKUP(C21,'Paste bid here'!A:F,4,FALSE) -> #N/A
B22: 38MGHBQ24CA3 | C22: C38MGHBQ24CA3 | E22: =VLOOKUP(C22,'Paste bid here'!A:F,4,FALSE) -> #N/A
B23: 38MGHBQ30DA3 | C23: C38MGHBQ30DA3 | E23: =VLOOKUP(C23,'Paste bid here'!A:F,4,FALSE) -> #N/A
B24: 38MGHBQ36DA3 | C24: C38MGHBQ36DA3 | E24: =VLOOKUP(C24,'Paste bid here'!A:F,4,FALSE) -> #N/A
B25: 38MGHBQ48EA3 | C25: C38MGHBQ48EA3 | E25: =VLOOKUP(C25,'Paste bid here'!A:F,4,FALSE) -> #N/A
B26: 38MGRBQ18BA3 | C26: C38MGRBQ18BA3 | E26: =VLOOKUP(C26,'Paste bid here'!A:F,4,FALSE) -> #N/A
B27: 38MGRBQ36DA3 | C27: C38MGRBQ36DA3 | E27: =VLOOKUP(C27,'Paste bid here'!A:F,4,FALSE) -> #N/A
B28: 38MGRBQ48EA3 | C28: C38MGRBQ48EA3 | E28: =VLOOKUP(C28,'Paste bid here'!A:F,4,FALSE) -> #N/A
B29: 38MHRCQ09AA1 | C29: C38MHRCQ09AA1 | E29: =VLOOKUP(C29,'Paste bid here'!A:F,4,FALSE) -> #N/A
B30: 38MHRCQ09AA3 | C30: C38MHRCQ09AA3 | D30: DLS 9K 230V HP CDU | E30: =VLOOKUP(C30,'Paste bid here'!A:F,4,FALSE) -> #N/A
B31: 38MHRCQ12AA1 | C31: C38MHRCQ12AA1 | D31: DLS 12K 115V HP CDU | E31: =VLOOKUP(C31,'Paste bid here'!A:F,4,FALSE) -> #N/A
B32: 38MHRCQ12AA3 | C32: C38MHRCQ12AA3 | D32: DLS 12K 230V HP CDU | E32: =VLOOKUP(C32,'Paste bid here'!A:F,4,FALSE) -> #N/A
B33: 38MHRCQ18AA3 | C33: C38MHRCQ18AA3 | D33: DLS 18K 230V HP CDU | E33: =VLOOKUP(C33,'Paste bid here'!A:F,4,FALSE) -> #N/A
B34: 38MHRCQ24AA3 | C34: C38MHRCQ24AA3 | D34: DLS 24K 230V HP CDU | E34: =VLOOKUP(C34,'Paste bid here'!A:F,4,FALSE) -> #N/A
B35: 38MHRCQ30AA3 | C35: C38MHRCQ30AA3 | E35: =VLOOKUP(C35,'Paste bid here'!A:F,4,FALSE) -> #N/A
B36: 38MHRCQ36AA3 | C36: C38MHRCQ36AA3 | E36: =VLOOKUP(C36,'Paste bid here'!A:F,4,FALSE) -> #N/A
B37: 38MPRAQ09AA3 | C37: C38MPRAQ09AA3 | D37: DLS 9K 230V HP CDU | E37: =VLOOKUP(C37,'Paste bid here'!A:F,4,FALSE) -> #N/A
B38: 38MPRAQ12AA3 | C38: C38MPRAQ12AA3 | D38: DLS 12K 230V HP CDU | E38: =VLOOKUP(C38,'Paste bid here'!A:F,4,FALSE) -> #N/A
B39: 38MPRAQ18AA3 | C39: C38MPRAQ18AA3 | D39: DLS 18K 230V HP CDU | E39: =VLOOKUP(C39,'Paste bid here'!A:F,4,FALSE) -> #N/A
B40: 38MPRAQ24AA3 | C40: C38MPRAQ24AA3 | D40: DLS 24K 230V HP CDU | E40: =VLOOKUP(C40,'Paste bid here'!A:F,4,FALSE) -> #N/A
B41: 38MPRBQ09AA3 | C41: C38MPRBQ09AA3 | E41: =VLOOKUP(C41,'Paste bid here'!A:F,4,FALSE) -> #N/A
B42: 38MPRBQ12AA3 | C42: C38MPRBQ12AA3 | E42: =VLOOKUP(C42,'Paste bid here'!A:F,4,FALSE) -> #N/A
B43: 38MPRBQ18AA3 | C43: C38MPRBQ18AA3 | E43: =VLOOKUP(C43,'Paste bid here'!A:F,4,FALSE) -> #N/A
B44: 38MURAQ18AA3 | C44: C38MURAQ18AA3 | E44: =VLOOKUP(C44,'Paste bid here'!A:F,4,FALSE) -> #N/A
B45: 38MURAQ18AB3 | C45: C38MURAQ18AB3 | E45: =VLOOKUP(C45,'Paste bid here'!A:F,4,FALSE) -> #N/A
B46: 38MURAQ24AA3 | C46: C38MURAQ24AA3 | E46: =VLOOKUP(C46,'Paste bid here'!A:F,4,FALSE) -> #N/A
B47: 38MURAQ24AB3 | C47: C38MURAQ24AB3 | E47: =VLOOKUP(C47,'Paste bid here'!A:F,4,FALSE) -> #N/A
B48: 38MURAQ30AA3 | C48: C38MURAQ30AA3 | E48: =VLOOKUP(C48,'Paste bid here'!A:F,4,FALSE) -> #N/A
B49: 38MURAQ30AB3 | C49: C38MURAQ30AB3 | E49: =VLOOKUP(C49,'Paste bid here'!A:F,4,FALSE) -> #N/A
B50: 38MURAQ36AA3 | C50: C38MURAQ36AA3 | E50: =VLOOKUP(C50,'Paste bid here'!A:F,4,FALSE) -> #N/A
B51: 38MURAQ36AB3 | C51: C38MURAQ36AB3 | E51: =VLOOKUP(C51,'Paste bid here'!A:F,4,FALSE) -> #N/A
B52: 38MURAQ48AA3 | C52: C38MURAQ48AA3 | E52: =VLOOKUP(C52,'Paste bid here'!A:F,4,FALSE) -> #N/A
... B55: 38MURAQ60AB3 | C55: C38MURAQ60AB3 | E55: =VLOOKUP(C55,'Paste bid here'!A:F,4,FALSE) -> #N/A
B56: 40MAHBQ06XA3 | C56: C40MAHBQ06XA3 | D56: DLS 6K 230V HP IDU HW | E56: =VLOOKUP(C56,'Paste bid here'!A:F,4,FALSE) -> #N/A
B57: 40MAHBQ09XA3 | C57: C40MAHBQ09XA3 | D57: DLS 9K 230V HP IDU HW | E57: =VLOOKUP(C57,'Paste bid here'!A:F,4,FALSE) -> #N/A
B58: 40MAHBQ12XA1 | C58: C40MAHBQ12XA1 | D58: DLS 12K 115V HP IDU HW | E58: =VLOOKUP(C58,'Paste bid here'!A:F,4,FALSE) -> #N/A
B59: 40MAHBQ12XA3 | C59: C40MAHBQ12XA3 | D59: DLS 12K 230V HP IDU HW | E59: =VLOOKUP(C59,'Paste bid here'!A:F,4,FALSE) -> #N/A
B60: 40MAHBQ18XA3 | C60: C40MAHBQ18XA3 | D60: DLS 18K 230V HP IDU HW | E60: =VLOOKUP(C60,'Paste bid here'!A:F,4,FALSE) -> #N/A
B61: 40MAHBQ24XA3 | C61: C40MAHBQ24XA3 | D61: DLS 24K 230V HP IDU HW | E61: =VLOOKUP(C61,'Paste bid here'!A:F,4,FALSE) -> #N/A
B62: 40MAHBQ30XA3 | C62: C40MAHBQ30XA3 | D62: DLS 30K 230V HP IDU HW | E62: =VLOOKUP(C62,'Paste bid here'!A:F,4,FALSE) -> #N/A
B63: 40MAHBQ36XA3 | C63: C40MAHBQ36XA3 | D63: DLS 36K 230V HP IDU HW | E63: =VLOOKUP(C63,'Paste bid here'!A:F,4,FALSE) -> #N/A
B64: 40MBABQ18XB3 | C64: C40MBABQ18XB3 | E64: =VLOOKUP(C64,'Paste bid here'!A:F,4,FALSE) -> #N/A
B65: 40MBABQ24XB3 | C65: C40MBABQ24XB3 | E65: =VLOOKUP(C65,'Paste bid here'!A:F,4,FALSE) -> #N/A
B66: 40MBABQ30XB3 | C66: C40MBABQ30XB3 | E66: =VLOOKUP(C66,'Paste bid here'!A:F,4,FALSE) -> #N/A
B67: 40MBABQ36XA3 | C67: C40MBABQ36XA3 | E67: =VLOOKUP(C67,'Paste bid here'!A:F,4,FALSE) -> #N/A
B68: 40MBABQ36XB3 | C68: C40MBABQ36XB3 | E68: =VLOOKUP(C68,'Paste bid here'!A:F,4,FALSE) -> #N/A
B69: 40MBABQ48XA3 | C69: C40MBABQ48XA3 | E69: =VLOOKUP(C69,'Paste bid here'!A:F,4,FALSE) -> #N/A
B70: 40MBABQ60XA3 | C70: C40MBABQ60XA3 | E70: =VLOOKUP(C70,'Paste bid here'!A:F,4,FALSE) -> #N/A
B71: 40MBCAQ24XA3 | C71: C40MBCAQ24XA3 | E71: =VLOOKUP(C71,'Paste bid here'!A:F,4,FALSE) -> #N/A
B72: 40MBCAQ36XA3 | C72: C40MBCAQ36XA3 | E72: =VLOOKUP(C72,'Paste bid here'!A:F,4,FALSE) -> #N/A
B73: 40MBCAQ48XA3 | C73: C40MBCAQ48XA3 | E73: =VLOOKUP(C73,'Paste bid here'!A:F,4,FALSE) -> #N/A
B74: 40MBCQ01XXX3 | C74: C40MBCQ01XXX3 | D74: Grille Cassette 2x2 | E74: =VLOOKUP(C74,'Paste bid here'!A:F,4,FALSE) -> #N/A
B75: 40MBCQ02XXX3 | C75: C40MBCQ02XXX3 | D75: Grille Cassette 3x3 | E75: =VLOOKUP(C75,'Paste bid here'!A:F,4,FALSE) -> #N/A
B76: 40MBCQ02XXX4 | C76: C40MBCQ02XXX4 | D76: New Cassette Grill | E76: =VLOOKUP(C76,'Paste bid here'!A:F,4,FALSE) -> #N/A
B77: 40MBCQ09---3 | C77: C40MBCQ093 | D77: DLS 9K HP IDU CASSETTE | E77: =VLOOKUP(C77,'Paste bid here'!A:F,4,FALSE) -> #N/A
B78: 40MBCQ12---3 | C78: C40MBCQ123 | D78: DLS 12K HP IDU CASSETTE | E78: =VLOOKUP(C78,'Paste bid here'!A:F,4,FALSE) -> #N/A
B79: 40MBCQ18---3 | C79: C40MBCQ183 | D79: DLS 18K HP IDU CASSETTE | E79: =VLOOKUP(C79,'Paste bid here'!A:F,4,FALSE) -> #N/A
B80: 40MBCQ24---3 | C80: C40MBCQ243 | D80: DLS 24K HP IDU CASSETTE | E80: =VLOOKUP(C80,'Paste bid here'!A:F,4,FALSE) -> #N/A
B81: 40MBCQ36---3 | C81: C40MBCQ363 | D81: DLS 36K HP IDU CASSETTE | E81: =VLOOKUP(C81,'Paste bid here'!A:F,4,FALSE) -> #N/A
B82: 40MBCQ48---3 | C82: C40MBCQ483 | D82: DLS 48K HP IDU CASSETTE | E82: =VLOOKUP(C82,'Paste bid here'!A:F,4,FALSE) -> #N/A
B83: 40MBDAQ09XH3 | C83: C40MBDAQ09XH3 | E83: =VLOOKUP(C83,'Paste bid here'!A:F,4,FALSE) -> #N/A
B84: 40MBDAQ12XH3 | C84: C40MBDAQ12XH3 | E84: =VLOOKUP(C84,'Paste bid here'!A:F,4,FALSE) -> #N/A
B85: 40MBDAQ18XH3 | C85: C40MBDAQ18XH3 | E85: =VLOOKUP(C85,'Paste bid here'!A:F,4,FALSE) -> #N/A
B86: 40MBDAQ24XH3 | C86: C40MBDAQ24XH3 | E86: =VLOOKUP(C86,'Paste bid here'!A:F,4,FALSE) -> #N/A
B87: 40MBDAQ36XH3 | C87: C40MBDAQ36XH3 | E87: =VLOOKUP(C87,'Paste bid here'!A:F,4,FALSE) -> #N/A
B88: 40MBDAQ48XH3 | C88: C40MBDAQ48XH3 | E88: =VLOOKUP(C88,'Paste bid here'!A:F,4,FALSE) -> #N/A
B89: 40MBDAQ58XH3 | C89: C40MBDAQ58XH3 | E89: =VLOOKUP(C89,'Paste bid here'!A:F,4,FALSE) -> #N/A
B90: 40MBDQ09---3 | C90: C40MBDQ093 | D90: DLS 09K HP IDU DUCTED | E90: =VLOOKUP(C90,'Paste bid here'!A:F,4,FALSE) -> #N/A
B91: 40MBDQ12---3 | C91: C40MBDQ123 | D91: DLS 12K HP IDU DUCTED | E91: =VLOOKUP(C91,'Paste bid here'!A:F,4,FALSE) -> #N/A
B92: 40MBDQ18---3 | C92: C40MBDQ183 | D92: DLS 18K HP IDU DUCTED | E92: =VLOOKUP(C92,'Paste bid here'!A:F,4,FALSE) -> #N/A
B93: 40MBDQ24---3 | C93: C40MBDQ243 | D93: DLS 24K HP IDU DUCTED | E93: =VLOOKUP(C93,'Paste bid here'!A:F,4,FALSE) -> #N/A
B94: 40MBDQ36---3 | C94: C40MBDQ363 | D94: DLS 36K HP IDU DUCTED | E94: =VLOOKUP(C94,'Paste bid here'!A:F,4,FALSE) -> #N/A
B95: 40MBDQ48---3 | C95: C40MBDQ483 | D95: DLS 48K HP IDU DUCTED | E95: =VLOOKUP(C95,'Paste bid here'!A:F,4,FALSE) -> #N/A
B96: 40MBDQ58---3 | C96: C40MBDQ583 | D96: DLS 58K HP IDU DUCTED | E96: =VLOOKUP(C96,'Paste bid here'!A:F,4,FALSE) -> #N/A
B97: 40MBFAQ12XA3 | C97: C40MBFAQ12XA3 | E97: =VLOOKUP(C97,'Paste bid here'!A:F,4,FALSE) -> #N/A
B98: 40MBFQ18---3 | C98: C40MBFQ183 | D98: DLS 18K HP IDU FLOOR CONSOLE | E98: =VLOOKUP(C98,'Paste bid here'!A:F,4,FALSE) -> #N/A
B99: 40MBFQ24---3 | C99: C40MBFQ243 | D99: DLS 24K HP IDU FLOOR CONSOLE | E99: =VLOOKUP(C99,'Paste bid here'!A:F,4,FALSE) -> #N/A
B100: 40MBFQ36---3 | C100: C40MBFQ363 | D100: DLS 36K HP IDU FLOOR CONSOLE | E100: =VLOOKUP(C100,'Paste bid here'!A:F,4,FALSE) -> #N/A
B101: 40MBFQ48---3 | C101: C40MBFQ483 | D101: DLS 48K HP IDU FLOOR CONSOLE | E101: =VLOOKUP(C101,'Paste bid here'!A:F,4,FALSE) -> #N/A
B102: 40MBFQ58---3 | C102: C40MBFQ583 | D102: DLS 58K HP IDU FLOOR CONSOLE | E102: =VLOOKUP(C102,'Paste bid here'!A:F,4,FALSE) -> #N/A
B103: 40MCCAQ09XA3 | C103: C40MCCAQ09XA3 | E103: =VLOOKUP(C103,'Paste bid here'!A:F,4,FALSE) -> #N/A
B104: 40MCCAQ18XA3 | C104: C40MCCAQ18XA3 | E104: =VLOOKUP(C104,'Paste bid here'!A:F,4,FALSE) -> #N/A
...

Sheet Paste bid here
A1: BRYANT MASTER BID: | B1: B074192 | C1: COPY CUSTOMER PRICING FROM THIS BID AND PASTE BID BELOW
