Workbook

Sheet Unitary & Crossover
G1: DAY & NIGHT MAY 2025
A2: AC Condensers | D2: Heat Pump Condensers | G2: Crossover Heat Pumps
A3: ION V/S 21 SEER Communicating | D3: ION V/S 23 SEER Communicating | G3: Quiet Comfort Crossover Heat Pump - High Heat
A4: IC5A1V24AKAWA | B4: =VLOOKUP(A4,'Paste Bid Here'!A:F,6,FALSE) -> #N/A | D4: IC5H3V24AKAAA | E4: =VLOOKUP(D4,'Paste Bid Here'!A:F,6,FALSE) -> #N/A | G4: ID5CUHAH24AAK | H4: =VLOOKUP(G4,'Paste Bid Here'!A:F,6,FALSE) -> #N/A
A5: IC5A1V36AKAWA | B5: =VLOOKUP(A5,'Paste Bid Here'!A:F,6,FALSE) -> #N/A | D5: IC5H3V36AKAAA | E5: =VLOOKUP(D5,'Paste Bid Here'!A:F,6,FALSE) -> #N/A | G5: ID5CUHAH30AAK | H5: =VLOOKUP(G5,'Paste Bid Here'!A:F,6,FALSE) -> #N/A
A6: IC5A1V48AKAWA | B6: =VLOOKUP(A6,'Paste Bid Here'!A:F,6,FALSE) -> #N/A | D6: IC5H3V48AKAAA | E6: =VLOOKUP(D6,'Paste Bid Here'!A:F,6,FALSE) -> #N/A | G6: ID5CUHAH36AAK | H6: =VLOOKUP(G6,'Paste Bid Here'!A:F,6,FALSE) -> #N/A
A7: IC5A1V60AKAWA | B7: =VLOOKUP(A7,'Paste Bid Here'!A:F,6,FALSE) -> #N/A | D7: IC5H3V60AKAAA | E7: =VLOOKUP(D7,'Paste Bid Here'!A:F,6,FALSE) -> #N/A | G7: ID5CUHAH48AAK | H7: =VLOOKUP(G7,'Paste Bid Here'!A:F,6,FALSE) -> #N/A
A8: ION Two-Stage 18 SEER Communicating | D8: ION V/S 20 SEER Communicating | G8: ID5CUHAH60AAK | H8: =VLOOKUP(G8,'Paste Bid Here'!A:F,6,FALSE) -> #N/A
A9: IC5A8T24AKAWA | B9: =VLOOKUP(A9,'Paste Bid Here'!A:F,6,FALSE) -> #N/A | D9: IC5H0V24AKAAA | E9: =VLOOKUP(D9,'Paste Bid Here'!A:F,6,FALSE) -> #N/A | G9: Quiet Comfort Crossover Air Handler (115/208/230V)
A10: IC5A8T36AKAWA | B10: =VLOOKUP(A10,'Paste Bid Here'!A:F,6,FALSE) -> #N/A | D10: IC5H0V36AKAAA | E10: =VLOOKUP(D10,'Paste Bid Here'!A:F,6,FALSE) -> #N/A | G10: ID5FUHAH24XAK | H10: =VLOOKUP(G10,'Paste Bid Here'!A:F,6,FALSE) -> #N/A
A11: IC5A8T48AKAWA | B11: =VLOOKUP(A11,'Paste Bid Here'!A:F,6,FALSE) -> #N/A | D11: IC5H0V48AKAAA | E11: =VLOOKUP(D11,'Paste Bid Here'!A:F,6,FALSE) -> #N/A | G11: ID5FUHAH36XAK | H11: =VLOOKUP(G11,'Paste Bid Here'!A:F,6,FALSE) -> #N/A
A12: IC5A8T60AKAWA | B12: =VLOOKUP(A12,'Paste Bid Here'!A:F,6,FALSE) -> #N/A | D12: IC5H0V60AKAAA | E12: =VLOOKUP(D12,'Paste Bid Here'!A:F,6,FALSE) -> #N/A | G12: ID5FUHAH60XAK | H12: =VLOOKUP(G12,'Paste Bid Here'!A:F,6,FALSE) -> #N/A
A13: ION Single Stage 16 SEER Communicating | D13: ION Two Stage 18 SEER Communicating | G13: Performance Crossover Heat Pump - Standard Heat
A14: IC5A6S24AKAWA | B14: =VLOOKUP(A14,'Paste Bid Here'!A:F,6,FALSE) -> #N/A | D14: IC5H8T24AKAAA | E14: =VLOOKUP(D14,'Paste Bid Here'!A:F,6,FALSE) -> #N/A | G14: ID5CURAH24AAK | H14: =VLOOKUP(G14,'Paste Bid Here'!A:F,6,FALSE) -> #N/A
A15: IC5A6S30AKAWA | B15: =VLOOKUP(A15,'Paste Bid Here'!A:F,6,FALSE) -> #N/A | D15: IC5H8T36AKAAA | E15: =VLOOKUP(D15,'Paste Bid Here'!A:F,6,FALSE) -> #N/A | G15: ID5CURAH30AAK | H15: =VLOOKUP(G15,'Paste Bid Here'!A:F,6,FALSE) -> #N/A
A16: IC5A6S36AKAWA | B16: =VLOOKUP(A16,'Paste Bid Here'!A:F,6,FALSE) -> #N/A | D16: IC5H8T48AKAAA | E16: =VLOOKUP(D16,'Paste Bid Here'!A:F,6,FALSE) -> #N/A | G16: ID5CURAH36AAK | H16: =VLOOKUP(G16,'Paste Bid Here'!A:F,6,FALSE) -> #N/A
A17: IC5A6S42AKAWA | B17: =VLOOKUP(A17,'Paste Bid Here'!A:F,6,FALSE) -> #N/A | D17: IC5H8T60AKAAA | E17: =VLOOKUP(D17,'Paste Bid Here'!A:F,6,FALSE) -> #N/A | G17: ID5CURAH48AAK | H17: =VLOOKUP(G17,'Paste Bid Here'!A:F,6,FALSE) -> #N/A
A18: IC5A6S48AKAWA | B18: =VLOOKUP(A18,'Paste Bid Here'!A:F,6,FALSE) -> #N/A | D18: ION Single Stage 15 SEER Communicating | G18: ID5CURAH60AAK | H18: =VLOOKUP(G18,'Paste Bid Here'!A:F,6,FALSE) -> #N/A
A19: IC5A6S60AKAWA | B19: =VLOOKUP(A19,'Paste Bid Here'!A:F,6,FALSE) -> #N/A | D19: IC5H6S24AKAAA | E19: =VLOOKUP(D19,'Paste Bid Here'!A:F,6,FALSE) -> #N/A | G19: Performance Crossover Air Handler - Standard Heat
A20: Performance Series Two Stage 18 SEER | D20: IC5H6S30AKAAA | E20: =VLOOKUP(D20,'Paste Bid Here'!A:F,6,FALSE) -> #N/A | G20: ID5FUAAH24XAK | H20: =VLOOKUP(G20,'Paste Bid Here'!A:F,6,FALSE) -> #N/A
A21: IN5A8T24AKAWA | B21: =VLOOKUP(A21,'Paste Bid Here'!A:F,6,FALSE) -> #N/A | D21: IC5H6S36AKAAA | E21: =VLOOKUP(D21,'Paste Bid Here'!A:F,6,FALSE) -> #N/A | G21: ID5FUAAH30XAK | H21: =VLOOKUP(G21,'Paste Bid Here'!A:F,6,FALSE) -> #N/A
A22: IN5A8T36AKAWA | B22: =VLOOKUP(A22,'Paste Bid Here'!A:F,6,FALSE) -> #N/A | D22: IC5H6S42AKAAA | E22: =VLOOKUP(D22,'Paste Bid Here'!A:F,6,FALSE) -> #N/A | G22: ID5FUAAH36XAK | H22: =VLOOKUP(G22,'Paste Bid Here'!A:F,6,FALSE) -> #N/A
A23: IN5A8T48AKAWA | B23: =VLOOKUP(A23,'Paste Bid Here'!A:F,6,FALSE) -> #N/A | D23: IC5H6S48AKAAA | E23: =VLOOKUP(D23,'Paste Bid Here'!A:F,6,FALSE) -> #N/A | G23: ID5FUAAH48XAK | H23: =VLOOKUP(G23,'Paste Bid Here'!A:F,6,FALSE) -> #N/A
A24: IN5A8T60AKAWA | B24: =VLOOKUP(A24,'Paste Bid Here'!A:F,6,FALSE) -> #N/A | D24: IC5H6S60AKAAA | E24: =VLOOKUP(D24,'Paste Bid Here'!A:F,6,FALSE) -> #N/A | G24: ID5FUAAH60XAK | H24: =VLOOKUP(G24,'Paste Bid Here'!A:F,6,FALSE) -> #N/A
A25: Performance Series Single Stage 15 SEER | D25: Performance Two Stage 17 SEER
A26: IN5A5S18AKAWA | B26: =VLOOKUP(A26,'Paste Bid Here'!A:F,6,FALSE) -> #N/A | D26: IN5H8T24AKAAA | E26: =VLOOKUP(D26,'Paste Bid Here'!A:F,6,FALSE) -> #N/A | G26: Electric Heat Kit - Used w/ D5FUAAH
A27: IN5A5S24AKAWA | B27: =VLOOKUP(A27,'Paste Bid Here'!A:F,6,FALSE) -> #N/A | D27: IN5H8T36AKAAA | E27: =VLOOKUP(D27,'Paste Bid Here'!A:F,6,FALSE) -> #N/A | G27: IEHKMC05KN | H27: =VLOOKUP(G27,'Paste Bid Here'!A:F,6,FALSE) -> #N/A
A28: IN5A5S30AKAWA | B28: =VLOOKUP(A28,'Paste Bid Here'!A:F,6,FALSE) -> #N/A | D28: IN5H8T48AKAAA | E28: =VLOOKUP(D28,'Paste Bid Here'!A:F,6,FALSE) -> #N/A | G28: IEHKMC08KN | H28: =VLOOKUP(G28,'Paste Bid Here'!A:F,6,FALSE) -> #N/A
A29: IN5A5S36AKAWA | B29: =VLOOKUP(A29,'Paste Bid Here'!A:F,6,FALSE) -> #N/A | D29: IN5H8T60AKAAA | E29: =VLOOKUP(D29,'Paste Bid Here'!A:F,6,FALSE) -> #N/A | G29: IEHKMC10KN | H29: =VLOOKUP(G29,'Paste Bid Here'!A:F,6,FALSE) -> #N/A
A30: IN5A5S42AKAWA | B30: =VLOOKUP(A30,'Paste Bid Here'!A:F,6,FALSE) -> #N/A | D30: Performance Single Stage 15 SEER | G30: IEHKMC15KN | H30: =VLOOKUP(G30,'Paste Bid Here'!A:F,6,FALSE) -> #N/A
A31: IN5A5S48AKAWA | B31: =VLOOKUP(A31,'Paste Bid Here'!A:F,6,FALSE) -> #N/A | D31: IN5H5S18AKAAA | E31: =VLOOKUP(D31,'Paste Bid Here'!A:F,6,FALSE) -> #N/A | G31: IEHKMC20KN | H31: =VLOOKUP(G31,'Paste Bid Here'!A:F,6,FALSE) -> #N/A
A32: IN5A5S60AKAWA | B32: =VLOOKUP(A32,'Paste Bid Here'!A:F,6,FALSE) -> #N/A | D32: IN5H5S24AKAAA | E32: =VLOOKUP(D32,'Paste Bid Here'!A:F,6,FALSE) -> #N/A | G32: IEHKMC25KN | H32: =VLOOKUP(G32,'Paste Bid Here'!A:F,6,FALSE) -> #N/A
A33: Performance Series Single Stage 14 SEER | D33: IN5H5S30AKAAA | E33: =VLOOKUP(D33,'Paste Bid Here'!A:F,6,FALSE) -> #N/A | G33: Electric Heat Kit - Used w/ D5FUHAH
A34: IN5A4S18AKANA | B34: =VLOOKUP(A34,'Paste Bid Here'!A:F,6,FALSE) -> #N/A | D34: IN5H5S36AKAAA | E34: =VLOOKUP(D34,'Paste Bid Here'!A:F,6,FALSE) -> #N/A | G34: CEHKMD05KN | H34: NEW
A35: IN5A4S24AKANA | B35: =VLOOKUP(A35,'Paste Bid Here'!A:F,6,FALSE) -> #N/A | D35: IN5H5S42AKAAA | E35: =VLOOKUP(D35,'Paste Bid Here'!A:F,6,FALSE) -> #N/A | G35: CEHKMD08KN | H35: NEW
A36: IN5A4S30AKANA | B36: =VLOOKUP(A36,'Paste Bid Here'!A:F,6,FALSE) -> #N/A | D36: IN5H5S48AKAAA | E36: =VLOOKUP(D36,'Paste Bid Here'!A:F,6,FALSE) -> #N/A | G36: CEHKMD10KN | H36: NEW
A37: IN5A4S36AKANA | B37: =VLOOKUP(A37,'Paste Bid Here'!A:F,6,FALSE) -> #N/A | D37: IN5H5S60AKAAA | E37: =VLOOKUP(D37,'Paste Bid Here'!A:F,6,FALSE) -> #N/A | G37: CEHKMD15KN | H37: NEW
A38: IN5A4S42AKANA | B38: =VLOOKUP(A38,'Paste Bid Here'!A:F,6,FALSE) -> #N/A | G38: CEHKMD20KN | H38: NEW
A39: IN5A4S48AKANA | B39: =VLOOKUP(A39,'Paste Bid Here'!A:F,6,FALSE) -> #N/A
A40: IN5A4S60AKANA | B40: =VLOOKUP(A40,'Paste Bid Here'!A:F,6,FALSE) -> #N/A | G40: ION Wall Control
G41: ISYST0201CW | H41: =VLOOKUP(G41,'Paste Bid Here'!A:F,6,FALSE) -> #N/A
G42: *Must use with communicating systems
G43: ION Gray Smart Therostat
G44: ITSTATIIEWF01 | H44: =VLOOKUP(G44,'Paste Bid Here'!A:F,6,FALSE) -> #N/A
G45: *Non Communicating 3H/2C Wi-Fi
G46: DAY & NIGHT MAY 2025
A47: Cased Upflow/Downflow Coils | D47: Cased Multipoise Coils | G47: Air Handlers
A48: Vertical Power-V | D48: Multipoise Power-V | G48: ION Variable-Speed ECM Communicating
A49: IEVD5X24M14A | B49: =VLOOKUP(A49,'Paste Bid Here'!A:F,6,FALSE) -> #N/A | D49: IEVM5X24M14A | E49: =VLOOKUP(D49,'Paste Bid Here'!A:F,6,FALSE) -> #N/A | G49: IFCMA5X24L0BA | H49: =VLOOKUP(G49,'Paste Bid Here'!A:F,6,FALSE) -> #N/A
A50: IEVD5X24M17A | B50: =VLOOKUP(A50,'Paste Bid Here'!A:F,6,FALSE) -> #N/A | D50: IEVM5X24M17A | E50: =VLOOKUP(D50,'Paste Bid Here'!A:F,6,FALSE) -> #N/A | G50: IFCMA5B36L0CA | H50: =VLOOKUP(G50,'Paste Bid Here'!A:F,6,FALSE) -> #N/A
A51: IEVD5X30M14A | B51: =VLOOKUP(A51,'Paste Bid Here'!A:F,6,FALSE) -> #N/A | D51: IEVM5X30M17A | E51: =VLOOKUP(D51,'Paste Bid Here'!A:F,6,FALSE) -> #N/A | G51: IFCMA5B48L0CA | H51: =VLOOKUP(G51,'Paste Bid Here'!A:F,6,FALSE) -> #N/A
A52: IEVD5X30M17A | B52: =VLOOKUP(A52,'Paste Bid Here'!A:F,6,FALSE) -> #N/A | D52: IEVM5X31M17A | E52: =VLOOKUP(D52,'Paste Bid Here'!A:F,6,FALSE) -> #N/A | G52: IFCMA5B60L0DA | H52: =VLOOKUP(G52,'Paste Bid Here'!A:F,6,FALSE) -> #N/A
A53: IEVD5X36M17A | B53: =VLOOKUP(A53,'Paste Bid Here'!A:F,6,FALSE) -> #N/A | D53: IEVM5X36M17A | E53: =VLOOKUP(D53,'Paste Bid Here'!A:F,6,FALSE) -> #N/A | G53: Quiet Comfort Variable-Speed ECM 2-Stage w/TXV
A54: IEVD5X36M21A | B54: =VLOOKUP(A54,'Paste Bid Here'!A:F,6,FALSE) -> #N/A | D54: IEVM5X42M21A | E54: =VLOOKUP(D54,'Paste Bid Here'!A:F,6,FALSE) -> #N/A | G54: IFTMA5X24L0BA | H54: =VLOOKUP(G54,'Paste Bid Here'!A:F,6,FALSE) -> #N/A
A55: IEVD5X42M17A | B55: =VLOOKUP(A55,'Paste Bid Here'!A:F,6,FALSE) -> #N/A | D55: IEVM5X48M21A | E55: =VLOOKUP(D55,'Paste Bid Here'!A:F,6,FALSE) -> #N/A | G55: IFTMA5B36L0CA | H55: =VLOOKUP(G55,'Paste Bid Here'!A:F,6,FALSE) -> #N/A
A56: IEVD5X42M21A | B56: =VLOOKUP(A56,'Paste Bid Here'!A:F,6,FALSE) -> #N/A | D56: IEVM5X60M21A | E56: =VLOOKUP(D56,'Paste Bid Here'!A:F,6,FALSE) -> #N/A | G56: IFTMA5B48L0CA | H56: =VLOOKUP(G56,'Paste Bid Here'!A:F,6,FALSE) -> #N/A
A57: IEVD5X48M21A | B57: =VLOOKUP(A57,'Paste Bid Here'!A:F,6,FALSE) -> #N/A | D57: IEVM5X60M24A | E57: =VLOOKUP(D57,'Paste Bid Here'!A:F,6,FALSE) -> #N/A | G57: IFTMA5B60L0DA | H57: =VLOOKUP(G57,'Paste Bid Here'!A:F,6,FALSE) -> #N/A
A58: IEVD5X60M21A | B58: =VLOOKUP(A58,'Paste Bid Here'!A:F,6,FALSE) -> #N/A | D58: IEVM5X61M24A | E58: =VLOOKUP(D58,'Paste Bid Here'!A:F,6,FALSE) -> #N/A | G58: Performance Single-Stage ECM w/TXV
A59: IEVD5X60M24A | B59: =VLOOKUP(A59,'Paste Bid Here'!A:F,6,FALSE) -> #N/A | D59: Multipoise A Coil | G59: IFHMA5X24L0BA | H59: =VLOOKUP(G59,'Paste Bid Here'!A:F,6,FALSE) -> #N/A
D60: IEAM5X24M14A | E60: =VLOOKUP(D60,'Paste Bid Here'!A:F,6,FALSE) -> #N/A | G60: IFHMA5X30L0BA | H60: =VLOOKUP(G60,'Paste Bid Here'!A:F,6,FALSE) -> #N/A
D61: IEAM5X24M17A | E61: =VLOOKUP(D61,'Paste Bid Here'!A:F,6,FALSE) -> #N/A | G61: IFHMA5X36L0BA | H61: =VLOOKUP(G61,'Paste Bid Here'!A:F,6,FALSE) -> #N/A
D62: IEAM5X30M14A | E62: =VLOOKUP(D62,'Paste Bid Here'!A:F,6,FALSE) -> #N/A | G62: IFHMA5B42L0CA | H62: =VLOOKUP(G62,'Paste Bid Here'!A:F,6,FALSE) -> #N/A
D63: IEAM5X30M17A | E63: =VLOOKUP(D63,'Paste Bid Here'!A:F,6,FALSE) -> #N/A | G63: IFHMA5B48L0CA | H63: =VLOOKUP(G63,'Paste Bid Here'!A:F,6,FALSE) -> #N/A
D64: IEAM5X36M17A | E64: =VLOOKUP(D64,'Paste Bid Here'!A:F,6,FALSE) -> #N/A | G64: IFHMA5B60L0DA | H64: =VLOOKUP(G64,'Paste Bid Here'!A:F,6,FALSE) -> #N/A
D65: IEAM5X42M21A | E65: =VLOOKUP(D65,'Paste Bid Here'!A:F,6,FALSE) -> #N/A
D66: IEAM5X48M21A | E66: =VLOOKUP(D66,'Paste Bid Here'!A:F,6,FALSE) -> #N/A | G66: Electric Heat Kit
D67: IEAM5X60M24A | E67: =VLOOKUP(D67,'Paste Bid Here'!A:F,6,FALSE) -> #N/A | G67: Use with FCMA5, FTMA5, & FHMA5
G68: Tutco Equal to IEHC Heat Kit
G69: TFF2401C05 | H69: =VLOOKUP(G69,'Paste Bid Here'!A:F,6,FALSE) -> #N/A | I69: IEHC05BKB | J69: CKFFEH2401C05
G70: TFF2501C08 | H70: =VLOOKUP(G70,'Paste Bid Here'!A:F,6,FALSE) -> #N/A | I70: IEHC07BKB | J70: CKFFEH2501C08
G71: TFF2601C10 | H71: =VLOOKUP(G71,'Paste Bid Here'!A:F,6,FALSE) -> #N/A | I71: IEHC10BKB | J71: CKFFEH2601C10
G72: TFF3101C15 | H72: =VLOOKUP(G72,'Paste Bid Here'!A:F,6,FALSE) -> #N/A | I72: IEHC15BKB | J72: CKFFEH3101C15
G73: TFF3301C20 | H73: =VLOOKUP(G73,'Paste Bid Here'!A:F,6,FALSE) -> #N/A | I73: IEHC20BKB | J73: CKFFEH3301C20
G75: Downflow Kits
G76: IEBAC01DFS | H76: =VLOOKUP(G76,'Paste Bid Here'!A:F,6,FALSE) -> #N/A
G77: *Use with slope coils FHMA5 18, 24
G78: *Use with slope coils FCMA5/FTMA5 36
G80: IEBAC02DFA | H80: =VLOOKUP(G80,'Paste Bid Here'!A:F,6,FALSE) -> #N/A
G81: *Use with A coils FHMA5 30, 36, 42, 48, 60
G82: *Use with A coils FCMA5/FTMA5 24, 48, 60
G84: DAY & NIGHT MAY 2025
A85: 95%+ Furnaces | D85: 80% Furnaces | G85: Zoning
A86: Modulating 97% Variable ECM | D86: Two-Stage 80% Communicating ECM | G86: Zone Panel
A87: IG97CMN0601714B | B87: =VLOOKUP(A87,'Paste Bid Here'!A:F,6,FALSE) -> #N/A | D87: IG80CTL0451712B | E87: =VLOOKUP(D87,'Paste Bid Here'!A:F,6,FALSE) -> #N/A | G87: ISYST0101ZP | H87: =VLOOKUP(G87,'Paste Bid Here'!A:F,6,FALSE) -> #N/A
A88: IG97CMN0602120B | B88: =VLOOKUP(A88,'Paste Bid Here'!A:F,6,FALSE) -> #N/A | D88: IG80CTL0701412B | E88: =VLOOKUP(D88,'Paste Bid Here'!A:F,6,FALSE) -> #N/A | G88: Smart Sensor Zone Stat
A89: IG97CMN0801714B | B89: =VLOOKUP(A89,'Paste Bid Here'!A:F,6,FALSE) -> #N/A | D89: IG80CTL0701716B | E89: =VLOOKUP(D89,'Paste Bid Here'!A:F,6,FALSE) -> #N/A | G89: ISYSTXZNSMS01 | H89: =VLOOKUP(G89,'Paste Bid Here'!A:F,6,FALSE) -> #N/A
A90: IG97CMN0802120B | B90: =VLOOKUP(A90,'Paste Bid Here'!A:F,6,FALSE) -> #N/A | D90: IG80CTL0702120B | E90: =VLOOKUP(D90,'Paste Bid Here'!A:F,6,FALSE) -> #N/A | G90: Round Zone Dampers
A91: IG97CMN1002122B | B91: =VLOOKUP(A91,'Paste Bid Here'!A:F,6,FALSE) -> #N/A | D91: IG80CTL0901716B | E91: =VLOOKUP(D91,'Paste Bid Here'!A:F,6,FALSE) -> #N/A | G91: CDAMPRND06INCB | H91: =VLOOKUP(G91,'Paste Bid Here'!A:F,6,FALSE) -> #N/A
A92: IG97CMN1202422B | B92: =VLOOKUP(A92,'Paste Bid Here'!A:F,6,FALSE) -> #N/A | D92: IG80CTL0902120B | E92: =VLOOKUP(D92,'Paste Bid Here'!A:F,6,FALSE) -> #N/A | G92: CDAMPRND08INCB | H92: =VLOOKUP(G92,'Paste Bid Here'!A:F,6,FALSE) -> #N/A
A93: Two-Stage 96% Communicating ECM | D93: IG80CTL1102120B | E93: =VLOOKUP(D93,'Paste Bid Here'!A:F,6,FALSE) -> #N/A | G93: CDAMPRND10INCB | H93: =VLOOKUP(G93,'Paste Bid Here'!A:F,6,FALSE) -> #N/A
A94: IG96CTN0601714B | B94: =VLOOKUP(A94,'Paste Bid Here'!A:F,6,FALSE) -> #N/A | D94: IG80CTL1352422B | E94: =VLOOKUP(D94,'Paste Bid Here'!A:F,6,FALSE) -> #N/A | G94: CDAMPRND12INCB | H94: =VLOOKUP(G94,'Paste Bid Here'!A:F,6,FALSE) -> #N/A
A95: IG96CTN0801714B | B95: =VLOOKUP(A95,'Paste Bid Here'!A:F,6,FALSE) -> #N/A | D95: Single-Stage 80% Multi Speed ECM | G95: CDAMPRND14INCB | H95: =VLOOKUP(G95,'Paste Bid Here'!A:F,6,FALSE) -> #N/A
A96: IG96CTN0802120B | B96: =VLOOKUP(A96,'Paste Bid Here'!A:F,6,FALSE) -> #N/A | D96: IN80MSN0451412A | E96: =VLOOKUP(D96,'Paste Bid Here'!A:F,6,FALSE) -> #N/A | G96: CDAMPRND16INCB | H96: =VLOOKUP(G96,'Paste Bid Here'!A:F,6,FALSE) -> #N/A
A97: IG96CTN1002122B | B97: =VLOOKUP(A97,'Paste Bid Here'!A:F,6,FALSE) -> #N/A | D97: IN80MSN0451714A | E97: =VLOOKUP(D97,'Paste Bid Here'!A:F,6,FALSE) -> #N/A
A98: IG96CTN1202422B | B98: =VLOOKUP(A98,'Paste Bid Here'!A:F,6,FALSE) -> #N/A | D98: IN80MSN0701412A | E98: =VLOOKUP(D98,'Paste Bid Here'!A:F,6,FALSE) -> #N/A
A99: Two-Stage 96% Variable ECM | D99: IN80MSN0701712A | E99: =VLOOKUP(D99,'Paste Bid Here'!A:F,6,FALSE) -> #N/A
A100: IG96VTN0401410B | B100: =VLOOKUP(A100,'Paste Bid Here'!A:F,6,FALSE) -> #N/A | D100: IN80MSN0701716A | E100: =VLOOKUP(D100,'Paste Bid Here'!A:F,6,FALSE) -> #N/A
A101: IG96VTN0401712B | B101: =VLOOKUP(A101,'Paste Bid Here'!A:F,6,FALSE) -> #N/A | D101: IN80MSN0702116A | E101: =VLOOKUP(D101,'Paste Bid Here'!A:F,6,FALSE) -> #N/A
A102: IG96VTN0601412B | B102: =VLOOKUP(A102,'Paste Bid Here'!A:F,6,FALSE) -> #N/A | D102: IN80MSN0901714A | E102: =VLOOKUP(D102,'Paste Bid Here'!A:F,6,FALSE) -> #N/A
A103: IG96VTN0601716B | B103: =VLOOKUP(A103,'Paste Bid Here'!A:F,6,FALSE) -> #N/A | D103: IN80MSN0902116A | E103: =VLOOKUP(D103,'Paste Bid Here'!A:F,6,FALSE) -> #N/A
...

Sheet Single Zone DLS
A1: Single Zone Quick Reference Guide - R-454B Ductless Systems
A2: AHRI Rated Btu's Cooling @ 95F [35C] Heating @ 47F [6.3C] | B2: SEER2 | C2: EER2 | D2: HSPF2 | E2: Indoor Unit With Wireless Remote | F2: SELL $ | G2: Outdoor Unit With Base Pan Heater | H2: SELL $ | I2: Line Set Liquid x Suction | J2: Max. Line Length | K2: Additional Charge ≥ 25ft | L2: Max. Lift | M2: MCA/MOCP | N2: Recommended Fuse Size | O2: Maximum Heating BTU's at -4F [-20C] | P2: Maximum Heating BTU's at 5F [-15C] | Q2: Maximum Cooling BTU's at 110F [43C] | R2: Maximum Cooling BTU's at 122F [50C]
O3: At 70F [21.1C] Indoor DB | Q3: At 80F [26.7C] Indoor DB
A4: Deluxe Series High Wall 1:1 Heat Pump Systems
A5: 6,000/9,000 | B5: 33.1 | C5: 16.5 | D5: 29 | E5: ID5FPHAH06XAK | F5: =VLOOKUP(E5,'Paste Bid Here'!A:F,6,FALSE) -> #N/A | G5: ID5CPRAH06AAK | H5: =VLOOKUP(G5,'Paste Bid Here'!A:F,6,FALSE) -> #N/A | I5: 1/4" x 3/8" | J5: 82.02' | K5: .16 Oz/Ft | L5: 49.21' | M5: 16A / 20A | N5: 20A | O5: 10130 | P5: 13965 | Q5: 15085 | R5: 7892
A6: 9,000/12,000 | B6: 31.5 | C6: 16 | D6: 21 | E6: ID5FPHAH09XAK | F6: =VLOOKUP(E6,'Paste Bid Here'!A:F,6,FALSE) -> #N/A | G6: ID5CPRAH09AAK | H6: =VLOOKUP(G6,'Paste Bid Here'!A:F,6,FALSE) -> #N/A | I6: 1/4" x 3/8" | J6: 82.02' | K6: .16 Oz/Ft | L6: 49.21' | M6: 16A / 20A | N6: 20A | O6: 10130 | P6: 13965 | Q6: 15085 | R6: 7892
A7: 12,000/12,000 | B7: 28 | C7: 13.5 | D7: 13.5 | E7: ID5FPHAH12XAK | F7: =VLOOKUP(E7,'Paste Bid Here'!A:F,6,FALSE) -> #N/A | G7: ID5CPRAH12AAK | H7: =VLOOKUP(G7,'Paste Bid Here'!A:F,6,FALSE) -> #N/A | I7: 1/4" x 3/8" | J7: 82.02' | K7: .16 Oz/Ft | L7: 49.21' | M7: 16A / 20A | N7: 20A | O7: 10130 | P7: 13965 | Q7: 15085 | R7: 7892
A8: 18,000/20,000 | B8: 24.5 | C8: 14 | D8: 15.2 | E8: ID5FPHAH18XAK | F8: =VLOOKUP(E8,'Paste Bid Here'!A:F,6,FALSE) -> #N/A | G8: ID5CPRAH18AAK | H8: =VLOOKUP(G8,'Paste Bid Here'!A:F,6,FALSE) -> #N/A | I8: 3/8" x 5/8" | J8: 164.04' | K8: .32 Oz/Ft | L8: 82.02' | M8: 24.9A / 25A | N8: 25A | O8: 20482 | P8: 24809 | Q8: 23263 | R8: 13286
A9: QuietComfort Series High Wall 1:1 Heat Pump Systems
A10: 6,000/7,000 | B10: 25.7 | C10: 18 | D10: 14.8 | E10: ID5FSHAH06XAK | F10: =VLOOKUP(E10,'Paste Bid Here'!A:F,6,FALSE) -> #N/A | G10: ID5CSHAH06AAK | H10: =VLOOKUP(G10,'Paste Bid Here'!A:F,6,FALSE) -> #N/A | I10: 1/4" x 3/8" | J10: 82.02' | K10: .16 Oz/Ft | L10: 49.21' | M10: 12A / 15A | N10: 15A | O10: 5125 | P10: 7700 | Q10: 10717 | R10: 7571
A11: 9,000/12,000 | B11: 27.5 | C11: 15.5 | D11: 12.5 | E11: ID5FSHAH09XAK | F11: =VLOOKUP(E11,'Paste Bid Here'!A:F,6,FALSE) -> #N/A | G11: ID5CSHAH09AAK | H11: =VLOOKUP(G11,'Paste Bid Here'!A:F,6,FALSE) -> #N/A | I11: 1/4" x 3/8" | J11: 82.02' | K11: .16 Oz/Ft | L11: 49.21' | M11: 15A / 15A | N11: 15A | O11: 8080 | P11: 11500 | Q11: 11215 | R11: 7447
A12: 12,000/12,000 | B12: 25.5 | C12: 13.5 | D12: 10.5 | E12: ID5FSHAH12XAK | F12: =VLOOKUP(E12,'Paste Bid Here'!A:F,6,FALSE) -> #N/A | G12: ID5CSHAH12AAK | H12: =VLOOKUP(G12,'Paste Bid Here'!A:F,6,FALSE) -> #N/A | I12: 1/4" x 3/8" | J12: 82.02' | K12: .16 Oz/Ft | L12: 49.21' | M12: 15A / 15A | N12: 15A | O12: 9260 | P12: 11500 | Q12: 12194 | R12: 6490
A13: 18,000/18,000 | B13: 21.5 | C13: 12.5 | D13: 11 | E13: ID5FSHAH18XAK | F13: =VLOOKUP(E13,'Paste Bid Here'!A:F,6,FALSE) -> #N/A | G13: ID5CSHAH18AAK | H13: =VLOOKUP(G13,'Paste Bid Here'!A:F,6,FALSE) -> #N/A | I13: 1/4" x 1/2" | J13: 98.42' | K13: .16 Oz/Ft | L13: 65.62' | M13: 19A / 20A | N13: 20A | O13: 15050 | P13: 18000 | Q13: 14794 | R13: 10590
A14: 24,000/29,000 | B14: 21.2 | C14: 13 | D14: 13.5 | E14: ID5FSHAH24XAK | F14: =VLOOKUP(E14,'Paste Bid Here'!A:F,6,FALSE) -> #N/A | G14: ID5CSHAH24AAK | H14: =VLOOKUP(G14,'Paste Bid Here'!A:F,6,FALSE) -> #N/A | I14: 3/8" x 5/8" | J14: 164.04' | K14: .32 Oz/Ft | L14: 82.02' | M14: 24.9A / 25A | N14: 25A | O14: 20482 | P14: 24200 | Q14: 23263 | R14: 13286
A15: 33,000/36,000 | B15: 19.6 | C15: 12 | D15: 10.5 | E15: ID5FSHAH33XAK | F15: =VLOOKUP(E15,'Paste Bid Here'!A:F,6,FALSE) -> #N/A | G15: ID5CSHAH33AAK | H15: =VLOOKUP(G15,'Paste Bid Here'!A:F,6,FALSE) -> #N/A | I15: 3/8" x 3/4" | J15: 164.04' | K15: .32 Oz/Ft | L15: 82.02' | M15: 34A / 35A | N15: 35A | O15: 29178 | P15: 35000 | Q15: 32895 | R15: 21554
A16: 12,000/12,000 | B16: 23.5 | C16: 13 | D16: 9.5 | E16: ID5FSHAH12XAJ | F16: =VLOOKUP(E16,'Paste Bid Here'!A:F,6,FALSE) -> #N/A | G16: ID5CSRAH12AAJ | H16: =VLOOKUP(G16,'Paste Bid Here'!A:F,6,FALSE) -> #N/A | I16: 1/4" x 3/8" | J16: 82.02' | K16: .16 Oz/Ft | L16: 49.21' | M16: 18A / 20A | N16: 20A | O16: 4374 | P16: 7700 | Q16: 11229 | R16: 6401
A17: 9,000/10,000 | B17: 26 | C17: 14.9 | D17: 12.5 | E17: ID5FSHAH09XAK | F17: =VLOOKUP(E17,'Paste Bid Here'!A:F,6,FALSE) -> #N/A | G17: ID5CSRAH09AAK | H17: =VLOOKUP(G17,'Paste Bid Here'!A:F,6,FALSE) -> #N/A | I17: 1/4" x 3/8" | J17: 82.02' | K17: .16 Oz/Ft | L17: 49.21' | M17: 12A / 15A | N17: 15A | O17: 7578 | P17: 8000 | Q17: 11188 | R17: 8230
A18: 12,000/12,000 | B18: 25.5 | C18: 13.1 | D18: 10.7 | E18: ID5FSHAH12XAK | F18: =VLOOKUP(E18,'Paste Bid Here'!A:F,6,FALSE) -> #N/A | G18: ID5CSRAH12AAK | H18: =VLOOKUP(G18,'Paste Bid Here'!A:F,6,FALSE) -> #N/A | I18: 1/4" x 3/8" | J18: 82.02' | K18: .16 Oz/Ft | L18: 49.21' | M18: 12A / 15A | N18: 15A | O18: 7175 | P18: 8400 | Q18: 11096 | R18: 7438
A19: 18,000/18,000 | B19: 23.5 | C19: 12.8 | D19: 10.8 | E19: ID5FSHAH18XAK | F19: =VLOOKUP(E19,'Paste Bid Here'!A:F,6,FALSE) -> #N/A | G19: ID5CSRAH18AAK | H19: =VLOOKUP(G19,'Paste Bid Here'!A:F,6,FALSE) -> #N/A | I19: 1/4" x 1/2" | J19: 98.42' | K19: .16 Oz/Ft | L19: 65.62' | M19: 18A / 20A | N19: 20A | O19: 10925 | P19: 12800 | Q19: 14747 | R19: 5496
A20: 24,000/25,000 | B20: 23.1 | C20: 14 | D20: 11.7 | E20: ID5FSHAH24XAK | F20: =VLOOKUP(E20,'Paste Bid Here'!A:F,6,FALSE) -> #N/A | G20: ID5CSRAH24AAK | H20: =VLOOKUP(G20,'Paste Bid Here'!A:F,6,FALSE) -> #N/A | I20: 3/8" x 5/8" | J20: 164.04' | K20: .32 Oz/Ft | L20: 82.02' | M20: 24A / 25A | N20: 25A | O20: 13829 | P20: 19600 | Q20: 23103 | R20: 18744
A21: 30,000/30,000 | B21: 20.5 | C21: 12 | D21: 9.5 | E21: ID5FSHAH30XAK | F21: =VLOOKUP(E21,'Paste Bid Here'!A:F,6,FALSE) -> #N/A | G21: ID5CSRAH30AAK | H21: =VLOOKUP(G21,'Paste Bid Here'!A:F,6,FALSE) -> #N/A | I21: 3/8" x 3/4" | J21: 164.04' | K21: .32 Oz/Ft | L21: 82.02' | M21: 28A / 30A | N21: 30A | O21: 21495 | P21: 20000 | Q21: 26498 | R21: 9359
A22: 36,000/36,000 | B22: 19 | C22: 8.7 | D22: 8.5 | E22: ID5FSHAH36XAK | F22: =VLOOKUP(E22,'Paste Bid Here'!A:F,6,FALSE) -> #N/A | G22: ID5CSRAH36AAK | H22: =VLOOKUP(G22,'Paste Bid Here'!A:F,6,FALSE) -> #N/A | I22: 3/8" x 3/4" | J22: 213.25' | K22: .32 Oz/Ft | L22: 98.43' | M22: 33A / 35A | N22: 35A | O22: 22961 | P22: 22000 | Q22: 26995 | R22: 12885
A23: QuietComfort Series 4-Way Cassette 1:1 Heat Pump Systems
A24: 9,000/10,000 | B24: 22.7 | C24: 14 | D24: 12.2 | E24: ID5FSCAH12XAK | F24: =VLOOKUP(E24,'Paste Bid Here'!A:F,6,FALSE) -> #N/A | G24: ID5CSHAH09AAK | H24: =VLOOKUP(G24,'Paste Bid Here'!A:F,6,FALSE) -> #N/A | I24: 1/4" x 3/8" | J24: 82.02' | K24: .16 Oz/Ft | L24: 49.21' | M24: 15A / 15A | N24: 15A | O24: 7400 | P24: 11000 | Q24: 11100 | R24: 6483
A25: 12,000/12,000 | B25: 23.7 | C25: 12.7 | D25: 11.6 | E25: ID5FSCAH12XAK | F25: =VLOOKUP(E25,'Paste Bid Here'!A:F,6,FALSE) -> #N/A | G25: ID5CSHAH12AAK | H25: =VLOOKUP(G25,'Paste Bid Here'!A:F,6,FALSE) -> #N/A | I25: 1/4" x 3/8" | J25: 82.02' | K25: .16 Oz/Ft | L25: 49.21' | M25: 15A / 15A | N25: 15A | O25: 7500 | P25: 11500 | Q25: 11700 | R25: 6558
A26: 16,000/19,000 | B26: 20 | C26: 12.5 | D26: 12.4 | E26: ID5FSCAH18XAK | F26: =VLOOKUP(E26,'Paste Bid Here'!A:F,6,FALSE) -> #N/A | G26: ID5CSHAH18AAK | H26: =VLOOKUP(G26,'Paste Bid Here'!A:F,6,FALSE) -> #N/A | I26: 1/4" x 1/2" | J26: 98.42' | K26: .16 Oz/Ft | L26: 65.62' | M26: 19A / 20A | N26: 20A | O26: 14000 | P26: 17000 | Q26: 14000 | R26: 9879
A27: 23,500/25,000 | B27: 20.8 | C27: 12 | D27: 11.6 | E27: ID5FSCAH24XAK | F27: =VLOOKUP(E27,'Paste Bid Here'!A:F,6,FALSE) -> #N/A | G27: ID5CSHAH24AAK | H27: =VLOOKUP(G27,'Paste Bid Here'!A:F,6,FALSE) -> #N/A | I27: 3/8" x 5/8" | J27: 164.04' | K27: .32 Oz/Ft | L27: 82.02' | M27: 24.9A / 25A | N27: 25A | O27: 17300 | P27: 23800 | Q27: 21000 | R27: 13293
A28: 36,600/37,000 | B28: 21.3 | C28: 12 | D28: 10.6 | E28: ID5FLCAH36XAK | F28: =VLOOKUP(E28,'Paste Bid Here'!A:F,6,FALSE) -> #N/A | G28: ID5CLHAH36AAK | H28: =VLOOKUP(G28,'Paste Bid Here'!A:F,6,FALSE) -> #N/A | I28: 3/8" x 3/4" | J28: 246' | K28: .32 Oz/Ft | L28: 98.4' | M28: 38A / 40A | N28: 40A | O28: 30100 | P28: 37000 | Q28: 34400 | R28: 16842
A29: 48,000 / 53,000 | B29: 18.2 | C29: 10 | D29: 11 | E29: ID5FLCAH48XAK | F29: =VLOOKUP(E29,'Paste Bid Here'!A:F,6,FALSE) -> #N/A | G29: ID5CLHAH48AAK | H29: =VLOOKUP(G29,'Paste Bid Here'!A:F,6,FALSE) -> #N/A | I29: 3/8" x 3/4" | J29: 246' | K29: .32 Oz/Ft | L29: 98.4' | M29: 44A / 45A | N29: 45A | O29: 38200 | P29: 47500 | Q29: 38700 | R29: 14068
A30: 9,000/10,000 | B30: 21.7 | C30: 14.3 | D30: 11.3 | E30: ID5FSCAH12XAK | F30: =VLOOKUP(E30,'Paste Bid Here'!A:F,6,FALSE) -> #N/A | G30: ID5CSRAH09AAK | H30: =VLOOKUP(G30,'Paste Bid Here'!A:F,6,FALSE) -> #N/A | I30: 1/4" x 3/8" | J30: 82.02' | K30: .16 Oz/Ft | L30: 49.21' | M30: 12A / 15A | N30: 15A | O30: 6100 | P30: 8300 | Q30: 11700 | R30: 7165
A31: 12,000/12,000 | B31: 21.2 | C31: 12.5 | D31: 10.4 | E31: ID5FSCAH12XAK | F31: =VLOOKUP(E31,'Paste Bid Here'!A:F,6,FALSE) -> #N/A | G31: ID5CSRAH12AAK | H31: =VLOOKUP(G31,'Paste Bid Here'!A:F,6,FALSE) -> #N/A | I31: 1/4" x 3/8" | J31: 82.02' | K31: .16 Oz/Ft | L31: 49.21' | M31: 12A / 15A | N31: 15A | O31: 6700 | P31: 8400 | Q31: 11700 | R31: 6735
A32: 16,800/18,000 | B32: 20.8 | C32: 12.5 | D32: 11.4 | E32: ID5FSCAH18XAK | F32: =VLOOKUP(E32,'Paste Bid Here'!A:F,6,FALSE) -> #N/A | G32: ID5CSRAH18AAK | H32: =VLOOKUP(G32,'Paste Bid Here'!A:F,6,FALSE) -> #N/A | I32: 1/4" x 1/2" | J32: 98.42' | K32: .16 Oz/Ft | L32: 65.62' | M32: 18A / 20A | N32: 20A | O32: 10600 | P32: 12800 | Q32: 13400 | R32: 4709
A33: 24,000/25,000 | B33: 22.1 | C33: 12 | D33: 10.5 | E33: ID5FSCAH24XAK | F33: =VLOOKUP(E33,'Paste Bid Here'!A:F,6,FALSE) -> #N/A | G33: ID5CSRAH24AAK | H33: =VLOOKUP(G33,'Paste Bid Here'!A:F,6,FALSE) -> #N/A | I33: 3/8" x 5/8" | J33: 164.04' | K33: .32 Oz/Ft | L33: 82.02' | M33: 24A / 25A | N33: 25A | O33: 12800 | P33: 18500 | Q33: 21000 | R33: 14388
A34: 36,000/38,000 | B34: 20 | C34: 9.7 | D34: 10.4 | E34: ID5FLCAH36XAK | F34: =VLOOKUP(E34,'Paste Bid Here'!A:F,6,FALSE) -> #N/A | G34: ID5CLRAH36AAK | H34: =VLOOKUP(G34,'Paste Bid Here'!A:F,6,FALSE) -> #N/A | I34: 3/8" x 3/4" | J34: 246' | K34: .32 Oz/Ft | L34: 98.4' | M34: 33A / 35A | N34: 35A | O34: 20800 | P34: 26600 | Q34: 28200 | R34: 16644
A35: 48,000/50,000 | B35: 19.1 | C35: 9.5 | D35: 9.9 | E35: ID5FLCAH48XAK | F35: =VLOOKUP(E35,'Paste Bid Here'!A:F,6,FALSE) -> #N/A | G35: ID5CLRAH48AAK | H35: =VLOOKUP(G35,'Paste Bid Here'!A:F,6,FALSE) -> #N/A | I35: 3/8" x 3/4" | J35: 246' | K35: .32 Oz/Ft | L35: 98.4' | M35: 39A / 40A | N35: 40A | O35: 32100 | P35: 40500 | Q35: 40400 | R35: 21475
A36: 9k, 12k, 18k 4-way Cassette Grille | E36: IKSALG0103AAA | F36: =VLOOKUP(E36,'Paste Bid Here'!A:F,6,FALSE) -> #N/A
A37: 24k, 36k, 48k 4-way Cassette Grille | E37: IKSALG0203AAA | F37: =VLOOKUP(E37,'Paste Bid Here'!A:F,6,FALSE) -> #N/A
A38: Ceiling Cassette Grille for 9K, 12K & 18K BTU KSALG0103AAA (unbranded) ~ Ceiling Cassette Grille for 24K, 36K & 48K KSALG0203AAA (unbranded) [Required on all sizes and Sold Separately]
A39: QuietComfort Series 1-Way Cassette 1:1 Heat Pump Systems
A40: 6,500/7,400 | B40: 22 | C40: 15.2 | D40: 12 | E40: ID5FSOAH06XAK | F40: =VLOOKUP(E40,'Paste Bid Here'!A:F,6,FALSE) -> #N/A | G40: ID5CSHAH06AAK | H40: =VLOOKUP(G40,'Paste Bid Here'!A:F,6,FALSE) -> #N/A | I40: 1/4" x 3/8" | J40: 82.02' | K40: .16 Oz/Ft | L40: 49.21' | M40: 12A / 15A | N40: 15A | O40: 6400 | P40: 8100 | Q40: 11200 | R40: 6483
A41: 9,000/10,900 | B41: 24 | C41: 14.7 | D41: 12.2 | E41: ID5FSOAH12XAK | F41: =VLOOKUP(E41,'Paste Bid Here'!A:F,6,FALSE) -> #N/A | G41: ID5CSHAH09AAK | H41: =VLOOKUP(G41,'Paste Bid Here'!A:F,6,FALSE) -> #N/A | I41: 1/4" x 3/8" | J41: 82.02' | K41: .16 Oz/Ft | L41: 49.21' | M41: 15A / 15A | N41: 15A | O41: 8600 | P41: 10600 | Q41: 11200 | R41: 6483
A42: 12,000/12,500 | B42: 23 | C42: 13 | D42: 10.2 | E42: ID5FSOAH12XAK | F42: =VLOOKUP(E42,'Paste Bid Here'!A:F,6,FALSE) -> #N/A | G42: ID5CSHAH12AAK | H42: =VLOOKUP(G42,'Paste Bid Here'!A:F,6,FALSE) -> #N/A | I42: 1/4" x 3/8" | J42: 82.02' | K42: .16 Oz/Ft | L42: 49.21' | M42: 15A / 15A | N42: 15A | O42: 8600 | P42: 11500 | Q42: 11900 | R42: 6558
A43: 16,700/20,000 | B43: 20.7 | C43: 12.5 | D43: 12.2 | E43: ID5FSOAH18XAK | F43: =VLOOKUP(E43,'Paste Bid Here'!A:F,6,FALSE) -> #N/A | G43: ID5CSHAH18AAK | H43: =VLOOKUP(G43,'Paste Bid Here'!A:F,6,FALSE) -> #N/A | I43: 1/4" x 1/2" | J43: 98.42' | K43: .16 Oz/Ft | L43: 65.62' | M43: 19A / 20A | N43: 20A | O43: 14500 | P43: 17500 | Q43: 14500 | R43: 10289
A44: 9,000/11,000 | B44: 22.2 | C44: 14.4 | D44: 11.8 | E44: ID5FSOAH12XAK | F44: =VLOOKUP(E44,'Paste Bid Here'!A:F,6,FALSE) -> #N/A | G44: ID5CSRAH09AAK | H44: =VLOOKUP(G44,'Paste Bid Here'!A:F,6,FALSE) -> #N/A | I44: 1/4" x 3/8" | J44: 82.02' | K44: .16 Oz/Ft | L44: 49.21' | M44: 12A / 15A | N44: 15A | O44: 6100 | P44: 8000 | Q44: 10100 | R44: 7165
A45: 12,000/12,000 | B45: 22.2 | C45: 12.3 | D45: 10.1 | E45: ID5FSOAH12XAK | F45: =VLOOKUP(E45,'Paste Bid Here'!A:F,6,FALSE) -> #N/A | G45: ID5CSRAH12AAK | H45: =VLOOKUP(G45,'Paste Bid Here'!A:F,6,FALSE) -> #N/A | I45: 1/4" x 3/8" | J45: 82.02' | K45: .16 Oz/Ft | L45: 49.21' | M45: 12A / 15A | N45: 15A | O45: 6800 | P45: 8600 | Q45: 12400 | R45: 7165
A46: 18,000/18,000 | B46: 22.3 | C46: 12.5 | D46: 12.2 | E46: ID5FSOAH18XAK | F46: =VLOOKUP(E46,'Paste Bid Here'!A:F,6,FALSE) -> #N/A | G46: ID5CSRAH18AAK | H46: =VLOOKUP(G46,'Paste Bid Here'!A:F,6,FALSE) -> #N/A | I46: 1/4" x 1/2" | J46: 98.42' | K46: .16 Oz/Ft | L46: 65.62' | M46: 18A / 20A | N46: 20A | O46: 10300 | P46: 13100 | Q46: 14500 | R46: 5118
A47: One-Way Cassete units include grills | 9k/12k IDU Capacity select via dip switch and must match ODU size
A48: QuietComfort Series Low Static Slim Ducted 1:1 Heat Pump Systems
A49: 6,500/8,000 | B49: 21.5 | C49: 14.5 | D49: 13.8 | E49: ID5FSDAH06XAK | F49: =VLOOKUP(E49,'Paste Bid Here'!A:F,6,FALSE) -> #N/A | G49: ID5CSHAH06AAK | H49: =VLOOKUP(G49,'Paste Bid Here'!A:F,6,FALSE) -> #N/A | I49: 1/4" x 3/8" | J49: 82.02' | K49: .16 Oz/Ft | L49: 49.21' | M49: 12A / 15A | N49: 15A | O49: 6302 | P49: 7800 | Q49: 10448 | R49: 7387
A50: 9,000/10,000 | B50: 21.5 | C50: 13.5 | D50: 12.5 | E50: ID5FSDAH12XAK | F50: =VLOOKUP(E50,'Paste Bid Here'!A:F,6,FALSE) -> #N/A | G50: ID5CSHAH09AAK | H50: =VLOOKUP(G50,'Paste Bid Here'!A:F,6,FALSE) -> #N/A | I50: 1/4" x 3/8" | J50: 82.02' | K50: .16 Oz/Ft | L50: 49.21' | M50: 15A / 15A | N50: 15A | O50: 9704 | P50: 11200 | Q50: 11147 | R50: 6056
A51: 12,000/12,500 | B51: 20 | C51: 12 | D51: 10.2 | E51: ID5FSDAH12XAK | F51: =VLOOKUP(E51,'Paste Bid Here'!A:F,6,FALSE) -> #N/A | G51: ID5CSHAH12AAK | H51: =VLOOKUP(G51,'Paste Bid Here'!A:F,6,FALSE) -> #N/A | I51: 1/4" x 3/8" | J51: 82.02' | K51: .16 Oz/Ft | L51: 49.21' | M51: 15A / 15A | N51: 15A | O51: 10256 | P51: 11800 | Q51: 11430 | R51: 6220
A52: 17,000/19,000 | B52: 18 | C52: 12 | D52: 10.8 | E52: ID5FSDAH18XAK | F52: =VLOOKUP(E52,'Paste Bid Here'!A:F,6,FALSE) -> #N/A | G52: ID5CSHAH18AAK | H52: =VLOOKUP(G52,'Paste Bid Here'!A:F,6,FALSE) -> #N/A | I52: 1/4" x 1/2" | J52: 98.42' | K52: .16 Oz/Ft | L52: 65.62' | M52: 19A / 20A | N52: 20A | O52: 15917 | P52: 18000 | Q52: 14525 | R52: 10543
A53: 9,000/10,000 | B53: 19.6 | C53: 12.8 | D53: 11 | E53: ID5FSDAH12XAK | F53: =VLOOKUP(E53,'Paste Bid Here'!A:F,6,FALSE) -> #N/A | G53: ID5CSRAH09AAK | H53: =VLOOKUP(G53,'Paste Bid Here'!A:F,6,FALSE) -> #N/A | I53: 1/4" x 3/8" | J53: 82.02' | K53: .16 Oz/Ft | L53: 49.21' | M53: 12A / 15A | N53: 15A | O53: 6899 | P53: 8600 | Q53: 10577 | R53: 7650
A54: 11,500/12,000 | B54: 19 | C54: 11.7 | D54: 10.3 | E54: ID5FSDAH12XAK | F54: =VLOOKUP(E54,'Paste Bid Here'!A:F,6,FALSE) -> #N/A | G54: ID5CSRAH12AAK | H54: =VLOOKUP(G54,'Paste Bid Here'!A:F,6,FALSE) -> #N/A | I54: 1/4" x 3/8" | J54: 82.02' | K54: .16 Oz/Ft | L54: 49.21' | M54: 12A / 15A | N54: 15A | O54: 6899 | P54: 8800 | Q54: 10901 | R54: 7820
A55: 17,000/20,000 | B55: 20 | C55: 12.5 | D55: 10.6 | E55: ID5FSDAH18XAK | F55: =VLOOKUP(E55,'Paste Bid Here'!A:F,6,FALSE) -> #N/A | G55: ID5CSRAH18AAK | H55: =VLOOKUP(G55,'Paste Bid Here'!A:F,6,FALSE) -> #N/A | I55: 1/4" x 1/2" | J55: 98.42' | K55: .16 Oz/Ft | L55: 65.62' | M55: 18A / 20A | N55: 20A | O55: 10297 | P55: 14000 | Q55: 14310 | R55: 7609
A56: 9k/12k IDU Capacity select via dip switch and must match ODU size
A57: QuietComfort Series High Static Slim Ducted 1:1 Heat Pump Systems
A58: 9,000/9,900 | B58: 20.6 | C58: 14 | D58: 13.8 | E58: ID5FSDAH12XHK | F58: =VLOOKUP(E58,'Paste Bid Here'!A:F,6,FALSE) -> #N/A | G58: ID5CSHAH09AAK | H58: =VLOOKUP(G58,'Paste Bid Here'!A:F,6,FALSE) -> #N/A | I58: 1/4" x 3/8" | J58: 82.02' | K58: .16 Oz/Ft | L58: 49.21' | M58: 15A / 15A | N58: 15A | O58: 8448 | P58: 11900 | Q58: 11048 | R58: 6060
A59: 12,000/12,000 | B59: 20.2 | C59: 12 | D59: 10.6 | E59: ID5FSDAH12XHK | F59: =VLOOKUP(E59,'Paste Bid Here'!A:F,6,FALSE) -> #N/A | G59: ID5CSHAH12AAK | H59: =VLOOKUP(G59,'Paste Bid Here'!A:F,6,FALSE) -> #N/A | I59: 1/4" x 3/8" | J59: 82.02' | K59: .16 Oz/Ft | L59: 49.21' | M59: 15A / 15A | N59: 15A | O59: 10171 | P59: 12000 | Q59: 11089 | R59: 6537
A60: 17,500/19,500 | B60: 18.5 | C60: 12.1 | D60: 11.1 | E60: ID5FSDAH18XHK | F60: =VLOOKUP(E60,'Paste Bid Here'!A:F,6,FALSE) -> #N/A | G60: ID5CSHAH18AAK | H60: =VLOOKUP(G60,'Paste Bid Here'!A:F,6,FALSE) -> #N/A | I60: 1/4" x 1/2" | J60: 98.42' | K60: .16 Oz/Ft | L60: 65.62' | M60: 19A / 20A | N60: 20A | O60: 15200 | P60: 18000 | Q60: 15924 | R60: 10325
A61: 24,000/26,000 | B61: 19.2 | C61: 12 | D61: 11.7 | E61: ID5FSDAH24XHK | F61: =VLOOKUP(E61,'Paste Bid Here'!A:F,6,FALSE) -> #N/A | G61: ID5CSHAH24AAK | H61: =VLOOKUP(G61,'Paste Bid Here'!A:F,6,FALSE) -> #N/A | I61: 3/8" x 5/8" | J61: 164.04' | K61: .32 Oz/Ft | L61: 82.02' | M61: 24.9A / 25A | N61: 25A | O61: 19339 | P61: 24000 | Q61: 20858 | R61: 13979
A62: 36,000/42,000 | B62: 17.8 | C62: 12 | D62: 11.1 | E62: ID5FLDAH36XHK | F62: =VLOOKUP(E62,'Paste Bid Here'!A:F,6,FALSE) -> #N/A | G62: ID5CLHAH36AAK | H62: =VLOOKUP(G62,'Paste Bid Here'!A:F,6,FALSE) -> #N/A | I62: 3/8" x 3/4" | J62: 246' | K62: .32 Oz/Ft | L62: 98.4' | M62: 34A / 35A | N62: 35A | O62: 31152 | P62: 39385 | Q62: 33311 | R62: 15545
A63: 48,000/52,000 | B63: 16.8 | C63: 10.4 | D63: 10.8 | E63: ID5FLDAH48XHK | F63: =VLOOKUP(E63,'Paste Bid Here'!A:F,6,FALSE) -> #N/A | G63: ID5CLHAH48AAK | H63: =VLOOKUP(G63,'Paste Bid Here'!A:F,6,FALSE) -> #N/A | I63: 3/8" x 3/4" | J63: 246' | K63: .32 Oz/Ft | L63: 98.4' | M63: 44A / 45A | N63: 45A | O63: 38109 | P63: 48560 | Q63: 41933 | R63: 12003
A64: 55,000/60,000 | B64: 15.9 | C64: 10.2 | D64: 10.4 | E64: ID5FLDAH58XHK | F64: =VLOOKUP(E64,'Paste Bid Here'!A:F,6,FALSE) -> #N/A | G64: ID5CLHAH58AAK | H64: =VLOOKUP(G64,'Paste Bid Here'!A:F,6,FALSE) -> #N/A | I64: 3/8" x 3/4" | J64: 246' | K64: .32 Oz/Ft | L64: 98.4' | M64: 44A / 45A | N64: 45A | O64: 45383 | P64: 55902 | Q64: 39392 | R64: 11014
A65: 9,000/10,000 | B65: 19.8 | C65: 13 | D65: 11.5 | E65: ID5FSDAH12XHK | F65: =VLOOKUP(E65,'Paste Bid Here'!A:F,6,FALSE) -> #N/A | G65: ID5CSRAH09AAK | H65: =VLOOKUP(G65,'Paste Bid Here'!A:F,6,FALSE) -> #N/A | I65: 1/4" x 3/8" | J65: 82.02' | K65: .16 Oz/Ft | L65: 49.21' | M65: 12A / 15A | N65: 15A | O65: 6554 | P65: 8300 | Q65: 9690 | R65: 7083
A66: 12,000/12,000 | B66: 19.5 | C66: 12 | D66: 10.5 | E66: ID5FSDAH12XHK | F66: =VLOOKUP(E66,'Paste Bid Here'!A:F,6,FALSE) -> #N/A | G66: ID5CSRAH12AAK | H66: =VLOOKUP(G66,'Paste Bid Here'!A:F,6,FALSE) -> #N/A | I66: 1/4" x 3/8" | J66: 82.02' | K66: .16 Oz/Ft | L66: 49.21' | M66: 12A / 15A | N66: 15A | O66: 7036 | P66: 8900 | Q66: 10390 | R66: 7776
A67: 17,500/20,000 | B67: 20 | C67: 13.3 | D67: 11.4 | E67: ID5FSDAH18XHK | F67: =VLOOKUP(E67,'Paste Bid Here'!A:F,6,FALSE) -> #N/A | G67: ID5CSRAH18AAK | H67: =VLOOKUP(G67,'Paste Bid Here'!A:F,6,FALSE) -> #N/A | I67: 1/4" x 1/2" | J67: 98.42' | K67: .16 Oz/Ft | L67: 65.62' | M67: 18A / 20A | N67: 20A | O67: 10663 | P67: 14200 | Q67: 15303 | R67: 5773
A68: 24,000/25,000 | B68: 19 | C68: 12.5 | D68: 11 | E68: ID5FSDAH24XHK | F68: =VLOOKUP(E68,'Paste Bid Here'!A:F,6,FALSE) -> #N/A | G68: ID5CSRAH24AAK | H68: =VLOOKUP(G68,'Paste Bid Here'!A:F,6,FALSE) -> #N/A | I68: 3/8" x 5/8" | J68: 164.04' | K68: .32 Oz/Ft | L68: 82.02' | M68: 24A / 25A | N68: 25A | O68: 15098 | P68: 19000 | Q68: 21485 | R68: 15668
A69: 36,000/40,000 | B69: 18.8 | C69: 10.2 | D69: 10.2 | E69: ID5FLDAH36XHK | F69: =VLOOKUP(E69,'Paste Bid Here'!A:F,6,FALSE) -> #N/A | G69: ID5CLRAH36AAK | H69: =VLOOKUP(G69,'Paste Bid Here'!A:F,6,FALSE) -> #N/A | I69: 3/8" x 3/4" | J69: 246' | K69: .32 Oz/Ft | L69: 98.4' | M69: 33A / 35A | N69: 35A | O69: 21421 | P69: 26470 | Q69: 31407 | R69: 16644
... A71: 58,000/60,000 | B71: 17 | C71: 10 | D71: 9.8 | E71: ID5FLDAH58XHK | F71: =VLOOKUP(E71,'Paste Bid Here'!A:F,6,FALSE) -> #N/A | G71: ID5CLRAH58AAK | H71: =VLOOKUP(G71,'Paste Bid Here'!A:F,6,FALSE) -> #N/A | I71: 3/8" x 3/4" | J71: 246' | K71: .32 Oz/Ft | L71: 98.4' | M71: 42A / 45A | N71: 45A | O71: 31868 | P71: 39999 | Q71: 49604 | R71: 22605
A72: 9k/12k IDU Capacity select via dip switch and must match ODU size
A73: QuietComfort Series Floor Console 1:1 Heat Pump Systems
A74: 9,000/9,000 | B74: 27.3 | C74: 15.2 | D74: 10.9 | E74: ID5FSFAH09XAK | F74: =VLOOKUP(E74,'Paste Bid Here'!A:F,6,FALSE) -> #N/A | G74: ID5CSHAH09AAK | H74: =VLOOKUP(G74,'Paste Bid Here'!A:F,6,FALSE) -> #N/A | I74: 1/4" x 3/8" | J74: 82.02' | K74: .16 Oz/Ft | L74: 49.21' | M74: 15A / 15A | N74: 15A | O74: 8100 | P74: 11300 | Q74: 11300 | R74: 6483
A75: 12,000/12,000 | B75: 25 | C75: 12.7 | D75: 10.6 | E75: ID5FSFAH12XAK | F75: =VLOOKUP(E75,'Paste Bid Here'!A:F,6,FALSE) -> #N/A | G75: ID5CSHAH12AAK | H75: =VLOOKUP(G75,'Paste Bid Here'!A:F,6,FALSE) -> #N/A | I75: 1/4" x 3/8" | J75: 82.02' | K75: .16 Oz/Ft | L75: 49.21' | M75: 15A / 15A | N75: 15A | O75: 8200 | P75: 11300 | Q75: 11600 | R75: 6558
A76: 16,000/17,000 | B76: 20.2 | C76: 12.5 | D76: 10.2 | E76: ID5FSFAH16XAK | F76: =VLOOKUP(E76,'Paste Bid Here'!A:F,6,FALSE) -> #N/A | G76: ID5CSHAH18AAK | H76: =VLOOKUP(G76,'Paste Bid Here'!A:F,6,FALSE) -> #N/A | I76: 1/4" x 1/2" | J76: 98.42' | K76: .16 Oz/Ft | L76: 65.62' | M76: 19A / 20A | N76: 20A | O76: 13600 | P76: 17500 | Q76: 13000 | R76: 9107
A77: 9,000/9,000 | B77: 26 | C77: 16.3 | D77: 13.9 | E77: ID5FSFAH09XAK | F77: =VLOOKUP(E77,'Paste Bid Here'!A:F,6,FALSE) -> #N/A | G77: ID5CSRAH09AAK | H77: =VLOOKUP(G77,'Paste Bid Here'!A:F,6,FALSE) -> #N/A | I77: 1/4" x 3/8" | J77: 82.02' | K77: .16 Oz/Ft | L77: 49.21' | M77: 12A / 15A | N77: 15A | O77: 6300 | P77: 8600 | Q77: 10800 | R77: 7165
A78: 12,000/12,000 | B78: 24.7 | C78: 12.7 | D78: 11 | E78: ID5FSFAH12XAK | F78: =VLOOKUP(E78,'Paste Bid Here'!A:F,6,FALSE) -> #N/A | G78: ID5CSRAH12AAK | H78: =VLOOKUP(G78,'Paste Bid Here'!A:F,6,FALSE) -> #N/A | I78: 1/4" x 3/8" | J78: 82.02' | K78: .16 Oz/Ft | L78: 49.21' | M78: 12A / 15A | N78: 15A | O78: 6300 | P78: 8900 | Q78: 11500 | R78: 6664
A79: 16,000/17,000 | B79: 23.9 | C79: 12.5 | D79: 13.5 | E79: ID5FSFAH16XAK | F79: =VLOOKUP(E79,'Paste Bid Here'!A:F,6,FALSE) -> #N/A | G79: ID5CSRAH18AAK | H79: =VLOOKUP(G79,'Paste Bid Here'!A:F,6,FALSE) -> #N/A | I79: 1/4" x 1/2" | J79: 98.42' | K79: .16 Oz/Ft | L79: 65.62' | M79: 18A / 20A | N79: 20A | O79: 10100 | P79: 13100 | Q79: 13700 | R79: 4811
A80: QuietComfort Series Underceiling Console 1:1 Heat Pump Systems
A81: 18,000/18,000 | B81: 22.4 | C81: 12.5 | D81: 10.4 | E81: ID5FCFAH18XAK | F81: =VLOOKUP(E81,'Paste Bid Here'!A:F,6,FALSE) -> #N/A | G81: ID5CSHAH18AAK | H81: =VLOOKUP(G81,'Paste Bid Here'!A:F,6,FALSE) -> #N/A | I81: 1/4" x 1/2" | J81: 98.42' | K81: .16 Oz/Ft | L81: 65.62' | M81: 19A / 20A | N81: 20A | O81: 14500 | P81: 17000 | Q81: 14500 | R81: 10289
A82: 24,000/24,500 | B82: 21.2 | C82: 12.2 | D82: 11.1 | E82: ID5FCFAH24XAK | F82: =VLOOKUP(E82,'Paste Bid Here'!A:F,6,FALSE) -> #N/A | G82: ID5CSHAH24AAK | H82: =VLOOKUP(G82,'Paste Bid Here'!A:F,6,FALSE) -> #N/A | I82: 3/8" x 5/8" | J82: 164.04' | K82: .32 Oz/Ft | L82: 82.02' | M82: 24.9A / 25A | N82: 25A | O82: 16500 | P82: 24200 | Q82: 21200 | R82: 13293
A83: 36,000/38,000 | B83: 20 | C83: 10.2 | D83: 10 | E83: ID5FCFAH36XAK | F83: =VLOOKUP(E83,'Paste Bid Here'!A:F,6,FALSE) -> #N/A | G83: ID5CLHAH36AAK | H83: =VLOOKUP(G83,'Paste Bid Here'!A:F,6,FALSE) -> #N/A | I83: 3/8" x 3/4" | J83: 246' | K83: .32 Oz/Ft | L83: 98.4' | M83: 38A / 40A | N83: 40A | O83: 34500 | P83: 39500 | Q83: 35200 | R83: 18316
A84: 48,000/50,000 | B84: 19.9 | C84: 9.5 | D84: 10.2 | E84: ID5FCFAH48XAK | F84: =VLOOKUP(E84,'Paste Bid Here'!A:F,6,FALSE) -> #N/A | G84: ID5CLHAH48AAK | H84: =VLOOKUP(G84,'Paste Bid Here'!A:F,6,FALSE) -> #N/A | I84: 3/8" x 3/4" | J84: 246' | K84: .32 Oz/Ft | L84: 98.4' | M84: 44A / 45A | N84: 45A | O84: 36000 | P84: 47000 | Q84: 39700 | R84: 23174
A85: 54,000/60,000 | B85: 19.5 | C85: 9.6 | D85: 9.5 | E85: ID5FCFAH58XAK | F85: =VLOOKUP(E85,'Paste Bid Here'!A:F,6,FALSE) -> #N/A | G85: ID5CLHAH58AAK | H85: =VLOOKUP(G85,'Paste Bid Here'!A:F,6,FALSE) -> #N/A | I85: 3/8" x 3/4" | J85: 246' | K85: .32 Oz/Ft | L85: 98.4' | M85: 44A / 45A | N85: 45A | O85: 47700 | P85: 54000 | Q85: 36700 | R85: 10243
A86: 17,000/19,000 | B86: 20.5 | C86: 12.6 | D86: 10.3 | E86: ID5FCFAH18XAK | F86: =VLOOKUP(E86,'Paste Bid Here'!A:F,6,FALSE) -> #N/A | G86: ID5CSRAH18AAK | H86: =VLOOKUP(G86,'Paste Bid Here'!A:F,6,FALSE) -> #N/A | I86: 1/4" x 1/2" | J86: 98.42' | K86: .16 Oz/Ft | L86: 65.62' | M86: 18A / 20A | N86: 20A | O86: 10500 | P86: 12800 | Q86: 14800 | R86: 5118
A87: 22,000/26,000 | B87: 20.5 | C87: 12 | D87: 12.1 | E87: ID5FCFAH24XAK | F87: =VLOOKUP(E87,'Paste Bid Here'!A:F,6,FALSE) -> #N/A | G87: ID5CSRAH24AAK | H87: =VLOOKUP(G87,'Paste Bid Here'!A:F,6,FALSE) -> #N/A | I87: 3/8" x 5/8" | J87: 164.04' | K87: .32 Oz/Ft | L87: 82.02' | M87: 24A / 25A | N87: 25A | O87: 12000 | P87: 18600 | Q87: 21000 | R87: 13293
A88: 36,000/37,000 | B88: 20.2 | C88: 12 | D88: 10.8 | E88: ID5FCFAH36XAK | F88: =VLOOKUP(E88,'Paste Bid Here'!A:F,6,FALSE) -> #N/A | G88: ID5CLRAH36AAK | H88: =VLOOKUP(G88,'Paste Bid Here'!A:F,6,FALSE) -> #N/A | I88: 3/8" x 3/4" | J88: 246' | K88: .32 Oz/Ft | L88: 98.4' | M88: 33A / 35A | N88: 35A | O88: 24100 | P88: 26000 | Q88: 29500 | R88: 17128
A89: 48,000/50,000 | B89: 18.7 | C89: 9.4 | D89: 10.1 | E89: ID5FCFAH48XAK | F89: =VLOOKUP(E89,'Paste Bid Here'!A:F,6,FALSE) -> #N/A | G89: ID5CLRAH48AAK | H89: =VLOOKUP(G89,'Paste Bid Here'!A:F,6,FALSE) -> #N/A | I89: 3/8" x 3/4" | J89: 246' | K89: .32 Oz/Ft | L89: 98.4' | M89: 39A / 40A | N89: 40A | O89: 34300 | P89: 38500 | Q89: 41100 | R89: 22444
A90: 54,000/60,000 | B90: 18.1 | C90: 9 | D90: 10.7 | E90: ID5FCFAH58XAK | F90: =VLOOKUP(E90,'Paste Bid Here'!A:F,6,FALSE) -> #N/A | G90: ID5CLRAH58AAK | H90: =VLOOKUP(G90,'Paste Bid Here'!A:F,6,FALSE) -> #N/A | I90: 3/8" x 3/4" | J90: 246' | K90: .32 Oz/Ft | L90: 98.4' | M90: 42A / 45A | N90: 45A | O90: 29500 | P90: 35000 | Q90: 41200 | R90: 18762
A91: Performance Series High Wall 1:1 Heat Pump Systems
A92: 9,000/10,000 | B92: 21.5 | C92: 12.5 | D92: 9.1 | E92: ID5FEHAH09XCJ | F92: =VLOOKUP(E92,'Paste Bid Here'!A:F,6,FALSE) -> #N/A | G92: ID5CERAH09AAJ | H92: =VLOOKUP(G92,'Paste Bid Here'!A:F,6,FALSE) -> #N/A | I92: 1/4" x 3/8" | J92: 82.02' | K92: .16 Oz/Ft | L92: 49.21' | M92: 18A / 20A | N92: 20A | P92: 6797 | Q92: 8585 | R92: 6128
A93: 12,000/12,000 | B93: 21.4 | C93: 10 | D93: 8.7 | E93: ID5FEHAH12XCJ | F93: =VLOOKUP(E93,'Paste Bid Here'!A:F,6,FALSE) -> #N/A | G93: ID5CERAH12AAJ | H93: =VLOOKUP(G93,'Paste Bid Here'!A:F,6,FALSE) -> #N/A | I93: 1/4" x 3/8" | J93: 82.02' | K93: .16 Oz/Ft | L93: 49.21' | M93: 19A / 20A | N93: 20A | P93: 6264 | Q93: 9325 | R93: 4917
A94: 9,000/10,000 | B94: 21.7 | C94: 12.6 | D94: 9.4 | E94: ID5FEHAH09XCK | F94: =VLOOKUP(E94,'Paste Bid Here'!A:F,6,FALSE) -> #N/A | G94: ID5CERAH09AAK | H94: =VLOOKUP(G94,'Paste Bid Here'!A:F,6,FALSE) -> #N/A | I94: 1/4" x 3/8" | J94: 82.02' | K94: .16 Oz/Ft | L94: 49.21' | M94: 12A / 15A | N94: 15A | P94: 6459 | Q94: 8759 | R94: 6483
A95: 12,000/12,000 | B95: 21.4 | C95: 10.8 | D95: 9.2 | E95: ID5FEHAH12XCK | F95: =VLOOKUP(E95,'Paste Bid Here'!A:F,6,FALSE) -> #N/A | G95: ID5CERAH12AAK | H95: =VLOOKUP(G95,'Paste Bid Here'!A:F,6,FALSE) -> #N/A | I95: 1/4" x 3/8" | J95: 82.02' | K95: .16 Oz/Ft | L95: 49.21' | M95: 13A / 15A | N95: 15A | P95: 7752 | Q95: 9427 | R95: 4640
A96: 18,000/18,800 | B96: 20.3 | C96: 11.5 | D96: 9.1 | E96: ID5FEHAH18XCK | F96: =VLOOKUP(E96,'Paste Bid Here'!A:F,6,FALSE) -> #N/A | G96: ID5CERAH18AAK | H96: =VLOOKUP(G96,'Paste Bid Here'!A:F,6,FALSE) -> #N/A | I96: 1/4" x 1/2" | J96: 98.42' | K96: .16 Oz/Ft | L96: 65.62' | M96: 15A / 20A | N96: 20A | P96: 11493 | Q96: 14684 | R96: 10539
A97: 24,000/24,000 | B97: 18.5 | C97: 9.7 | D97: 9 | E97: ID5FEHAH24XCK | F97: =VLOOKUP(E97,'Paste Bid Here'!A:F,6,FALSE) -> #N/A | G97: ID5CERAH24AAK | H97: =VLOOKUP(G97,'Paste Bid Here'!A:F,6,FALSE) -> #N/A | I97: 3/8" x 5/8" | J97: 164.04' | K97: .32 Oz/Ft | L97: 82.02' | M97: 19A / 20A | N97: 20A | P97: 16443 | Q97: 19646 | R97: 14260
A98: 30,000/30,000 | B98: 22.4 | C98: 12 | D98: 9 | E98: ID5FEHAH30XCK | F98: =VLOOKUP(E98,'Paste Bid Here'!A:F,6,FALSE) -> #N/A | G98: ID5CERAH30AAK | H98: =VLOOKUP(G98,'Paste Bid Here'!A:F,6,FALSE) -> #N/A | I98: 3/8" x 5/8" | J98: 164.04' | K98: .32 Oz/Ft | L98: 82.02' | M98: 28A / 30A | N98: 30A | P98: 19812 | Q98: 27299 | R98: 9137
A99: 36,000/36,000 | B99: 19.5 | C99: 9.4 | D99: 9.1 | E99: ID5FEHAH36XCK | F99: =VLOOKUP(E99,'Paste Bid Here'!A:F,6,FALSE) -> #N/A | G99: ID5CERAH36AAK | H99: =VLOOKUP(G99,'Paste Bid Here'!A:F,6,FALSE) -> #N/A | I99: 3/8" x 5/8" | J99: 213.25' | K99: .32 Oz/Ft | L99: 98.4' | M99: 33A / 35A | N99: 35A | P99: 25518 | Q99: 25709 | R99: 9943
A100: Accessories & Warranty Information
A101: ICP No Hassle Warranty: Deluxe and QuietComfort Series ductless units qualify for No Hassle Warranty. See warranty certificate for full details and exclusions.
...

Sheet Ducted Solutions
A1: Ducted Solutions Quick Reference Guide | O1: Ductless Systems
A2: AHRI Rated Btu's Cooling @ 95F [35C] Heating @ 47F [6.3C] | B2: SEER2 | C2: EER2 | D2: HSPF2 | E2: Indoor Unit With Factory Installed 24V Interface | F2: SELL $ | G2: Outdoor Unit With Base Pan Heater | H2: SELL $ | I2: Line Set Liquid x Suction | J2: Max. Line Length | K2: Additional Charge ≥ 25ft | L2: Max. Lift | M2: MCA/MOCP | N2: Recommended Fuse Size | O2: Maximum Heating BTU's at -5F [-20F] | P2: Maximum Heating BTU's at 5F [-15C] | Q2: Maximum Cooling BTU's at 113F [45C] | R2: Maximum Cooling BTU's at 122F [50C]
O3: At 69F [20.5C] Indoor DB | Q3: At 75.2F [24C] Indoor DB
A4: This sheet is not intended to replace the installation instructions. It is a reference guide only. Always read through the installation instructions.
A5: QuietComfort Series AHU 1:1 Heat Pump Systems w/ Factory Installed 24V Interface
A6: 18,000/19,500 | B6: 18.2 | C6: 12 | D6: 10.1 | E6: ID5FSAAH18XBK | F6: =VLOOKUP(E6,'Paste Bid Here'!A:F,6,FALSE) -> #N/A | G6: ID5CSHAH18AAK | H6: =VLOOKUP(G6,'Paste Bid Here'!A:F,6,FALSE) -> #N/A | I6: 1/4" x 1/2" | J6: 98.42' | K6: .16 Oz/Ft | L6: 65.62' | M6: 19A / 20A | N6: 20A | O6: 15484 | P6: 18688 | Q6: 17391 | R6: 12157
A7: 23,000/26,000 | B7: 18.8 | C7: 12 | D7: 10 | E7: ID5FSAAH24XBK | F7: =VLOOKUP(E7,'Paste Bid Here'!A:F,6,FALSE) -> #N/A | G7: ID5CSHAH24AAK | H7: =VLOOKUP(G7,'Paste Bid Here'!A:F,6,FALSE) -> #N/A | I7: 3/8" x 5/8" | J7: 164.04' | K7: .32 Oz/Ft | L7: 82.02' | M7: 24.9A / 25A | N7: 25A | O7: 19483 | P7: 24689 | Q7: 25819 | R7: 16531
A8: 33,000/35,000 | B8: 16.7 | C8: 11.7 | D8: 10 | E8: ID5FSAAH30XBK | F8: =VLOOKUP(E8,'Paste Bid Here'!A:F,6,FALSE) -> #N/A | G8: ID5CSHAH33AAK | H8: =VLOOKUP(G8,'Paste Bid Here'!A:F,6,FALSE) -> #N/A | I8: 3/8" x 3/4" | J8: 164.04' | K8: .32 Oz/Ft | L8: 82.02' | M8: 38A / 40A | N8: 40A | O8: 29944 | P8: 35826 | Q8: 34216 | R8: 15385
A9: 36,000/38,000 | B9: 17.3 | C9: 11.7 | D9: 9.5 | E9: ID5FLAAH36XAK | F9: =VLOOKUP(E9,'Paste Bid Here'!A:F,6,FALSE) -> #N/A | G9: ID5CLHCH36AAK | H9: =VLOOKUP(G9,'Paste Bid Here'!A:F,6,FALSE) -> #N/A | I9: 3/8" x 3/4" | J9: 246' | K9: .32 Oz/Ft | L9: 98.4' | M9: 44A / 45A | N9: 45A | O9: 32267 | P9: 39385 | Q9: 33526 | R9: 14764
A10: 48,000/50,000 | B10: 17 | C10: 10.1 | D10: 10.2 | E10: ID5FLAAH48XAK | F10: =VLOOKUP(E10,'Paste Bid Here'!A:F,6,FALSE) -> #N/A | G10: ID5CLHCH48AAK | H10: =VLOOKUP(G10,'Paste Bid Here'!A:F,6,FALSE) -> #N/A | I10: 3/8" x 3/4" | J10: 246' | K10: .32 Oz/Ft | L10: 98.4' | M10: 12A / 15A | N10: 15A | O10: 32097 | P10: 41899 | Q10: 42510 | R10: 27958
A11: 54,000/59,000 | B11: 15.4 | C11: 10 | D11: 9.2 | E11: ID5FLAAH60XAK | F11: =VLOOKUP(E11,'Paste Bid Here'!A:F,6,FALSE) -> #N/A | G11: ID5CLHCH58AAK | H11: =VLOOKUP(G11,'Paste Bid Here'!A:F,6,FALSE) -> #N/A | I11: 3/8" x 3/4" | J11: 246' | K11: .32 Oz/ft | L11: 98.4' | M11: 44A / 45A | N11: 45A | O11: 41493 | P11: 54678 | Q11: 37722 | R11: 10562
A12: 18,000/18,000 | B12: 18.5 | C12: 12.2 | D12: 9.8 | E12: ID5FSAAH18XBK | F12: =VLOOKUP(E12,'Paste Bid Here'!A:F,6,FALSE) -> #N/A | G12: ID5CSRAH18AAK | H12: =VLOOKUP(G12,'Paste Bid Here'!A:F,6,FALSE) -> #N/A | I12: 1/4" x 1/2" | J12: 98.42' | K12: .16 Oz/ft | L12: 65.62' | M12: 18A / 20A | N12: 20A | O12: 10929 | P12: 13689 | Q12: 15398 | R12: 9595
A13: 24,000/25,000 | B13: 19.8 | C13: 11.7 | D13: 9 | E13: ID5FSAAH24XBK | F13: =VLOOKUP(E13,'Paste Bid Here'!A:F,6,FALSE) -> #N/A | G13: ID5CSRAH24AAK | H13: =VLOOKUP(G13,'Paste Bid Here'!A:F,6,FALSE) -> #N/A | I13: 3/8" x 5/8" | J13: 164.04' | K13: .32 Oz/ft | L13: 82.02' | M13: 24A / 25A | N13: 25A | O13: 15364 | P13: 18920 | Q13: 23239 | R13: 15108
A14: 30,000/30,000 | B14: 17 | C14: 11 | D14: 8.8 | E14: ID5FSAAH30XBK | F14: =VLOOKUP(E14,'Paste Bid Here'!A:F,6,FALSE) -> #N/A | G14: ID5CSRAH30AAK | H14: =VLOOKUP(G14,'Paste Bid Here'!A:F,6,FALSE) -> #N/A | I14: 3/8" x 3/4" | J14: 164.04' | K14: .32 Oz/ft | L14: 82.02' | M14: 28A / 30A | N14: 30A | O14: 12966 | P14: 20820 | Q14: 27432 | R14: 9475
A15: 36,000/37,000 | B15: 16 | C15: 8.6 | D15: 7.7 | E15: ID5FSAAH36XBK | F15: =VLOOKUP(E15,'Paste Bid Here'!A:F,6,FALSE) -> #N/A | G15: ID5CSRAH36AAK | H15: =VLOOKUP(G15,'Paste Bid Here'!A:F,6,FALSE) -> #N/A | I15: 3/8" x 3/4" | J15: 213.25' | K15: .32 Oz/ft | L15: 98.43' | M15: 33A / 35A | N15: 35A | O15: 18896 | P15: 23536 | Q15: 27757 | R15: 10062
A16: 36,000/38,000 | B16: 15.9 | C16: 9 | D16: 9.3 | E16: ID5FLAAH36XAK | F16: =VLOOKUP(E16,'Paste Bid Here'!A:F,6,FALSE) -> #N/A | G16: ID5CLRCH36AAK | H16: =VLOOKUP(G16,'Paste Bid Here'!A:F,6,FALSE) -> #N/A | I16: 3/8" x 3/4" | J16: 246' | K16: .32 Oz/ft | L16: 98.4' | M16: 33A / 35A | N16: 35A | O16: 21062 | P16: 24802 | Q16: 28115 | R16: 15282
A17: 48,000/50,000 | B17: 17.8 | C17: 10 | D17: 10 | E17: ID5FLAAH48XAK | F17: =VLOOKUP(E17,'Paste Bid Here'!A:F,6,FALSE) -> #N/A | G17: ID5CLRCH48AAK | H17: =VLOOKUP(G17,'Paste Bid Here'!A:F,6,FALSE) -> #N/A | I17: 3/8" x 3/4" | J17: 246' | K17: .32 Oz/ft | L17: 98.4' | M17: 39A / 40A | N17: 40A | O17: 32653 | P17: 34918 | Q17: 43227 | R17: 21724
A18: 55,000/59,000 | B18: 16 | C18: 9.5 | D18: 9.2 | E18: ID5FLAAH60XAK | F18: =VLOOKUP(E18,'Paste Bid Here'!A:F,6,FALSE) -> #N/A | G18: ID5CLRCH58AAK | H18: =VLOOKUP(G18,'Paste Bid Here'!A:F,6,FALSE) -> #N/A | I18: 3/8" x 3/4" | J18: 246' | K18: .32 Oz/ft | L18: 98.4' | M18: 42A / 45A | N18: 45A | O18: 29985 | P18: 35954 | Q18: 42081 | R18: 19276
A19: QuietComfort AHU 1:1 QuietComfort Heat Pump Systems (Crossover Solutions)
A20: 18,000/18,000 | B20: 19 | C20: 12.5 | D20: 10.2 | E20: ID5FUHAH24XAK | F20: =VLOOKUP(E20,'Paste Bid Here'!A:F,6,FALSE) -> #N/A | G20: ID5CUHAH18AAK | H20: =VLOOKUP(G20,'Paste Bid Here'!A:F,6,FALSE) -> #N/A | I20: 3/8" x 3/4" | J20: 98.42' | K20: .70 Oz/ft | L20: 65.62' | M20: 16A / 20A | N20: 20A | O20: 16514 | P20: 19261 | Q20: 17916 | R20: 14214
A21: 24,000/24,000 | B21: 18.7 | C21: 12 | D21: 10 | E21: ID5FUHAH24XAK | F21: =VLOOKUP(E21,'Paste Bid Here'!A:F,6,FALSE) -> #N/A | G21: ID5CUHAH24AAK | H21: =VLOOKUP(G21,'Paste Bid Here'!A:F,6,FALSE) -> #N/A | I21: 3/8" x 3/4" | J21: 164.04' | K21: .70 Oz/ft | L21: 82.02' | M21: 19A / 20A | N21: 20A | O21: 17927 | P21: 21458 | Q21: 23751 | R21: 17725
A22: 30,000/33,000 | B22: 17.2 | C22: 12.1 | D22: 10.8 | E22: ID5FUHAH36XAK | F22: =VLOOKUP(E22,'Paste Bid Here'!A:F,6,FALSE) -> #N/A | G22: ID5CUHAH30AAK | H22: =VLOOKUP(G22,'Paste Bid Here'!A:F,6,FALSE) -> #N/A | I22: 3/8" x 3/4" | J22: 164.04' | K22: .70 Oz/ft | L22: 82.02' | M22: 29.5A / 30A | N22: 30A | O22: 27252 | P22: 33236 | Q22: 32779 | R22: 20649
A23: 36,000/37,000 | B23: 18 | C23: 12 | D23: 10 | E23: ID5FUHAH36XAK | F23: =VLOOKUP(E23,'Paste Bid Here'!A:F,6,FALSE) -> #N/A | G23: ID5CUHAH36AAK | H23: =VLOOKUP(G23,'Paste Bid Here'!A:F,6,FALSE) -> #N/A | I23: 3/8" x 3/4" | J23: 246' | K23: .70 Oz/ft | L23: 98.43' | M23: 29A / 30A | N23: 30A | O23: 37170 | P23: 38436 | Q23: 38525 | R23: 24495
A24: 48,000/48,000 | B24: 17.5 | C24: 12 | D24: 9.5 | E24: ID5FUHAH60XAK | F24: =VLOOKUP(E24,'Paste Bid Here'!A:F,6,FALSE) -> #N/A | G24: ID5CUHAH48AAK | H24: =VLOOKUP(G24,'Paste Bid Here'!A:F,6,FALSE) -> #N/A | I24: 3/8" x 3/4" | J24: 246' | K24: .70 Oz/ft | L24: 98.43' | M24: 38A / 40A | N24: 40A | O24: 43387 | P24: 48328 | Q24: 45560 | R24: 32789
A25: 54,000/55,000 | B25: 17.5 | C25: 12 | D25: 9.5 | E25: ID5FUHAH60XAK | F25: =VLOOKUP(E25,'Paste Bid Here'!A:F,6,FALSE) -> #N/A | G25: ID5CUHAH60AAK | H25: =VLOOKUP(G25,'Paste Bid Here'!A:F,6,FALSE) -> #N/A | I25: 3/8" x 3/4" | J25: 246' | K25: .70 Oz/ft | L25: 98.43' | M25: 40A / 40A | N25: 40A | O25: 49989 | P25: 56830 | Q25: 53125 | R25: 33738
A26: Performance AHU 1:1 QuietComfort Heat Pump Systems (Crossover Solutions)
A27: 18,000/19,000 | B27: 19 | C27: 12.5 | D27: 9.8 | E27: ID5FUAAH18XAK | F27: =VLOOKUP(E27,'Paste Bid Here'!A:F,6,FALSE) -> #N/A | G27: ID5CUHAH18AAK | H27: =VLOOKUP(G27,'Paste Bid Here'!A:F,6,FALSE) -> #N/A | I27: 3/8" x 3/4" | J27: 98.42' | K27: .70 Oz/ft | L27: 65.62' | M27: 16A / 20A | N27: 20A | O27: 16780 | P27: 19813 | Q27: 18855 | R27: 15316
A28: 23,000/24,000 | B28: 18.4 | C28: 11.7 | D28: 10 | E28: ID5FUAAH24XAK | F28: =VLOOKUP(E28,'Paste Bid Here'!A:F,6,FALSE) -> #N/A | G28: ID5CUHAH24AAK | H28: =VLOOKUP(G28,'Paste Bid Here'!A:F,6,FALSE) -> #N/A | I28: 3/8" x 3/4" | J28: 164.04' | K28: .70 Oz/ft | L28: 82.02' | M28: 19A / 20A | N28: 20A | O28: 17309 | P28: 22891 | Q28: 25051 | R28: 16371
A29: 30,000/34,000 | B29: 16.9 | C29: 11.7 | D29: 10 | E29: ID5FUAAH30XAK | F29: =VLOOKUP(E29,'Paste Bid Here'!A:F,6,FALSE) -> #N/A | G29: ID5CUHAH30AAK | H29: =VLOOKUP(G29,'Paste Bid Here'!A:F,6,FALSE) -> #N/A | I29: 3/8" x 3/4" | J29: 164.04' | K29: .70 Oz/ft | L29: 82.02' | M29: 29.5A / 30A | N29: 30A | O29: 28190 | P29: 33287 | Q29: 32404 | R29: 21287
A30: 36,000/37,000 | B30: 17.4 | C30: 11.7 | D30: 10.3 | E30: ID5FUAAH36XAK | F30: =VLOOKUP(E30,'Paste Bid Here'!A:F,6,FALSE) -> #N/A | G30: ID5CUHAH36AAK | H30: =VLOOKUP(G30,'Paste Bid Here'!A:F,6,FALSE) -> #N/A | I30: 3/8" x 3/4" | J30: 246' | K30: .70 Oz/ft | L30: 98.43' | M30: 29A / 30A | N30: 30A | O30: 35662 | P30: 41538 | Q30: 36996 | R30: 24959
A31: 48,000/50,000 | B31: 16.5 | C31: 10.5 | D31: 9.5 | E31: ID5FUAAH48XAK | F31: =VLOOKUP(E31,'Paste Bid Here'!A:F,6,FALSE) -> #N/A | G31: ID5CUHAH48AAK | H31: =VLOOKUP(G31,'Paste Bid Here'!A:F,6,FALSE) -> #N/A | I31: 3/8" x 3/4" | J31: 246' | K31: .70 Oz/ft | L31: 98.43' | M31: 38A / 40A | N31: 40A | O31: 40674 | P31: 46850 | Q31: 42234 | R31: 30465
A32: 54,000/56,000 | B32: 16 | C32: 10 | D32: 9 | E32: ID5FUAAH60XAK | F32: =VLOOKUP(E32,'Paste Bid Here'!A:F,6,FALSE) -> #N/A | G32: ID5CUHAH60AAK | H32: =VLOOKUP(G32,'Paste Bid Here'!A:F,6,FALSE) -> #N/A | I32: 3/8" x 3/4" | J32: 246' | K32: .70 Oz/ft | L32: 98.43' | M32: 40A / 40A | N32: 40A | O32: 46714 | P32: 54228 | Q32: 50848 | R32: 34671
A33: 18k/24k IDU Capacity select via dip switch and must match ODU size
A34: Performance AHU 1:1 Performance Heat Pump Systems (Crossover Solutions)
A35: 18,000/18,000 | B35: 18.8 | C35: 11 | D35: 9.2 | E35: ID5FUAAH18XAK | F35: =VLOOKUP(E35,'Paste Bid Here'!A:F,6,FALSE) -> #N/A | G35: ID5CURAH18AAK | H35: =VLOOKUP(G35,'Paste Bid Here'!A:F,6,FALSE) -> #N/A | I35: 3/8" x 3/4" | J35: 98.42' | K35: .70 Oz/ft | L35: 65.62' | M35: 16A / 20A | N35: 20A | O35: 9175 | P35: 11379 | Q35: 15815 | R35: 9543
A36: 24,000/26,000 | B36: 18.2 | C36: 11 | D36: 9.7 | E36: ID5FUAAH24XAK | F36: =VLOOKUP(E36,'Paste Bid Here'!A:F,6,FALSE) -> #N/A | G36: ID5CURAH24AAK | H36: =VLOOKUP(G36,'Paste Bid Here'!A:F,6,FALSE) -> #N/A | I36: 3/8" x 3/4" | J36: 164.04' | K36: .70 Oz/ft | L36: 82.02' | M36: 19A / 20A | N36: 20A | O36: 16963 | P36: 22433 | Q36: 24550 | R36: 16043
A37: 30,000/31,000 | B37: 17 | C37: 10.8 | D37: 8.5 | E37: ID5FUAAH30XAK | F37: =VLOOKUP(E37,'Paste Bid Here'!A:F,6,FALSE) -> #N/A | G37: ID5CURAH30AAK | H37: =VLOOKUP(G37,'Paste Bid Here'!A:F,6,FALSE) -> #N/A | I37: 3/8" x 3/4" | J37: 164.04' | K37: .70 Oz/ft | L37: 82.02' | M37: 22.5A / 25A | N37: 25A | O37: 15521 | P37: 19356 | Q37: 29603 | R37: 14498
A38: 36,000/36,000 | B38: 16.2 | C38: 10 | D38: 8.7 | E38: ID5FUAAH36XAK | F38: =VLOOKUP(E38,'Paste Bid Here'!A:F,6,FALSE) -> #N/A | G38: ID5CURAH36AAK | H38: =VLOOKUP(G38,'Paste Bid Here'!A:F,6,FALSE) -> #N/A | I38: 3/8" x 3/4" | J38: 246' | K38: .70 Oz/ft | L38: 98.42' | M38: 24A / 30A | N38: 30A | O38: 22765 | P38: 26515 | Q38: 32032 | R38: 18926
A39: 48,000/48,000 | B39: 16 | C39: 10 | D39: 8.5 | E39: ID5FUAAH48XAK | F39: =VLOOKUP(E39,'Paste Bid Here'!A:F,6,FALSE) -> #N/A | G39: ID5CURAH48AAK | H39: =VLOOKUP(G39,'Paste Bid Here'!A:F,6,FALSE) -> #N/A | I39: 3/8" x 3/4" | J39: 246' | K39: .70 Oz/ft | L39: 98.42' | M39: 36A / 40A | N39: 40A | O39: 35908 | P39: 43152 | Q39: 42022 | R39: 30316
A40: 54,000/54,000 | B40: 15.2 | C40: 8.7 | D40: 8.4 | E40: ID5FUAAH60XAK | F40: =VLOOKUP(E40,'Paste Bid Here'!A:F,6,FALSE) -> #N/A | G40: ID5CURAH60AAK | H40: =VLOOKUP(G40,'Paste Bid Here'!A:F,6,FALSE) -> #N/A | I40: 3/8" x 3/4" | J40: 246' | K40: .70 Oz/ft | L40: 98.42' | M40: 39A / 40A | N40: 40A | O40: 35597 | P40: 41473 | Q40: 41858 | R40: 32571
A41: 18k/24k IDU Capacity select via dip switch and must match ODU size
A42: Accessory Electric Heater Kits for D4FS(L)AA & D5FUAA | J42: Accessory Electric Heater Kits for D5FUHA
A43: Model Number | B43: SELL $ | D43: Size Used With | F43: Model Number | G43: SELL $ | H43: Size Used With | J43: Model Number | L43: Size | M43: Size Used With | N43: Model Number | O43: Size | P43: Size Used With
A44: IEHKMC05KN | B44: =VLOOKUP(A44,'Paste Bid Here'!A:F,6,FALSE) -> #N/A | D44: 18k, 24k, 30k, 36k | F44: IEHKMC15KN | G44: =VLOOKUP(F44,'Paste Bid Here'!A:F,6,FALSE) -> #N/A | H44: 24k, 30k, 36k, 48k, 60k | J44: EHKMD05KN | L44: 5 kW | M44: 24k, 36k | N44: EHKMD15KN | O44: 15 kW | P44: 24k, 36k, 60k
A45: IEHKMC08KN | B45: =VLOOKUP(A45,'Paste Bid Here'!A:F,6,FALSE) -> #N/A | D45: 18k, 24k, 30k, 36k, 48k | F45: IEHKMC20KN | G45: =VLOOKUP(F45,'Paste Bid Here'!A:F,6,FALSE) -> #N/A | H45: 36k, 48k, 60k | J45: EHKMD08KN | L45: 8 kW | M45: 24k, 36k | N45: EHKMD20KN | O45: 20 kW | P45: 36k, 60k
A46: IEHKMC10KN | B46: =VLOOKUP(A46,'Paste Bid Here'!A:F,6,FALSE) -> #N/A | D46: 18k, 24k, 30k, 36k, 48k, 60k | F46: IEHKMC25KN | G46: =VLOOKUP(F46,'Paste Bid Here'!A:F,6,FALSE) -> #N/A | H46: 60k | J46: EHKMD10KN | L46: 10 kW | M46: 24k, 36k, 60k | N46: EHKMD25KN | O46: 25 kW | P46: 60k
A47: Installation Note: A separate power supply is required for an Auxiliary Electric Heater. Do not power the electric heater directly from the outdoor unit. Always follow recommendations on the installation guide
A48: System Installation Notes:
A49: *The D5FUAA, D5FUHA, D5CURA, and D5CUHA systems are powered seperately. The data supplied from MCA, MOCP, and Recommended Fuse Size is for the outdoor unit.
A50: The minimum line length for all systems is 10'
A51: D5FUAA/D5FUHA systems allow for either Non-Polarity RS485 or 24V Communication. Refer to the system's Product Data for more information on required wiring depending on communication style.
A52: D5FUAA Heat Pump systems require the use of a 3/8" bi-flow liquid line filter drier. The use of filter driers is not allowed on any other ductless style system.
A53: Warranty Information
A54: Residential & Multi-Family Applications: 10 year limited warranty to original purchaser on compressor and parts when system is *registered within 90-days of installation. *Registration not required in CA and Quebec .
A55: Commercial Applications: 7 year limited warranty to original purchaser on compressor and parts. See Warranty documents for full details

Sheet Multi-Zone DLS
A1: Multizone Quick Reference Guide - R-454B Ductless Systems
A2: Outdoor Unit With Base Pan Heater | B2: SELL $ | C2: Max Zones | D2: Max Heating Capacity BTU's | G2: Maximum Cooling BTU's at 5F [-15C] | I2: Port Combinations | K2: Max Line Set Length Per Zone | L2: Max Total Line Set Length | M2: Pre-Charge Length | N2: Max. Lift | O2: MCA | P2: MOCP | Q2: Recommended Fuse Size
D3: @5F [-15C] | E3: @-13F [-25C] | F3: @-22F [-30C] | G3: @95F [35C] | H3: @109F [43C] | I3: Liquid | J3: Suction
A4: This sheet is not intended to replace the installation instructions. It is a reference guide only. Always read through the installation instructions.
A5: Deluxe System Multi-Zone Heat Pump
A6: ID5CMHAH18CAK | B6: =VLOOKUP(A6,'Paste Bid Here'!A:F,6,FALSE) -> #N/A | C6: 3 | D6: 19000 | E6: 13600 | F6: 11000 | G6: 19000 | H6: 24000 | I6: 3 @ 1/4" | J6: 3 @ 3/8" | K6: 98.4' | L6: 196.9' | M6: 73.8' | N6: 49.21' | O6: 17.5 | P6: 20 | Q6: 20
A7: ID5CMHAH24DAK | B7: =VLOOKUP(A7,'Paste Bid Here'!A:F,6,FALSE) -> #N/A | C7: 4 | D7: 25000 | E7: 17000 | F7: 14000 | G7: 24000 | H7: 32000 | I7: 4 @ 1/4" | J7: 3 @ 3/8" + 1 @ 1/2" | K7: 114.8' | L7: 262.5' | M7: 98.4' | N7: 49.21' | O7: 30 | P7: 35 | Q7: 35
A8: ID5CMHAH30EAK | B8: =VLOOKUP(A8,'Paste Bid Here'!A:F,6,FALSE) -> #N/A | C8: 5 | D8: 36000 | E8: 28000 | F8: 22400 | G8: 30000 | H8: 39000 | I8: 5 @ 1/4" | J8: 3 @ 3/8" + 2 @ 1/2" | K8: 114.8' | L8: 262.5' | M8: 123' | N8: 49.21' | O8: 37 | P8: 40 | Q8: 40
A9: ID5CMHAH36EAK | B9: =VLOOKUP(A9,'Paste Bid Here'!A:F,6,FALSE) -> #N/A | C9: 5 | D9: 36000 | E9: 28000 | F9: 22400 | G9: 36000 | H9: 39000 | I9: 5 @ 1/4" | J9: 3 @ 3/8" + 2 @ 1/2" | K9: 114.8' | L9: 262.5' | M9: 123' | N9: 49.21' | O9: 37 | P9: 40 | Q9: 40
A10: ID5CMHAH48FAK | B10: =VLOOKUP(A10,'Paste Bid Here'!A:F,6,FALSE) -> #N/A | C10: 6 | D10: 47000 | E10: 30000 | F10: 25000 | G10: 47000 | H10: 45000 | I10: 6 @ 1/4" | J10: 4 @ 3/8" + 2 @ 1/2" | K10: 114.8' | L10: 262.5' | M10: 147.6' | N10: 49.21' | O10: 37 | P10: 40 | Q10: 40
A11: ID5CMHAH55FAK | B11: =VLOOKUP(A11,'Paste Bid Here'!A:F,6,FALSE) -> #N/A | C11: 6 | D11: 47000 | E11: 32000 | F11: 26400 | G11: 51000 | H11: 46000 | I11: 6 @ 1/4" | J11: 4 @ 3/8" + 2 @ 1/2" | K11: 114.8' | L11: 262.5' | M11: 147.6' | N11: 49.21' | O11: 39.5 | P11: 40 | Q11: 40
A12: QuietComfort Series Multi-Zone Heat Pump Systems
A13: ID5CMRAH18CAK | B13: =VLOOKUP(A13,'Paste Bid Here'!A:F,6,FALSE) -> #N/A | C13: 3 | D13: 13500 | E13: 8200 | G13: 18000 | H13: 18800 | I13: 3 @ 1/4" | J13: 3 @ 3/8" | K13: 98.4' | L13: 196.9' | M13: 73.8' | N13: 49.21' | O13: 16 | P13: 20 | Q13: 20
A14: ID5CMRAH24DAK | B14: =VLOOKUP(A14,'Paste Bid Here'!A:F,6,FALSE) -> #N/A | C14: 4 | D14: 18000 | E14: 12000 | G14: 24000 | H14: 27400 | I14: 4 @ 1/4" | J14: 3 @ 3/8" + 1 @ 1/2" | K14: 114.8' | L14: 262.5' | M14: 98.4' | N14: 49.21' | O14: 23 | P14: 25 | Q14: 25
A15: ID5CMRAH30EAK | B15: =VLOOKUP(A15,'Paste Bid Here'!A:F,6,FALSE) -> #N/A | C15: 5 | D15: 26000 | E15: 17500 | G15: 30000 | H15: 30600 | I15: 5 @ 1/4" | J15: 3 @ 3/8" + 2 @ 1/2" | K15: 114.8' | L15: 262.5' | M15: 123' | N15: 49.21' | O15: 30.5 | P15: 35 | Q15: 35
A16: ID5CMRAH36EAK | B16: =VLOOKUP(A16,'Paste Bid Here'!A:F,6,FALSE) -> #N/A | C16: 5 | D16: 26000 | E16: 17500 | G16: 36000 | H16: 30600 | I16: 5 @ 1/4" | J16: 3 @ 3/8" + 2 @ 1/2" | K16: 114.8' | L16: 262.5' | M16: 123' | N16: 49.21' | O16: 30.5 | P16: 35 | Q16: 35
A17: ID5CMRAH48FAK | B17: =VLOOKUP(A17,'Paste Bid Here'!A:F,6,FALSE) -> #N/A | C17: 6 | D17: 36000 | E17: 27000 | G17: 47000 | H17: 42000 | I17: 6 @ 1/4" | J17: 4 @ 3/8" + 2 @ 1/2" | K17: 114.8' | L17: 262.5' | M17: 147.6' | N17: 49.21' | O17: 34 | P17: 40 | Q17: 40
A18: ID5CMRAH55FAK | B18: =VLOOKUP(A18,'Paste Bid Here'!A:F,6,FALSE) -> #N/A | C18: 6 | D18: 39000 | E18: 27800 | G18: 60000 | H18: 46000 | I18: 6 @ 1/4" | J18: 4 @ 3/8" + 2 @ 1/2" | K18: 114.8' | L18: 262.5' | M18: 147.6' | N18: 49.21' | O18: 36 | P18: 40 | Q18: 40
A19: Indoor Unit Types, Models, and Approved Btu/hr Combinations
A45: Installation Notes
A46: Port adaptors included with the outdoor units and no branch boxes required.
A47: 10' minimum line length require per zone.
A48: Minimum 2 zones must be connected.
A49: Up to 2 AHUs can be used for the following combinations only: 18+18, 18+24, 18+30, 18+36, 24+24, 24+30, 24+36. In the case that 2 AHU units are selected, no other units may be connected to the outdoor unit, regardless of remaining ports or capacity availability.
A50: When a 30k or 36k AHU is utilized with a Multi-Zone ODU, 500 grams (17.6 Oz) of additional refrigerant should be added to the system.
A51: One-Way Cassette sizing is determined by capacity rotary swith on IDU.
A52: Wi-Fi Kits and Wire Remote Controllers compatible with single or multi-zone as per IDU compatibility.

Sheet Multi-Zone Combination Chart
A1: Multizone Quick Reference Guide - R-454B Ductless Systems
A2: Combinations valid for D5CM(H/R)A units.
B3: Two Zones | D3: Three Zones | G3: Four Zones | L3: Five Zones | Q3: Six Zones
A5: D5CMRAH18CAK | B5: 6+6 | C5: 6+18 | D5: 6+6+6
B6: 6+9 | C6: 9+9 | D6: 6+6+9
B7: 6+12 | C7: 9+12 | D7: 6+9+9
B8: 12+12
A9: D5CMHAH18CAK D5CMRAH24DAK | B9: 6+6 | C9: 9+12 | D9: 6+6+6 | E9: 6+9+18 | F9: 12+12+12 | G9: 6+6+6+6 | H9: 9+9+9+9
B10: 6+9 | C10: 9+18 | D10: 6+6+9 | E10: 6+12+12 | G10: 6+6+6+9
B11: 6+12 | C11: 9+24 | D11: 6+6+12 | E11: 6+12+18 | G11: 6+6+6+12
B12: 6+18 | C12: 12+12 | D12: 6+6+18 | E12: 9+9+9 | G12: 6+6+9+9
B13: 6+24 | C13: 12+18 | D13: 6+6+24 | E13: 9+9+12 | G13: 6+6+9+12
B14: 9+9 | C14: 12+24 | D14: 6+9+9 | E14: 9+9+18 | G14: 6+9+9+9
B15: 18+18 | D15: 6+9+12 | E15: 9+12+12 | G15: 6+9+9+12
A16: 37MGRAQ24DA3 | B16: 6+6 | C16: 9+12 | D16: 6+6+6 | E16: 6+9+18 | F16: 12+12+12 | G16: 6+6+6+6 | H16: 9+9+9+9
B17: 6+9 | C17: 9+18 | D17: 6+6+9 | E17: 6+12+12 | G17: 6+6+6+9
B18: 6+12 | C18: 9+24 | D18: 6+6+12 | E18: 6+12+18 | G18: 6+6+6+12
B19: 6+18 | C19: 12+12 | D19: 6+6+18 | E19: 9+9+9 | G19: 6+6+9+9
B20: 6+24 | C20: 12+18 | D20: 6+6+24 | E20: 9+9+12 | G20: 6+6+9+12
B21: 9+9 | C21: 12+24 | D21: 6+9+9 | E21: 9+9+18 | G21: 6+9+9+9
B22: 18+18 | D22: 6+9+12 | E22: 9+12+12 | G22: 6+9+9+12
A23: D5CMHAH24DAK | B23: 6+18 | C23: 9+24 | D23: 6+6+6 | E23: 6+12+12 | F23: 9+12+12 | G23: 6+6+6+6 | H23: 6+6+12+12 | I23: 6+9+12+18 | J23: 12+12+12+12
B24: 6+24 | C24: 12+12 | D24: 6+6+9 | E24: 6+12+18 | F24: 9+12+18 | G24: 6+6+6+9 | H24: 6+6+12+18 | I24: 6+12+12+12
B25: 9+9 | C25: 12+18 | D25: 6+6+12 | E25: 6+12+24 | F25: 9+12+24 | G25: 6+6+6+12 | H25: 6+6+12+24 | I25: 6+12+12+18
B26: 9+12 | C26: 12+24 | D26: 6+6+18 | E26: 6+18+18 | F26: 9+18+18 | G26: 6+6+6+18 | H26: 6+6+18+18 | I26: 9+9+9+9
B27: 9+18 | C27: 18+18 | D27: 6+6+24 | E27: 6+18+24 | F27: 12+12+12 | G27: 6+6+6+24 | H27: 6+9+9+9 | I27: 9+9+9+12
D28: 6+9+9 | E28: 9+9+9 | F28: 12+12+18 | G28: 6+6+9+9 | H28: 6+9+9+12 | I28: 9+9+9+18
D29: 6+9+12 | E29: 9+9+12 | F29: 12+12+24 | G29: 6+6+9+12 | H29: 6+9+9+18 | I29: 9+9+12+12
D30: 6+9+18 | E30: 9+9+18 | F30: 12+18+18 | G30: 6+6+9+18 | H30: 6+9+9+24 | I30: 9+9+12+18
D31: 6+9+24 | E31: 9+9+24 | G31: 6+6+9+24 | H31: 6+9+12+12 | I31: 9+12+12+12
A32: D5CMRAH30EAK D5CMRAH36EAK | B32: 6+18 | C32: 9+24 | D32: 6+6+6 | E32: 6+12+12 | F32: 9+12+18 | G32: 6+6+6+6 | H32: 6+6+12+12 | I32: 6+9+12+18 | J32: 12+12+12+12 | L32: 6+6+6+6+6 | M32: 6+6+9+9+18
B33: 6+24 | C33: 12+12 | D33: 6+6+9 | E33: 6+12+18 | F33: 9+12+24 | G33: 6+6+6+9 | H33: 6+6+12+18 | I33: 6+12+12+12 | L33: 6+6+6+6+9 | M33: 6+9+9+9+9
B34: 9+9 | C34: 12+18 | D34: 6+6+12 | E34: 6+12+24 | F34: 9+18+18 | G34: 6+6+6+12 | H34: 6+6+12+24 | I34: 6+12+12+18 | L34: 6+6+6+6+12 | M34: 6+9+9+9+12
B35: 9+12 | C35: 12+24 | D35: 6+6+18 | E35: 6+18+18 | F35: 12+12+12 | G35: 6+6+6+18 | H35: 6+6+18+18 | I35: 9+9+9+9 | L35: 6+6+6+6+18 | M35: 6+9+9+9+18
B36: 9+18 | C36: 18+18 | D36: 6+6+24 | E36: 9+9+9 | F36: 12+12+18 | G36: 6+6+6+24 | H36: 6+9+9+9 | I36: 9+9+9+12 | L36: 6+6+6+9+9 | M36: 9+9+9+9+9
D37: 6+9+9 | E37: 9+9+12 | F37: 12+12+24 | G37: 6+6+9+9 | H37: 6+9+9+12 | I37: 9+9+9+18 | L37: 6+6+6+9+12 | M37: 9+9+9+9+12
D38: 6+9+12 | E38: 9+9+18 | F38: 12+18+18 | G38: 6+6+9+12 | H38: 6+9+9+18 | I38: 9+9+12+12 | L38: 6+6+6+9+18
D39: 6+9+18 | E39: 9+9+24 | G39: 6+6+9+18 | H39: 6+9+9+24 | I39: 9+9+12+18 | L39: 6+6+9+9+9
D40: 6+9+24 | E40: 9+12+12 | G40: 6+6+9+24 | H40: 6+9+12+12 | I40: 9+12+12+12 | L40: 6+6+9+9+12
A41: D5CMHAH30EAK D5CMHAH36EAK | B41: 6+24 | C41: 12+18 | D41: 6+6+12 | E41: 6+12+18 | F41: 9+12+18 | G41: 6+6+6+6 | H41: 6+6+12+24 | I41: 6+9+18+24 | J41: 9+9+12+12 | K41: 12+12+12+18 | L41: 6+6+6+6+6 | M41: 6+6+9+9+18
B42: 6+30 | C42: 12+24 | D42: 6+6+18 | E42: 6+12+24 | F42: 9+12+24 | G42: 6+6+6+9 | H42: 6+6+18+18 | I42: 6+12+12+12 | J42: 9+9+12+18 | K42: 12+12+12+24 | L42: 6+6+6+6+9 | M42: 6+6+9+12+12
B43: 6+36 | C43: 12+30 | D43: 6+6+24 | E43: 6+12+30 | F43: 9+18+18 | G43: 6+6+6+12 | H43: 6+6+18+24 | I43: 6+12+12+18 | J43: 9+9+12+24 | K43: 12+12+18+18 | L43: 6+6+6+6+12 | M43: 6+6+12+12+12
B44: 9+18 | C44: 12+36 | D44: 6+6+30 | E44: 6+18+18 | F44: 9+18+24 | G44: 6+6+6+18 | H44: 6+9+9+9 | I44: 6+12+12+24 | J44: 9+9+18+18 | L44: 6+6+6+6+18 | M44: 6+9+9+9+9
B45: 9+24 | C45: 18+18 | D45: 6+6+36 | E45: 6+18+24 | F45: 12+12+12 | G45: 6+6+6+24 | H45: 6+9+9+12 | I45: 6+12+18+18 | J45: 9+9+18+24 | L45: 6+6+6+9+9 | M45: 6+9+9+9+12
B46: 9+30 | C46: 18+24 | D46: 6+9+9 | E46: 9+9+9 | F46: 12+12+18 | G46: 6+6+9+9 | H46: 6+9+9+18 | I46: 6+12+18+24 | J46: 9+12+12+12 | L46: 6+6+6+9+12 | M46: 6+9+9+12+12
B47: 9+36 | C47: 18+30 | D47: 6+9+12 | E47: 9+9+12 | F47: 12+12+24 | G47: 6+6+9+12 | H47: 6+9+9+24 | I47: 6+18+18+18 | J47: 9+12+12+18 | L47: 6+6+6+9+18 | M47: 9+9+9+9+9
B48: 12+12 | C48: 24+24 | D48: 6+9+18 | E48: 9+9+18 | F48: 12+18+18 | G48: 6+6+9+18 | H48: 6+9+12+12 | I48: 9+9+9+9 | J48: 9+12+12+24 | L48: 6+6+6+12+12 | M48: 9+9+9+9+12
D49: 6+9+24 | E49: 9+9+24 | F49: 12+18+24 | G49: 6+6+9+24 | H49: 6+9+12+18 | I49: 9+9+9+12 | J49: 9+12+18+18 | L49: 6+6+6+12+18
D50: 6+9+30 | E50: 9+9+30 | F50: 18+18+18 | G50: 6+6+12+12 | H50: 6+9+12+24 | I50: 9+9+9+18 | J50: 9+18+18+18 | L50: 6+6+9+9+9
D51: 6+12+12 | E51: 9+12+12 | G51: 6+6+12+18 | H51: 6+9+18+18 | I51: 9+9+9+24 | J51: 12+12+12+12 | L51: 6+6+9+9+12
A52: D5CMRAH48FAK | B52: 6+24 | C52: 12+24 | D52: 6+6+18 | E52: 6+18+24 | F52: 9+18+18 | G52: 6+6+6+6 | H52: 6+9+9+12 | I52: 9+9+9+12 | J52: 12+12+12+12 | L52: 6+6+6+6+6 | M52: 6+6+9+9+9 | N52: 6+9+9+9+12 | O52: 9+9+9+9+12 | Q52: 6+6+6+6+6+6 | R52: 6+6+6+12+12+12 | S52: 6+9+9+12+12+12
B53: 6+30 | C53: 12+30 | D53: 6+6+24 | E53: 6+18+30 | F53: 9+18+24 | G53: 6+6+6+9 | H53: 6+9+9+18 | I53: 9+9+9+18 | J53: 12+12+12+18 | L53: 6+6+6+6+9 | M53: 6+6+9+9+12 | N53: 6+9+9+9+18 | O53: 9+9+9+9+18 | Q53: 6+6+6+6+6+9 | R53: 6+6+6+12+12+18 | S53: 9+9+9+9+9+9
B54: 6+36 | C54: 12+36 | D54: 6+6+30 | E54: 6+18+36 | F54: 9+18+30 | G54: 6+6+6+18 | H54: 6+9+9+24 | I54: 9+9+9+24 | J54: 12+12+12+24 | L54: 6+6+6+6+12 | M54: 6+6+9+9+18 | N54: 6+9+9+9+24 | O54: 9+9+9+9+24 | Q54: 6+6+6+6+6+12 | R54: 6+6+9+9+9+9 | S54: 9+9+9+9+9+12
B55: 9+18 | C55: 18+18 | D55: 6+6+36 | E55: 9+9+9 | F55: 9+18+36 | G55: 6+6+6+24 | H55: 6+9+12+12 | I55: 9+9+12+12 | J55: 12+12+18+18 | L55: 6+6+6+6+18 | M55: 6+6+9+9+24 | N55: 6+9+9+12+12 | O55: 9+9+9+12+12 | Q55: 6+6+6+6+6+18 | R55: 6+6+9+9+9+12 | S55: 9+9+9+9+9+18
B56: 9+24 | C56: 18+24 | D56: 6+9+12 | E56: 9+9+12 | F56: 12+12+12 | G56: 6+6+9+9 | H56: 6+9+12+18 | I56: 9+9+12+18 | L56: 6+6+6+6+24 | M56: 6+6+9+12+12 | N56: 6+9+9+12+18 | O56: 9+9+9+12+18 | Q56: 6+6+6+6+9+9 | R56: 6+6+9+9+9+18 | S56: 9+9+9+9+12+12
B57: 9+30 | C57: 18+30 | D57: 6+9+18 | E57: 9+9+18 | F57: 12+12+18 | G57: 6+6+9+12 | H57: 6+9+12+24 | I57: 9+9+12+24 | L57: 6+6+6+9+9 | M57: 6+6+9+12+18 | N57: 6+9+9+12+24 | O57: 9+9+9+12+24 | Q57: 6+6+6+6+9+12 | R57: 6+6+9+9+12+12 | S57: 9+9+9+12+12+12
B58: 9+36 | C58: 18+36 | D58: 6+9+24 | E58: 9+9+24 | F58: 12+12+24 | G58: 6+6+9+18 | H58: 6+9+18+18 | I58: 9+9+18+18 | L58: 6+6+6+9+12 | M58: 6+6+9+12+24 | N58: 6+9+9+18+18 | O58: 9+9+9+18+18 | Q58: 6+6+6+6+9+18 | R58: 6+6+9+9+12+18
B59: 12+12 | C59: 24+24 | D59: 6+9+30 | E59: 9+9+30 | F59: 12+12+30 | G59: 6+6+9+24 | H59: 6+9+18+24 | I59: 9+9+18+24 | L59: 6+6+6+9+18 | M59: 6+6+9+18+18 | N59: 6+9+12+12+12 | O59: 9+9+12+12+12 | Q59: 6+6+6+6+12+12 | R59: 6+6+9+12+12+12
B60: 12+18 | C60: 24+30 | D60: 6+9+36 | E60: 9+9+36 | F60: 12+12+36 | G60: 6+6+12+12 | H60: 6+12+12+12 | I60: 9+12+12+12 | L60: 6+6+6+9+24 | M60: 6+6+9+18+24 | N60: 6+9+12+12+18 | O60: 9+9+12+12+18 | Q60: 6+6+6+6+12+18 | R60: 6+6+9+12+12+18
B61: 24+36 | D61: 6+12+18 | E61: 9+12+12 | F61: 12+18+18 | G61: 6+6+12+18 | H61: 6+12+12+18 | I61: 9+12+12+18 | L61: 6+6+6+12+12 | M61: 6+6+12+12+12 | N61: 6+9+12+12+24 | O61: 9+12+12+12+12 | Q61: 6+6+6+9+9+9 | R61: 6+9+9+9+9+9
D62: 6+12+24 | E62: 9+12+18 | F62: 12+18+24 | G62: 6+6+12+24 | H62: 6+12+12+24 | I62: 9+12+12+24 | L62: 6+6+6+12+18 | M62: 6+6+12+12+18 | N62: 6+9+12+18+18 | O62: 9+12+12+12+18 | Q62: 6+6+6+9+9+12 | R62: 6+9+9+9+9+12
D63: 6+12+30 | E63: 9+12+24 | F63: 12+18+30 | G63: 6+6+18+18 | H63: 6+12+18+18 | I63: 9+12+18+18 | L63: 6+6+6+12+24 | M63: 6+6+12+12+24 | N63: 6+12+12+12+12 | O63: 12+12+12+12+12 | Q63: 6+6+6+9+9+18 | R63: 6+9+9+9+9+18
D64: 6+12+36 | E64: 9+12+30 | F64: 18+18+18 | G64: 6+6+18+24 | H64: 6+12+18+24 | I64: 9+12+18+24 | L64: 6+6+6+18+18 | M64: 6+6+12+18+18 | N64: 6+12+12+12+18 | Q64: 6+6+6+9+12+12 | R64: 6+9+9+9+12+12
D65: 6+18+18 | E65: 9+12+36 | G65: 6+9+9+9 | H65: 9+9+9+9 | I65: 9+18+18+18 | L65: 6+6+6+18+24 | M65: 6+9+9+9+9 | N65: 9+9+9+9+9 | Q65: 6+6+6+9+12+18 | R65: 6+9+9+9+12+18
A66: D5CMHAH48FAK | B66: 6+24 | C66: 12+24 | D66: 6+6+18 | E66: 6+18+18 | F66: 9+18+18 | G66: 6+6+6+6 | H66: 6+9+9+12 | I66: 9+9+9+9 | J66: 12+12+12+12 | L66: 6+6+6+6+6 | M66: 6+6+9+9+12 | N66: 6+9+9+9+9 | O66: 6+12+12+12+12 | P66: 9+9+12+12+18 | Q66: 6+6+6+6+6+6 | R66: 6+6+6+9+9+24 | S66: 6+6+9+12+12+18 | T66: 6+9+12+12+12+12 | U66: 9+12+12+12+12+12
B67: 6+30 | C67: 12+30 | D67: 6+6+24 | E67: 6+18+24 | F67: 9+18+24 | G67: 6+6+6+9 | H67: 6+9+9+18 | I67: 9+9+9+12 | J67: 12+12+12+18 | L67: 6+6+6+6+9 | M67: 6+6+9+9+18 | N67: 6+9+9+9+12 | O67: 6+12+12+12+18 | P67: 9+9+12+12+24 | Q67: 6+6+6+6+6+9 | R67: 6+6+6+9+12+12 | S67: 6+6+9+12+12+24 | T67: 6+9+12+12+12+18 | U67: 12+12+12+12+12+12
B68: 6+36 | C68: 12+36 | D68: 6+6+30 | E68: 6+18+30 | F68: 9+18+30 | G68: 6+6+6+12 | H68: 6+9+9+24 | I68: 9+9+9+18 | J68: 12+12+12+24 | L68: 6+6+6+6+12 | M68: 6+6+9+9+24 | N68: 6+9+9+9+18 | O68: 6+12+12+12+24 | P68: 9+9+12+18+18 | Q68: 6+6+6+6+6+12 | R68: 6+6+6+9+12+18 | S68: 6+6+12+12+12+12 | T68: 6+12+12+12+12+12
B69: 9+18 | C69: 18+18 | D69: 6+6+36 | E69: 6+18+36 | F69: 9+18+36 | G69: 6+6+6+18 | H69: 6+9+12+12 | I69: 9+9+9+24 | J69: 12+12+18+18 | L69: 6+6+6+6+18 | M69: 6+6+9+12+12 | N69: 6+9+9+9+24 | O69: 6+12+12+18+18 | P69: 9+9+12+18+24 | Q69: 6+6+6+6+6+18 | R69: 6+6+6+9+12+24 | S69: 6+6+12+12+12+18 | T69: 6+12+12+12+12+18
B70: 9+24 | C70: 18+24 | D70: 6+9+9 | E70: 9+9+9 | F70: 12+12+12 | G70: 6+6+6+24 | H70: 6+9+12+18 | I70: 9+9+12+12 | J70: 12+12+18+24 | L70: 6+6+6+6+24 | M70: 6+6+9+12+18 | N70: 6+9+9+12+12 | O70: 6+12+18+18+18 | P70: 9+9+18+18+18 | Q70: 6+6+6+6+6+24 | R70: 6+6+6+12+12+12 | S70: 6+6+12+12+12+24 | T70: 9+9+9+9+9+9
B71: 9+30 | C71: 18+30 | D71: 6+9+12 | E71: 9+9+12 | F71: 12+12+18 | G71: 6+6+9+9 | H71: 6+9+12+24 | I71: 9+9+12+18 | J71: 12+18+18+18 | L71: 6+6+6+9+9 | M71: 6+6+9+12+24 | N71: 6+9+9+12+18 | O71: 9+9+9+9+9 | P71: 9+12+12+12+12 | Q71: 6+6+6+6+9+9 | R71: 6+6+6+12+12+18 | S71: 6+9+9+9+9+9 | T71: 9+9+9+9+9+12
B72: 9+36 | C72: 18+36 | D72: 6+9+18 | E72: 9+9+18 | F72: 12+12+24 | G72: 6+6+9+12 | H72: 6+9+18+18 | I72: 9+9+12+24 | L72: 6+6+6+9+12 | M72: 6+6+9+18+18 | N72: 6+9+9+12+24 | O72: 9+9+9+9+12 | P72: 9+12+12+12+18 | Q72: 6+6+6+6+9+12 | R72: 6+6+6+12+12+24 | S72: 6+9+9+9+9+12 | T72: 9+9+9+9+9+18
B73: 12+12 | C73: 24+24 | D73: 6+9+24 | E73: 9+9+24 | F73: 12+12+30 | G73: 6+6+9+18 | H73: 6+9+18+24 | I73: 9+9+18+18 | L73: 6+6+6+9+18 | M73: 6+6+9+18+24 | N73: 6+9+9+18+18 | O73: 9+9+9+9+18 | P73: 9+12+12+12+24 | Q73: 6+6+6+6+9+18 | R73: 6+6+9+9+9+9 | S73: 6+9+9+9+9+18 | T73: 9+9+9+9+9+24
B74: 12+18 | C74: 24+30 | D74: 6+9+30 | E74: 9+9+30 | F74: 12+12+36 | G74: 6+6+9+24 | H74: 6+12+12+12 | I74: 9+9+18+24 | L74: 6+6+6+9+24 | M74: 6+6+12+12+12 | N74: 6+9+9+18+24 | O74: 9+9+9+9+24 | P74: 9+12+12+18+18 | Q74: 6+6+6+6+9+24 | R74: 6+6+9+9+9+12 | S74: 6+9+9+9+9+24 | T74: 9+9+9+9+12+12
B75: 24+36 | D75: 6+9+36 | E75: 9+9+36 | F75: 12+18+18 | G75: 6+6+12+12 | H75: 6+12+12+18 | I75: 9+12+12+12 | L75: 6+6+6+12+12 | M75: 6+6+12+12+18 | N75: 6+9+12+12+12 | O75: 9+9+9+12+12 | P75: 12+12+12+12+12 | Q75: 6+6+6+6+12+12 | R75: 6+6+9+9+9+18 | S75: 6+9+9+9+12+12 | T75: 9+9+9+9+12+18
D76: 6+12+12 | E76: 9+12+12 | F76: 12+18+24 | G76: 6+6+12+18 | H76: 6+12+12+24 | I76: 9+12+12+18 | L76: 6+6+6+12+18 | M76: 6+6+12+12+24 | N76: 6+9+12+12+18 | O76: 9+9+9+12+18 | P76: 12+12+12+12+18 | Q76: 6+6+6+6+12+18 | R76: 6+6+9+9+9+24 | S76: 6+9+9+9+12+18 | T76: 9+9+9+9+12+24
D77: 6+12+18 | E77: 9+12+18 | F77: 12+18+30 | G77: 6+6+12+24 | H77: 6+12+18+18 | I77: 9+12+12+24 | L77: 6+6+6+12+24 | M77: 6+6+12+18+18 | N77: 6+9+12+12+24 | O77: 9+9+9+12+24 | P77: 12+12+12+12+24 | Q77: 6+6+6+6+12+24 | R77: 6+6+9+9+12+12 | S77: 6+9+9+9+12+24 | T77: 9+9+9+12+12+12
D78: 6+12+24 | E78: 9+12+24 | F78: 12+18+36 | G78: 6+6+18+18 | H78: 6+12+18+24 | I78: 9+12+18+18 | L78: 6+6+6+18+18 | M78: 6+6+12+18+24 | N78: 6+9+12+18+18 | O78: 9+9+9+18+18 | P78: 12+12+12+18+18 | Q78: 6+6+6+9+9+9 | R78: 6+6+9+9+12+18 | S78: 6+9+9+12+12+12 | T78: 9+9+9+12+12+18
D79: 6+12+30 | E79: 9+12+30 | F79: 18+18+18 | G79: 6+6+18+24 | H79: 6+18+18+18 | I79: 9+12+18+24 | L79: 6+6+6+18+24 | M79: 6+6+18+18+18 | N79: 6+9+12+18+24 | O79: 9+9+9+18+24 | Q79: 6+6+6+9+9+12 | R79: 6+6+9+9+12+24 | S79: 6+9+9+12+12+18 | T79: 9+9+12+12+12+12
D80: 6+12+36 | E80: 9+12+36 | G80: 6+9+9+9 | H80: 6+18+18+24 | I80: 9+18+18+18 | L80: 6+6+9+9+9 | M80: 6+6+18+18+24 | N80: 6+9+18+18+18 | O80: 9+9+12+12+12 | Q80: 6+6+6+9+9+18 | R80: 6+6+9+12+12+12 | S80: 6+9+9+12+12+24 | T80: 9+9+12+12+12+18
A81: D5CMRAH55FAK | B81: 6+24 | C81: 12+24 | D81: 6+6+18 | E81: 6+18+18 | F81: 9+18+18 | G81: 6+6+6+6 | H81: 6+9+9+12 | I81: 9+9+9+9 | J81: 12+12+12+12 | L81: 6+6+6+6+6 | M81: 6+6+9+9+12 | N81: 6+9+9+9+9 | O81: 6+12+12+12+12 | P81: 9+9+12+12+18 | Q81: 6+6+6+6+6+6 | R81: 6+6+6+9+9+24 | S81: 6+6+9+12+12+18 | T81: 6+9+9+12+12+24 | U81: 9+9+12+12+12+18
B82: 6+30 | C82: 12+30 | D82: 6+6+24 | E82: 6+18+24 | F82: 9+18+24 | G82: 6+6+6+9 | H82: 6+9+9+18 | I82: 9+9+9+12 | J82: 12+12+12+18 | L82: 6+6+6+6+9 | M82: 6+6+9+9+18 | N82: 6+9+9+9+12 | O82: 6+12+12+12+18 | P82: 9+9+12+12+24 | Q82: 6+6+6+6+6+9 | R82: 6+6+6+9+12+12 | S82: 6+6+9+12+12+24 | T82: 6+9+12+12+12+12 | U82: 9+12+12+12+12+12
B83: 6+36 | C83: 12+36 | D83: 6+6+30 | E83: 6+18+30 | F83: 9+18+30 | G83: 6+6+6+12 | H83: 6+9+9+24 | I83: 9+9+9+18 | J83: 12+12+12+24 | L83: 6+6+6+6+12 | M83: 6+6+9+9+24 | N83: 6+9+9+9+18 | O83: 6+12+12+12+24 | P83: 9+9+12+18+18 | Q83: 6+6+6+6+6+12 | R83: 6+6+6+9+12+18 | S83: 6+6+12+12+12+12 | T83: 6+9+12+12+12+18 | U83: 12+12+12+12+12+12
B84: 9+18 | C84: 18+18 | D84: 6+6+36 | E84: 6+18+36 | F84: 9+18+36 | G84: 6+6+6+18 | H84: 6+9+12+12 | I84: 9+9+9+24 | J84: 12+12+18+18 | L84: 6+6+6+6+18 | M84: 6+6+9+12+12 | N84: 6+9+9+9+24 | O84: 6+12+12+18+18 | P84: 9+9+12+18+24 | Q84: 6+6+6+6+6+18 | R84: 6+6+6+9+12+24 | S84: 6+6+12+12+12+18 | T84: 6+12+12+12+12+12
B85: 9+24 | C85: 18+24 | D85: 6+9+9 | E85: 9+9+9 | F85: 12+12+12 | G85: 6+6+6+24 | H85: 6+9+12+18 | I85: 9+9+12+12 | J85: 12+12+18+24 | L85: 6+6+6+6+24 | M85: 6+6+9+12+18 | N85: 6+9+9+12+12 | O85: 6+12+18+18+18 | P85: 9+9+18+18+18 | Q85: 6+6+6+6+6+24 | R85: 6+6+6+12+12+12 | S85: 6+6+12+12+12+24 | T85: 6+12+12+12+12+18
B86: 9+30 | C86: 18+30 | D86: 6+9+12 | E86: 9+9+12 | F86: 12+12+18 | G86: 6+6+9+9 | H86: 6+9+12+24 | I86: 9+9+12+18 | J86: 12+18+18+18 | L86: 6+6+6+9+9 | M86: 6+6+9+12+24 | N86: 6+9+9+12+18 | O86: 9+9+9+9+9 | P86: 9+12+12+12+12 | Q86: 6+6+6+6+9+9 | R86: 6+6+6+12+12+18 | S86: 6+9+9+9+9+9 | T86: 9+9+9+9+9+9
B87: 9+36 | C87: 18+36 | D87: 6+9+18 | E87: 9+9+18 | F87: 12+12+24 | G87: 6+6+9+12 | H87: 6+9+18+18 | I87: 9+9+12+24 | L87: 6+6+6+9+12 | M87: 6+6+9+18+18 | N87: 6+9+9+12+24 | O87: 9+9+9+9+12 | P87: 9+12+12+12+18 | Q87: 6+6+6+6+9+12 | R87: 6+6+6+12+12+24 | S87: 6+9+9+9+9+12 | T87: 9+9+9+9+9+12
B88: 12+12 | C88: 24+24 | D88: 6+9+24 | E88: 9+9+24 | F88: 12+12+30 | G88: 6+6+9+18 | H88: 6+9+18+24 | I88: 9+9+18+18 | L88: 6+6+6+9+18 | M88: 6+6+9+18+24 | N88: 6+9+9+18+18 | O88: 9+9+9+9+18 | P88: 9+12+12+12+24 | Q88: 6+6+6+6+9+18 | R88: 6+6+9+9+9+9 | S88: 6+9+9+9+9+18 | T88: 9+9+9+9+9+18
B89: 12+18 | C89: 24+30 | D89: 6+9+30 | E89: 9+9+30 | F89: 12+12+36 | G89: 6+6+9+24 | H89: 6+12+12+12 | I89: 9+9+18+24 | L89: 6+6+6+9+24 | M89: 6+6+12+12+12 | N89: 6+9+9+18+24 | O89: 9+9+9+9+24 | P89: 9+12+12+18+18 | Q89: 6+6+6+6+9+24 | R89: 6+6+9+9+9+12 | S89: 6+9+9+9+9+24 | T89: 9+9+9+9+9+24
B90: 24+36 | D90: 6+9+36 | E90: 9+9+36 | F90: 12+18+18 | G90: 6+6+12+12 | H90: 6+12+12+18 | I90: 9+12+12+12 | L90: 6+6+6+12+12 | M90: 6+6+12+12+18 | N90: 6+9+12+12+12 | O90: 9+9+9+12+12 | P90: 12+12+12+12+12 | Q90: 6+6+6+6+12+12 | R90: 6+6+9+9+9+18 | S90: 6+9+9+9+12+12 | T90: 9+9+9+9+12+12
D91: 6+12+12 | E91: 9+12+12 | F91: 12+18+24 | G91: 6+6+12+18 | H91: 6+12+12+24 | I91: 9+12+12+18 | L91: 6+6+6+12+18 | M91: 6+6+12+12+24 | N91: 6+9+12+12+18 | O91: 9+9+9+12+18 | P91: 12+12+12+12+18 | Q91: 6+6+6+6+12+18 | R91: 6+6+9+9+9+24 | S91: 6+9+9+9+12+18 | T91: 9+9+9+9+12+18
D92: 6+12+18 | E92: 9+12+18 | F92: 12+18+30 | G92: 6+6+12+24 | H92: 6+12+18+18 | I92: 9+12+12+24 | L92: 6+6+6+12+24 | M92: 6+6+12+18+18 | N92: 6+9+12+12+24 | O92: 9+9+9+12+24 | P92: 12+12+12+12+24 | Q92: 6+6+6+6+12+24 | R92: 6+6+9+9+12+12 | S92: 6+9+9+9+12+24 | T92: 9+9+9+9+12+24
D93: 6+12+24 | E93: 9+12+24 | F93: 12+18+36 | G93: 6+6+18+18 | H93: 6+12+18+24 | I93: 9+12+18+18 | L93: 6+6+6+18+18 | M93: 6+6+12+18+24 | N93: 6+9+12+18+18 | O93: 9+9+9+18+18 | P93: 12+12+12+18+18 | Q93: 6+6+6+9+9+9 | R93: 6+6+9+9+12+18 | S93: 6+9+9+9+18+18 | T93: 9+9+9+12+12+12
D94: 6+12+30 | E94: 9+12+30 | F94: 18+18+18 | G94: 6+6+18+24 | H94: 6+18+18+18 | I94: 9+12+18+24 | L94: 6+6+6+18+24 | M94: 6+6+18+18+18 | N94: 6+9+12+18+24 | O94: 9+9+9+18+24 | Q94: 6+6+6+9+9+12 | R94: 6+6+9+9+12+24 | S94: 6+9+9+12+12+12 | T94: 9+9+9+12+12+18
D95: 6+12+36 | E95: 9+12+36 | G95: 6+9+9+9 | H95: 6+18+18+24 | I95: 9+18+18+18 | L95: 6+6+9+9+9 | M95: 6+6+18+18+24 | N95: 6+9+18+18+18 | O95: 9+9+12+12+12 | Q95: 6+6+6+9+9+18 | R95: 6+6+9+12+12+12 | S95: 6+9+9+12+12+18 | T95: 9+9+12+12+12+12
A96: D5CMHAH55FAK | B96: 6+24 | C96: 12+24 | D96: 6+6+18 | E96: 6+18+18 | F96: 9+18+18 | G96: 6+6+6+6 | H96: 6+9+9+12 | I96: 9+9+9+9 | J96: 12+12+12+12 | L96: 6+6+6+6+6 | M96: 6+6+9+9+12 | N96: 6+9+9+9+9 | O96: 6+12+12+12+12 | P96: 9+9+12+12+18 | Q96: 6+6+6+6+6+6 | R96: 6+6+6+9+9+24 | S96: 6+6+9+12+12+18 | T96: 6+9+12+12+12+12 | U96: 9+12+12+12+12+12
B97: 6+30 | C97: 12+30 | D97: 6+6+24 | E97: 6+18+24 | F97: 9+18+24 | G97: 6+6+6+9 | H97: 6+9+9+18 | I97: 9+9+9+12 | J97: 12+12+12+18 | L97: 6+6+6+6+9 | M97: 6+6+9+9+18 | N97: 6+9+9+9+12 | O97: 6+12+12+12+18 | P97: 9+9+12+12+24 | Q97: 6+6+6+6+6+9 | R97: 6+6+6+9+12+12 | S97: 6+6+9+12+12+24 | T97: 6+9+12+12+12+18 | U97: 12+12+12+12+12+12
B98: 6+36 | C98: 12+36 | D98: 6+6+30 | E98: 6+18+30 | F98: 9+18+30 | G98: 6+6+6+12 | H98: 6+9+9+24 | I98: 9+9+9+18 | J98: 12+12+12+24 | L98: 6+6+6+6+12 | M98: 6+6+9+9+24 | N98: 6+9+9+9+18 | O98: 6+12+12+12+24 | P98: 9+9+12+18+18 | Q98: 6+6+6+6+6+12 | R98: 6+6+6+9+12+18 | S98: 6+6+12+12+12+12 | T98: 6+12+12+12+12+12
B99: 9+18 | C99: 18+18 | D99: 6+6+36 | E99: 6+18+36 | F99: 9+18+36 | G99: 6+6+6+18 | H99: 6+9+12+12 | I99: 9+9+9+24 | J99: 12+12+18+18 | L99: 6+6+6+6+18 | M99: 6+6+9+12+12 | N99: 6+9+9+9+24 | O99: 6+12+12+18+18 | P99: 9+9+12+18+24 | Q99: 6+6+6+6+6+18 | R99: 6+6+6+9+12+24 | S99: 6+6+12+12+12+18 | T99: 6+12+12+12+12+18
B100: 9+24 | C100: 18+24 | D100: 6+9+9 | E100: 9+9+9 | F100: 12+12+12 | G100: 6+6+6+24 | H100: 6+9+12+18 | I100: 9+9+12+12 | J100: 12+12+18+24 | L100: 6+6+6+6+24 | M100: 6+6+9+12+18 | N100: 6+9+9+12+12 | O100: 6+12+18+18+18 | P100: 9+9+18+18+18 | Q100: 6+6+6+6+6+24 | R100: 6+6+6+12+12+12 | S100: 6+6+12+12+12+24 | T100: 9+9+9+9+9+9
B101: 9+30 | C101: 18+30 | D101: 6+9+12 | E101: 9+9+12 | F101: 12+12+18 | G101: 6+6+9+9 | H101: 6+9+12+24 | I101: 9+9+12+18 | J101: 12+18+18+18 | L101: 6+6+6+9+9 | M101: 6+6+9+12+24 | N101: 6+9+9+12+18 | O101: 9+9+9+9+9 | P101: 9+12+12+12+12 | Q101: 6+6+6+6+9+9 | R101: 6+6+6+12+12+18 | S101: 6+9+9+9+9+9 | T101: 9+9+9+9+9+12
...

Sheet DIM ELEC
A1: A/C CONDENSERS
A2: Item | B2: DIMENSIONS LxWxH (SEE SPECS FOR EXACT DIMENSIONS) | C2: PAD SIZE | D2: MCA | E2: MAX FUSE | F2: LINESET
A3: IC5A1V24AKAWA | B3: 24X24X35 | C3: DIVUC24243CA | D3: 19.4 | E3: 25 | F3: 3/8 X 3/4
A4: IC5A1V36AKAWA | B4: 32X32X35 | C4: DIVUC32323CA | D4: 22.9 | E4: 25 | F4: 3/8 X 3/4
A5: IC5A1V48AKAWA | B5: 32X32X43 | C5: DIVUC32323CA | D5: 30.6 | E5: 40 | F5: 3/8 X 7/8
A6: IC5A1V60AKAWA | B6: 35X35X44 | C6: DIVUC36363CA | D6: 36.9 | E6: 50 | F6: 3/8 X 7/8
A8: IC5A8T24AKAWA | B8: 32X32X35 | C8: DIVUC32323CA | D8: 15.5 | E8: 20 | F8: 3/8 X 3/4
A9: IC5A8T36AKAWA | B9: 35X35X37 | C9: DIVUC36363CA | D9: 20.9 | E9: 35 | F9: 3/8 X 7/8
A10: IC5A8T48AKAWA | B10: 35X35X37 | C10: DIVUC36363CA | D10: 25.5 | E10: 40 | F10: 3/8 X 7/8
A11: IC5A8T60AKAWA | B11: 35X35X41 | C11: DIVUC36363CA | D11: 30.5 | E11: 50 | F11: 3/8 X 7/8
A13: IC5A6S24AKAWA | B13: 32X32X36 | C13: DIVUC32323CA | D13: 13.6 | E13: 20 | F13: 3/8 X 3/4
A14: IC5A6S30AKAWA | B14: 32X32X39 | C14: DIVUC32323CA | D14: 16.5 | E14: 25 | F14: 3/8 X 3/4
A15: IC5A6S36AKAWA | B15: 32X32X33 | C15: DIVUC32323CA | D15: 17.6 | E15: 30 | F15: 3/8 X 7/8
A16: IC5A6S42AKAWA | B16: 32X32X39 | C16: DIVUC32323CA | D16: 22.7 | E16: 40 | F16: 3/8 X 7/8
... A39: IN5A4S60AKANA | B39: 32X32X32 | C39: DIVUC32323CA | D39: 31.1 | E39: 50 | F39: 3/8 X 7/8
A40: 90+% GAS FURNACES | D40: 80% GAS FURNACES
A41: Item | B41: DIMENSIONS LxWxH (SEE SPECS FOR EXACT DIMENSIONS) | D41: Item | E41: DIMENSIONS LxWxH (SEE SPECS FOR EXACT DIMENSIONS)
A42: IG97CMN0601714B | B42: 29.5X17.5X35 | D42: IG80CTL0451712B | E42: 29X17.5X33.25
A43: IG97CMN0602120B | B43: 29.5X21X35 | D43: IG80CTL0701412B | E43: 29X14.5X33.25
A44: IG97CMN0801714B | B44: 29.5X17.5X35 | D44: IG80CTL0701716B | E44: 29X17.5X33.25
A45: IG97CMN0802120B | B45: 29.5X21X35 | D45: IG80CTL0702120B | E45: 29X21X33.5
A46: IG97CMN1002122B | B46: 29.5X21X35 | D46: IG80CTL0901716B | E46: 29X17.5X33.25
A47: IG97CMN1202422B | B47: 29.5X24.5X35 | D47: IG80CTL0902120B | E47: 29X21X33.5
D48: IG80CTL1102120B | E48: 29X21X33.5
A49: IG96CTN0601714B | B49: 29.5X17.5X35 | D49: IG80CTL1352422B | E49: 29X21X33.5
A50: IG96CTN0801714B | B50: 29.5X17.5X35
A51: IG96CTN0802120B | B51: 29.5X21X35 | D51: IN80MSN0451412A | E51: 29X14.5X33.25
A52: IG96CTN1002122B | B52: 29.5X21X35 | D52: IN80MSN0701412A | E52: 29X14.5X33.25
A53: IG96CTN1202422B | B53: 29.5X24.5X35 | D53: IN80MSN0701712A | E53: 29X17.5X33.25
D54: IN80MSN0701716A | E54: 29X17.5X33.25
A55: IG96VTN0401410B | B55: 29.5X14.5X35 | D55: IN80MSN0702116A | E55: 29X21X33.5
A56: IG96VTN0401712B | B56: 29.5X17.5X35 | D56: IN80MSN0901714A | E56: 29X17.5X33.25
A57: IG96VTN0601412B | B57: 29.5X14.5X35 | D57: IN80MSN0902116A | E57: 29X21X33.5
A58: IG96VTN0601716B | B58: 29.5X17.5X35 | D58: IN80MSN0902120A | E58: 29X21X33.5
A59: IG96VTN0801716B | B59: 29.5X17.5X35 | D59: IN80MSN0902420A | E59: 29X24.4X33.5
A60: IG96VTN0802120B | B60: 29.5X21X35 | D60: IN80MSN1102120A | E60: 29X21X33.5
A61: IG96VTN1002120B | B61: 29.5X21X35 | D61: IN80MSN1102420A | E61: 29X24.4X33.5
A62: IG96VTN1002122B | B62: 29.5X21X35 | D62: IN80MSN1352420A | E62: 29X21X33.5
A63: IG96VTN1202422B | B63: 29.5X24.5X35 | D63: IN80MSN1552420A | E63: 29X24.4X33.5
A65: IN96MSN0401410A | B65: 29.5X14.5X35
A66: IN96MSN0401712A | B66: 29.5X17.5X35
A67: IN96MSN0601412A | B67: 29.5X14.5X35
A68: IN96MSN0601716A | B68: 29.5X17.5X35
A69: IN96MSN0801716A | B69: 29.5X17.5X35
A70: IN96MSN0802120A | B70: 29.5X21X35
A71: IN96MSN1002120A | B71: 29.5X21X35
A72: IN96MSN1202422A | B72: 29.5X24.5X35
A73: IN96MSN1402422A | B73: 29.5X24.5X35
A75: EVAP COILS | D75: FAN COILS
A76: Item | B76: DIMENSIONS LxWxH (SEE SPECS FOR EXACT DIMENSIONS) | D76: Item | E76: DIMENSIONS LxWxH (SEE SPECS FOR EXACT DIMENSIONS)
A77: IEVD5X24M14A | B77: 21X14X15 | D77: IFCMA5X24L0BA | E77: 22X17.5X43
A78: IEVD5X24M17A | B78: 21X17.5X20 | D78: IFCMA5B36L0CA | E78: 22X21X54
A79: IEVD5X30M14A | B79: 21X14X17 | D79: IFCMA5B48L0CA | E79: 22X21X54
A80: IEVD5X30M17A | B80: 21X17.5X20 | D80: IFCMA5B60L0DA | E80: 22X24.5X59
A81: IEVD5X36M17A | B81: 21X17.5X20
A82: IEVD5X36M21A | B82: 21X21X19 | D82: IFTMA5X24L0BA | E82: 22X17.5X43
A83: IEVD5X37M21A | B83: 21X21X22 | D83: IFTMA5B36L0CA | E83: 22X21X54
A84: IEVD5X38M17A | B84: 21X17.5X30 | D84: IFTMA5B48L0CA | E84: 22X21X54
A85: IEVD5X42M17A | B85: 21X17.5X19 | D85: IFTMA5B60L0DA | E85: 22X24.5X59
A86: IEVD5X42M21A | B86: 21X21X27
A87: IEVD5X42M24A | B87: 21X24.5X27 | D87: IFHMA5X24L0BA | E87: 22X17.5X50
A88: IEVD5X48M21A | B88: 21X21X22 | D88: IFHMA5X30L0BA | E88: 22X17.5X50
A89: IEVD5X48M24A | B89: 21X24.5X22 | D89: IFHMA5X36L0BA | E89: 22X17.5X50
A90: IEVD5X49M24A | B90: 21X24.5X27 | D90: IFHMA5B42L0CA | E90: 22X21X54
A91: IEVD5X61M21A | B91: 21X21X35 | D91: IFHMA5B48L0CA | E91: 22X21X54
A92: IEVD5X60M24A | B92: 21X24.5X27 | D92: IFHMA5B60L0DA | E92: 22X24.5X59
A93: IEVD5X61M24A | B93: 21X24.5X35
A95: IEVM5X24M14A | B95: 21X14X15
A96: IEVM5X24M17A | B96: 21X17.5X15
A97: IEVM5X30M17A | B97: 21X17.5X20
A98: IEVM5X31M17A | B98: 21X17.5X26
A99: IEVM5X36M17A | B99: 21X17.5X20
A100: IEVM5X42M21A | B100: 21X21XX19
A101: IEVM5X43M21A | B101: 21X21X22
A102: IEVM5X48M21A | B102: 21X21X22
A103: IEVM5X49M21A | B103: 21X21X30
A104: IEVM5X60M21A | B104: 21X21X30
A105: IEVM5X60M24A | B105: 21X24.5X30
... A117: IEAM5X61M24A | B117: 21X21X35
A118: H/P CONDENSERS
A119: Item | B119: DIMENSIONS LxWxH (SEE SPECS FOR EXACT DIMENSIONS) | C119: PAD SIZE | D119: MCA | E119: MAX FUSE | F119: LINESET
A120: IC5H3V36AKAAA | B120: 35X35X48 | C120: DIVUC36363CA | D120: 23.8 | E120: 25 | F120: 3/8 X 7/8
A121: IC5H3V48AKAAA | B121: 35X35X48 | C121: DIVUC36363CA | D121: 31 | E121: 40 | F121: 3/8 X 7/8
A122: IC5H3V60AKAAA | B122: 35X35X48 | C122: DIVUC36363CA | D122: 37.5 | E122: 40 | F122: 3/8 X 7/8
A124: IC5H0V24AKAAA | B124: 24x24x36 | C124: DIVUC24243CA | D124: 19.4 | E124: 25 | F124: 3/8 X 3/4
A125: IC5H0V36AKAAA | B125: 32x32x36 | C125: DIVUC32323CA | D125: 22.9 | E125: 30 | F125: 3/8 X 3/4
A126: IC5H0V48AKAAA | B126: 35x35x44 | C126: DIVUC36363CA | D126: 30.6 | E126: 40 | F126: 3/8 X 7/8
A127: IC5H0V60AKAAA | B127: 35x35x44 | C127: DIVUC36363CA | D127: 36.9 | E127: 50 | F127: 3/8 X 7/8
A129: IC5H8T24AKAAA | B129: 35X35X37 | C129: DIVUC36363CA | D129: 22.1 | E129: 25 | F129: 3/8 X 3/4
A130: IC5H8T36AKAAA | B130: 35X35X41 | C130: DIVUC36363CA | D130: 25.7 | E130: 40 | F130: 3/8 X 7/8
A131: IC5H8T48AKAAA | B131: 35X35X48 | C131: DIVUC36363CA | D131: 31.4 | E131: 50 | F131: 3/8 X 7/8
A132: IC5H8T60AKAAA | B132: 35X35X48 | C132: DIVUC36363CA | D132: 34.9 | E132: 60 | F132: 3/8 X 7/8
A134: IC5H6S24AKAAA | B134: 32X32X35 | C134: DIVUC32323CA | D134: 13.5 | E134: 20 | F134: 3/8 X 5/8
... A152: IN5H5S60AKAAA | B152: DIVUC36363CA | C152: 35X35X36 | D152: 31.1 | E152: 50 | F152: 3/8 X 7/8
A153: CROSSOVER H/P CONDENSERS
A154: Item | B154: DIMENSIONS LxWxH (SEE SPECS FOR EXACT DIMENSIONS) | C154: PAD SIZE | D154: MCA | E154: MAX FUSE | F154: LINESET
A155: ID5CUHAH24AAK | B155: 35X13.5X26 | C155: DIVUC18383CA | D155: 19 | E155: 20 | F155: 3/8 X 3/4
A156: ID5CUHAH30AAK | B156: 37.25X16X32 | C156: DIVUC18383CA | D156: 29.5 | E156: 30 | F156: 3/8 X 3/4
A157: ID5CUHAH36AAK | B157: 38.5X16X38.5 | C157: DIVUC18383CA | D157: 29 | E157: 30 | F157: 3/8 X 3/4
A158: ID5CUHAH48AAK | B158: 38.5X16X38.5 | C158: DIVUC18383CA | D158: 38 | E158: 40 | F158: 3/8 X 3/4
...

Sheet Paste Bid Here
A1: R454B | B1: B372944
