Workbook

Sheet GAS FURNACES
B1: GAS FURNACES
E2: 46048
B4: Part Number | C4: Ferguson PN | D4: Price | E4: PRODUCT CATEGORY
A5: INFINITY 98% FURNACE WITH GREENSPEED INTELLIGENCE | B5: 59MN7C060C17--14 | C5: C59MN7C060C1714 | D5: =VLOOKUP(C5,'Paste bid here'!A:F,4,FALSE) -> #N/A | E5: BEST
B6: 59MN7C060C21--20 | C6: C59MN7C060C2120 | D6: =VLOOKUP(C6,'Paste bid here'!A:F,4,FALSE) -> #N/A
B7: 59MN7C080C17--14 | C7: C59MN7C080C1714 | D7: =VLOOKUP(C7,'Paste bid here'!A:F,4,FALSE) -> #N/A
B8: 59MN7C080C21--20 | C8: C59MN7C080C2120 | D8: =VLOOKUP(C8,'Paste bid here'!A:F,4,FALSE) -> #N/A
B9: 59MN7C100C21--22 | C9: C59MN7C100C2122 | D9: =VLOOKUP(C9,'Paste bid here'!A:F,4,FALSE) -> #N/A
B10: 59MN7C120C24--22 | C10: C59MN7C120C2422 | D10: =VLOOKUP(C10,'Paste bid here'!A:F,4,FALSE) -> #N/A
A11: INFINITY 97% 2-STAGE VARIABLE SPEED FURNACE | B11: 59TN7A060C1716 | C11: C59TN7A060C1716 | D11: =VLOOKUP(C11,'Paste bid here'!A:F,4,FALSE) -> #N/A
B12: 59TN7A080C1716 | C12: C59TN7A080C1716 | D12: =VLOOKUP(C12,'Paste bid here'!A:F,4,FALSE) -> #N/A
B13: 59TN7A080C2120 | C13: C59TN7A080C2120 | D13: =VLOOKUP(C13,'Paste bid here'!A:F,4,FALSE) -> #N/A
B14: 59TN7A100C2122 | C14: C59TN7A100C2122 | D14: =VLOOKUP(C14,'Paste bid here'!A:F,4,FALSE) -> #N/A
B15: 59TN7A120C2422 | C15: C59TN7A120C2422 | D15: =VLOOKUP(C15,'Paste bid here'!A:F,4,FALSE) -> #N/A
A16: INFINITY 96% 2-STAGE VARIABLE SPEED FURNACE (SELL THESE FIRST) | B16: 59TN6C040C14--10 | C16: C59TN6C040C1410 | D16: =VLOOKUP(C16,'Paste bid here'!A:F,4,FALSE) -> #N/A
B17: 59TN6C060C17--14 | C17: C59TN6C060C1714 | D17: =VLOOKUP(C17,'Paste bid here'!A:F,4,FALSE) -> #N/A
B18: 59TN6C080C17--14 | C18: C59TN6C080C1714 | D18: =VLOOKUP(C18,'Paste bid here'!A:F,4,FALSE) -> #N/A
B19: 59TN6C080C21--20 | C19: C59TN6C080C2120 | D19: =VLOOKUP(C19,'Paste bid here'!A:F,4,FALSE) -> #N/A
B20: 59TN6C100C21--22 | C20: C59TN6C100C2122 | D20: =VLOOKUP(C20,'Paste bid here'!A:F,4,FALSE) -> #N/A
B21: 59TN6C120C24--22 | C21: C59TN6C120C2422 | D21: =VLOOKUP(C21,'Paste bid here'!A:F,4,FALSE) -> #N/A
A22: PERFORMANCE 97% 2-STAGE VARIABLE SPEED FURNACE | B22: 59TP7A060V1716 | C22: C59TP7A060V1716 | D22: =VLOOKUP(C22,'Paste bid here'!A:F,4,FALSE) -> #N/A | E22: BETTER
B23: 59TP7A080V1716 | C23: C59TP7A080V1716 | D23: =VLOOKUP(C23,'Paste bid here'!A:F,4,FALSE) -> #N/A
B24: 59TP7A080V2120 | C24: C59TP7A080V2120 | D24: =VLOOKUP(C24,'Paste bid here'!A:F,4,FALSE) -> #N/A
B25: 59TP7A100V2120 | C25: C59TP7A100V2120 | D25: =VLOOKUP(C25,'Paste bid here'!A:F,4,FALSE) -> #N/A
B26: 59TP7A100V2122 | C26: C59TP7A100V2122 | D26: =VLOOKUP(C26,'Paste bid here'!A:F,4,FALSE) -> #N/A
B27: 59TP7A120V2422 | C27: C59TP7A120V2422 | D27: =VLOOKUP(C27,'Paste bid here'!A:F,4,FALSE) -> #N/A
A28: PERFORMANCE 96% 2-STAGE VARIABLE SPEED FURNACE (SELL THESE FIRST) | B28: 59TP6C040V14--10 | C28: C59TP6C040V1410 | D28: =VLOOKUP(C28,'Paste bid here'!A:F,4,FALSE) -> #N/A
B29: 59TP6C040V17--12 | C29: C59TP6C040V1712 | D29: =VLOOKUP(C29,'Paste bid here'!A:F,4,FALSE) -> #N/A
B30: 59TP6C060V14--12 | C30: C59TP6C060V1412 | D30: =VLOOKUP(C30,'Paste bid here'!A:F,4,FALSE) -> #N/A
B31: 59TP6C060V17--16 | C31: C59TP6C060V1716 | D31: =VLOOKUP(C31,'Paste bid here'!A:F,4,FALSE) -> #N/A
B32: 59TP6C080V17--16 | C32: C59TP6C080V1716 | D32: =VLOOKUP(C32,'Paste bid here'!A:F,4,FALSE) -> #N/A
B33: 59TP6C080V21--20 | C33: C59TP6C080V2120 | D33: =VLOOKUP(C33,'Paste bid here'!A:F,4,FALSE) -> #N/A
B34: 59TP6C100V21--20 | C34: C59TP6C100V2120 | D34: =VLOOKUP(C34,'Paste bid here'!A:F,4,FALSE) -> #N/A
B35: 59TP6C100V21--22 | C35: C59TP6C100V2122 | D35: =VLOOKUP(C35,'Paste bid here'!A:F,4,FALSE) -> #N/A
B36: 59TP6C120V24--22 | C36: C59TP6C120V2422 | D36: =VLOOKUP(C36,'Paste bid here'!A:F,4,FALSE) -> #N/A
A37: COMFORT 96% 1-STAGE FURNACE | B37: 59SC6A026M14--10 | C37: C59SC6A026M1410 | D37: =VLOOKUP(C37,'Paste bid here'!A:F,4,FALSE) -> #N/A | E37: GOOD
B38: 59SC6A040M14--10 | C38: C59SC6A040M1410 | D38: =VLOOKUP(C38,'Paste bid here'!A:F,4,FALSE) -> #N/A
B39: 59SC6A040M17--12 | C39: C59SC6A040M1712 | D39: =VLOOKUP(C39,'Paste bid here'!A:F,4,FALSE) -> #N/A
B40: 59SC6A060M14--12 | C40: C59SC6A060M1412 | D40: =VLOOKUP(C40,'Paste bid here'!A:F,4,FALSE) -> #N/A
B41: 59SC6A060M17--16 | C41: C59SC6A060M1716 | D41: =VLOOKUP(C41,'Paste bid here'!A:F,4,FALSE) -> #N/A
B42: 59SC6A080M17--16 | C42: C59SC6A080M1716 | D42: =VLOOKUP(C42,'Paste bid here'!A:F,4,FALSE) -> #N/A
B43: 59SC6A080M21--20 | C43: C59SC6A080M2120 | D43: =VLOOKUP(C43,'Paste bid here'!A:F,4,FALSE) -> #N/A
B44: 59SC6A100M21--20 | C44: C59SC6A100M2120 | D44: =VLOOKUP(C44,'Paste bid here'!A:F,4,FALSE) -> #N/A
B45: 59SC6A100M21--22 | C45: C59SC6A100M2122 | D45: =VLOOKUP(C45,'Paste bid here'!A:F,4,FALSE) -> #N/A
B46: 59SC6A120M24--22 | C46: C59SC6A120M2422 | D46: =VLOOKUP(C46,'Paste bid here'!A:F,4,FALSE) -> #N/A
B47: 59SC6A140M24--22 | C47: C59SC6A140M2422 | D47: =VLOOKUP(C47,'Paste bid here'!A:F,4,FALSE) -> #N/A
A48: 90% LP CONVERSION KIT | B48: AGAGC9NPS01D | C48: RAGAGC9NPS01E | D48: =VLOOKUP(C48,'Paste bid here'!A:F,4,FALSE) -> #N/A
B49: GAS FURNACES
B52: Part Number | C52: Ferguson PN | D52: Price | E52: PRODUCT CATEGORY
A53: INFINITY 80% 2-STAGE VARIABLE SPEED FURNACE | B53: 58TN0B045C17--12 | C53: C58TN0B045C1712 | D53: =VLOOKUP(C53,'Paste bid here'!A:F,4,FALSE) -> #N/A | E53: BEST
B54: 58TN0B070C14--12 | C54: C58TN0B070C1412 | D54: =VLOOKUP(C54,'Paste bid here'!A:F,4,FALSE) -> #N/A
B55: 58TN0B070C17--16 | C55: C58TN0B070C1716 | D55: =VLOOKUP(C55,'Paste bid here'!A:F,4,FALSE) -> #N/A
B56: 58TN0B070C21--20 | C56: C58TN0B070C2120 | D56: =VLOOKUP(C56,'Paste bid here'!A:F,4,FALSE) -> #N/A
B57: 58TN0B090C17--16 | C57: C58TN0B090C1716 | D57: =VLOOKUP(C57,'Paste bid here'!A:F,4,FALSE) -> #N/A
B58: 58TN0B090C21--20 | C58: C58TN0B090C2120 | D58: =VLOOKUP(C58,'Paste bid here'!A:F,4,FALSE) -> #N/A
B59: 58TN0B110C21--20 | C59: C58TN0B110C2120 | D59: =VLOOKUP(C59,'Paste bid here'!A:F,4,FALSE) -> #N/A
B60: 58TN0B135C24--22 | C60: C58TN0B135C2422 | D60: =VLOOKUP(C60,'Paste bid here'!A:F,4,FALSE) -> #N/A
A61: PERFORMANCE 80% 2-STAGE VARIABLE SPEED FURNACE | B61: 58TP0B045V14--12 | C61: C58TP0B045V1412 | D61: =VLOOKUP(C61,'Paste bid here'!A:F,4,FALSE) -> #N/A | E61: BETTER
B62: 58TP0B070V14--12 | C62: C58TP0B070V1412 | D62: =VLOOKUP(C62,'Paste bid here'!A:F,4,FALSE) -> #N/A
B63: 58TP0B070V17--16 | C63: C58TP0B070V1716 | D63: =VLOOKUP(C63,'Paste bid here'!A:F,4,FALSE) -> #N/A
B64: 58TP0B090V17--16 | C64: C58TP0B090V1716 | D64: =VLOOKUP(C64,'Paste bid here'!A:F,4,FALSE) -> #N/A
B65: 58TP0B090V21--20 | C65: C58TP0B090V2120 | D65: =VLOOKUP(C65,'Paste bid here'!A:F,4,FALSE) -> #N/A
B66: 58TP0B110V21--22 | C66: C58TP0B110V2122 | D66: =VLOOKUP(C66,'Paste bid here'!A:F,4,FALSE) -> #N/A
B67: 58TP0B135V24--22 | C67: C58TP0B135V2422 | D67: =VLOOKUP(C67,'Paste bid here'!A:F,4,FALSE) -> #N/A
A68: COMFORT 80% 1-STAGE FURNACE | B68: 58SB0B045M14--12 | C68: C58SB0B045M1412 | D68: =VLOOKUP(C68,'Paste bid here'!A:F,4,FALSE) -> #N/A | E68: GOOD
B69: 58SB0B045M17--14 | C69: C58SB0B045M1714 | D69: =VLOOKUP(C69,'Paste bid here'!A:F,4,FALSE) -> #N/A
B70: 58SB0B070M14-12 | C70: C58SB0B070M1412 | D70: =VLOOKUP(C70,'Paste bid here'!A:F,4,FALSE) -> #N/A
B71: 58SB0B070M17--12 | C71: C58SB0B070M1712 | D71: =VLOOKUP(C71,'Paste bid here'!A:F,4,FALSE) -> #N/A
B72: 58SB0B070M17--16 | C72: C58SB0B070M1716 | D72: =VLOOKUP(C72,'Paste bid here'!A:F,4,FALSE) -> #N/A
B73: 58SB0B070M21--16 | C73: C58SB0B070M2116 | D73: =VLOOKUP(C73,'Paste bid here'!A:F,4,FALSE) -> #N/A
B74: 58SB0B090M17--14 | C74: C58SB0B090M1714 | D74: =VLOOKUP(C74,'Paste bid here'!A:F,4,FALSE) -> #N/A
B75: 58SB0B090M21--16 | C75: C58SB0B090M2116 | D75: =VLOOKUP(C75,'Paste bid here'!A:F,4,FALSE) -> #N/A
B76: 58SB0B090M21--20 | C76: C58SB0B090M2120 | D76: =VLOOKUP(C76,'Paste bid here'!A:F,4,FALSE) -> #N/A
B77: 58SB0B110M21--20 | C77: C58SB0B110M2120 | D77: =VLOOKUP(C77,'Paste bid here'!A:F,4,FALSE) -> #N/A
B78: 58SB0B110M24--20 | C78: C58SB0B110M2420 | D78: =VLOOKUP(C78,'Paste bid here'!A:F,4,FALSE) -> #N/A
B79: 58SB0B135M24--20 | C79: C58SB0B135M2420 | D79: =VLOOKUP(C79,'Paste bid here'!A:F,4,FALSE) -> #N/A
A80: 80% LP CONVERSION KIT | B80: AGAGC8NPS01C | C80: RAGAGC8NPS01C | D80: =VLOOKUP(C80,'Paste bid here'!A:F,4,FALSE) -> #N/A

Sheet FAN COILS & HEAT STRIPS
B1: FAN COILS & HEAT STRIPS
E2: ='GAS FURNACES'!E2 -> 46048
B4: Part Number | C4: Ferguson PN | D4: Price | E4: PRODUCT CATEGORY
A5: R454B INFINITY SERIES COMMUNICATING FAN COIL | B5: FE5BNXB24L00 | C5: CFE5BNXB24L00 | D5: =VLOOKUP(C7,'Paste bid here'!A:F,4,FALSE) -> #N/A | E5: BEST
B6: FE5BNXC36L00 | C6: CFE5BNXC36L00 | D6: =VLOOKUP(C9,'Paste bid here'!A:F,4,FALSE) -> #N/A | E6: *Use Slope Coil Downflow Kit
B7: FE5BNBC36L00 | C7: CFE5BNBC36L00 | D7: =VLOOKUP(C10,'Paste bid here'!A:F,4,FALSE) -> #N/A | E7: *FE5BNB MODELS ARE MODULAR 2-PIECE CABINET DESIGN
B8: FE5BNXC48L00 | C8: CFE5BNXC48L00 | D8: =VLOOKUP(C5,'Paste bid here'!A:F,4,FALSE) -> #N/A | E8: *FE5BNX MODELS ARE 1-PIECE CABINET DESIGN
B9: FE5BNBC48L00 | C9: CFE5BNBC48L00 | D9: =VLOOKUP(C6,'Paste bid here'!A:F,4,FALSE) -> #N/A
B10: FE5BNBD60L00 | C10: CFE5BNBD60L00 | D10: =VLOOKUP(C8,'Paste bid here'!A:F,4,FALSE) -> #N/A
A11: R454B PERFORMANCE SERIES VARIABLE SPEED FAN COIL | B11: FT5ANXB24L00 | C11: CFT5ANXB24L00 | D11: =VLOOKUP(C11,'Paste bid here'!A:F,4,FALSE) -> #N/A | E11: BETTER
B12: FT5ANBC36L00 | C12: CFT5ANBC36L00 | D12: =VLOOKUP(C12,'Paste bid here'!A:F,4,FALSE) -> #N/A | E12: *Use Slope Coil Downflow Kit
B13: FT5ANBC48L00 | C13: CFT5ANBC48L00 | D13: =VLOOKUP(C13,'Paste bid here'!A:F,4,FALSE) -> #N/A | E13: *FT5ANB MODELS ARE MODULAR 2-PIECE CABINET DESIGN
B14: FT5ANBD60L00 | C14: CFT5ANBD60L00 | D14: =VLOOKUP(C14,'Paste bid here'!A:F,4,FALSE) -> #N/A | E14: *FT5ANX MODELS ARE 1-PIECE CABINET DESIGN
A15: R454B COMFORT SERIES FAN COIL | B15: FJ5ANXA18L00 | C15: CFJ5ANXA18L00 | D15: =VLOOKUP(C15,'Paste bid here'!A:F,4,FALSE) -> #N/A | E15: GOOD
B16: FJ5ANXB24L00 | C16: CFJ5ANXB24L00 | D16: =VLOOKUP(C16,'Paste bid here'!A:F,4,FALSE) -> #N/A | E16: *Use Slope Coil Downflow Kit
B17: FJ5ANXB30L00 | C17: CFJ5ANXB30L00 | D17: =VLOOKUP(C17,'Paste bid here'!A:F,4,FALSE) -> #N/A
B18: FJ5ANXB36L00 | C18: CFJ5ANXB36L00 | D18: =VLOOKUP(C18,'Paste bid here'!A:F,4,FALSE) -> #N/A
B19: FJ5ANXC42L00 | C19: CFJ5ANXC42L00 | D19: =VLOOKUP(C19,'Paste bid here'!A:F,4,FALSE) -> #N/A
B20: FJ5ANXC48L00 | C20: CFJ5ANXC48L00 | D20: =VLOOKUP(C20,'Paste bid here'!A:F,4,FALSE) -> #N/A
B21: FJ5ANXD60L00 | C21: CFJ5ANXD60L00 | D21: =VLOOKUP(C21,'Paste bid here'!A:F,4,FALSE) -> #N/A
A22: Unitary Strip Heat for FJ, FT, FE4B & FE5B Fan Coils | B22: FF-2401C05 | C22: TFF2401C05 | D22: =VLOOKUP(C22,'Paste bid here'!A:F,4,FALSE) -> #N/A | E22: 5kW sizes 24-60
B23: FF-2501C08 | C23: TFF2501C08 | D23: =VLOOKUP(C23,'Paste bid here'!A:F,4,FALSE) -> #N/A | E23: 8kW sizes 24-60
B24: FF-2601C10 | C24: TFF2601C10 | D24: =VLOOKUP(C24,'Paste bid here'!A:F,4,FALSE) -> #N/A | E24: 10kW sizes 24-60
B25: FF-3101C15 | C25: TFF3101C15 | D25: =VLOOKUP(C25,'Paste bid here'!A:F,4,FALSE) -> #N/A | E25: 15kW sizes 24-60
B26: FF-3301C20 | C26: TFF3301C20 | D26: =VLOOKUP(C26,'Paste bid here'!A:F,4,FALSE) -> #N/A | E26: 20kW sizes 30-60
B27: FF-8401C05 | C27: TFF8401C05 | D27: =VLOOKUP(C27,'Paste bid here'!A:F,4,FALSE) -> #N/A | E27: 5kW size 18 ONLY
B28: FF-8501C08 | C28: TFF8501C08 | D28: =VLOOKUP(C28,'Paste bid here'!A:F,4,FALSE) -> #N/A | E28: 8kW size 18 ONLY
B29: FF-8601C10 | C29: TFF8601C10 | D29: =VLOOKUP(C29,'Paste bid here'!A:F,4,FALSE) -> #N/A | E29: 10kW size 18 ONLY
A30: Downflow Kits - Unitary Fan Coils | B30: KFADC0201SLP | C30: CKFADC0201SLP | D30: =VLOOKUP(C30,'Paste bid here'!A:F,4,FALSE) -> #N/A | E30: Downflow Kit - Slope Coil, FJ5 18-24, FE5/FT5 36
B31: KFADC0401ACL | C31: CKFADC0401ACL | D31: =VLOOKUP(C31,'Paste bid here'!A:F,4,FALSE) -> #N/A | E31: Downflow Kit - A Coil, FJ5 30-60, FE5/FT5 24,48,60
A32: CROSSOVER FAN COILS & HEAT STRIP KITS
A33: R454B CROSSOVER FAN COIL FOR USE W/ 37MUHA | B33: 45MUHAQ24XX3 | C33: C45MUHAQ24XX3 | D33: =VLOOKUP(C33,'Paste bid here'!A:F,4,FALSE) -> #N/A | E33: *Use EHKMD model heat strips
B34: 45MUHAQ36XX3 | C34: C45MUHAQ36XX3 | D34: =VLOOKUP(C34,'Paste bid here'!A:F,4,FALSE) -> #N/A | E34: *MODULAR 2 PIECE CABINET DESIGN
B35: 45MUHAQ60XX3 | C35: C45MUHAQ60XX3 | D35: =VLOOKUP(C35,'Paste bid here'!A:F,4,FALSE) -> #N/A | E35: *4" MEDIA FILTER RACK INCLUDED
E36: *5 TON FAN COIL IS 21" WIDTH
A37: R454B CROSSOVER FAN COIL FOR USE W/ 37MURA/37MUHA | B37: 45MUAAQ18XX3 | C37: C45MUAAQ18XX3 | D37: =VLOOKUP(C37,'Paste bid here'!A:F,4,FALSE) -> #N/A | E37: *SINGLE PIECE CABINET DESIGN
B38: 45MUAAQ24XX3 | C38: C45MUAAQ24XX3 | D38: =VLOOKUP(C38,'Paste bid here'!A:F,4,FALSE) -> #N/A | E38: *Use EHKMC model heat strips
B39: 45MUAAQ30XX3 | C39: C45MUAAQ30XX3 | D39: =VLOOKUP(C39,'Paste bid here'!A:F,4,FALSE) -> #N/A
B40: 45MUAAQ36XX3 | C40: C45MUAAQ36XX3 | D40: =VLOOKUP(C40,'Paste bid here'!A:F,4,FALSE) -> #N/A
B41: 45MUAAQ48XX3 | C41: C45MUAAQ48XX3 | D41: =VLOOKUP(C41,'Paste bid here'!A:F,4,FALSE) -> #N/A
B42: 45MUAAQ60XX3 | C42: C45MUAAQ60XX3 | D42: =VLOOKUP(C42,'Paste bid here'!A:F,4,FALSE) -> #N/A
A43: R454B DUCTED DUCTLESS FAN COIL FOR USE W/ 37MAHA | B43: 45MBAAQ18XB3 | C43: C45MBAAQ18XB3 | D43: =VLOOKUP(C43,'Paste bid here'!A:F,4,FALSE) -> #N/A | E43: *BLOWER POWERED FROM OUTDOOR UNIT
B44: 45MBAAQ24XB3 | C44: C45MBAAQ24XB3 | D44: =VLOOKUP(C44,'Paste bid here'!A:F,4,FALSE) -> #N/A | E44: *Use CEHKMC model heat strips
B45: 45MBAAQ36XB3 | C45: C45MBAAQ36XB3 | D45: =VLOOKUP(C45,'Paste bid here'!A:F,4,FALSE) -> #N/A
A47: Heat Strips for 45MUHA FAN COILS | B47: EHKMD05KN | C47: CEHKMD05KN | D47: =VLOOKUP(C47,'Paste bid here'!A:F,4,FALSE) -> #N/A | E47: 5kW for sizes 24K-36K
B48: EHKMD08KN | C48: CEHKMD08KN | D48: =VLOOKUP(C48,'Paste bid here'!A:F,4,FALSE) -> #N/A | E48: 8kW for sizes 24K-36K
B49: EHKMD10KN | C49: CEHKMD10KN | D49: =VLOOKUP(C49,'Paste bid here'!A:F,4,FALSE) -> #N/A | E49: 10kW for sizes 24K, 36K, 60K
B50: EHKMD15KN | C50: CEHKMD15KN | D50: =VLOOKUP(C50,'Paste bid here'!A:F,4,FALSE) -> #N/A | E50: 15kW for sizes 24K, 36K, 60K
B51: EHKMD20KN | C51: CEHKMD20KN | D51: =VLOOKUP(C51,'Paste bid here'!A:F,4,FALSE) -> #N/A | E51: 20kW for sizes 36K-60K
B52: EHKMD25KN | C52: CEHKMD25KN | D52: =VLOOKUP(C52,'Paste bid here'!A:F,4,FALSE) -> #N/A | E52: 25kW for size 60K ONLY
A53: Heat Strips for 45MBAA/45MUAA FAN COILS | B53: EHKMC05KN | C53: CEHKMC05KN | D53: =VLOOKUP(C53,'Paste bid here'!A:F,4,FALSE) -> #N/A | E53: 5kW for sizes 18K-36K
B54: EHKMC08KN | C54: CEHKMC08KN | D54: =VLOOKUP(C54,'Paste bid here'!A:F,4,FALSE) -> #N/A | E54: 8kW for sizes 18K-48K
B55: EHKMC10KN | C55: CEHKMC10KN | D55: =VLOOKUP(C55,'Paste bid here'!A:F,4,FALSE) -> #N/A | E55: 10kW for sizes 18K-60K
B56: EHKMC15KN | C56: CEHKMC15KN | D56: =VLOOKUP(C56,'Paste bid here'!A:F,4,FALSE) -> #N/A | E56: 15kW for sizes 24K-60K
B57: EHKMC20KN | C57: CEHKMC20KN | D57: =VLOOKUP(C57,'Paste bid here'!A:F,4,FALSE) -> #N/A | E57: 20kW for sizes 36K-60K
B58: EHKMC25KN | C58: CEHKMC25KN | D58: =VLOOKUP(C58,'Paste bid here'!A:F,4,FALSE) -> #N/A | E58: 25kW for size 60K ONLY

Sheet EVAP COILS
B1: EVAP COILS
E2: ='GAS FURNACES'!E2 -> 46048
B4: Part Number | C4: Ferguson PN | D4: Price
A5: R454B UPFLOW / DOWNFLOW CASED V COIL | B5: CVAVA1814XMA | C5: CCVAVA1814XMA | D5: =VLOOKUP(C5,'Paste bid here'!A:F,4,FALSE) -> #N/A
B6: CVAVA1917XMA | C6: CCVAVA1917XMA | D6: =VLOOKUP(C6,'Paste bid here'!A:F,4,FALSE) -> #N/A
B7: CVAVA2414XMA | C7: CCVAVA2414XMA | D7: =VLOOKUP(C7,'Paste bid here'!A:F,4,FALSE) -> #N/A
B8: CVAVA2417XMA | C8: CCVAVA2417XMA | D8: =VLOOKUP(C8,'Paste bid here'!A:F,4,FALSE) -> #N/A
B9: CVAVA2514XMA | C9: CCVAVA2514XMA | D9: =VLOOKUP(C9,'Paste bid here'!A:F,4,FALSE) -> #N/A
B10: CVAVA2517XMA | C10: CCVAVA2517XMA | D10: =VLOOKUP(C10,'Paste bid here'!A:F,4,FALSE) -> #N/A
B11: CVAVA3014XMA | C11: CCVAVA3014XMA | D11: =VLOOKUP(C11,'Paste bid here'!A:F,4,FALSE) -> #N/A
B12: CVAVA3017XMA | C12: CCVAVA3017XMA | D12: =VLOOKUP(C12,'Paste bid here'!A:F,4,FALSE) -> #N/A
B13: CVAVA3117XMA | C13: CCVAVA3117XMA | D13: =VLOOKUP(C13,'Paste bid here'!A:F,4,FALSE) -> #N/A
B14: CVAVA3617XMA | C14: CCVAVA3617XMA | D14: =VLOOKUP(C14,'Paste bid here'!A:F,4,FALSE) -> #N/A
B15: CVAVA3621XMA | C15: CCVAVA3621XMA | D15: =VLOOKUP(C15,'Paste bid here'!A:F,4,FALSE) -> #N/A
B16: CVAVA3721XMA | C16: CCVAVA3721XMA | D16: =VLOOKUP(C16,'Paste bid here'!A:F,4,FALSE) -> #N/A
B17: CVAVA3817XMA | C17: CCVAVA3817XMA | D17: =VLOOKUP(C17,'Paste bid here'!A:F,4,FALSE) -> #N/A
... B27: CVAVA6124XMA | C27: CCVAVA6124XMA | D27: =VLOOKUP(C27,'Paste bid here'!A:F,4,FALSE) -> #N/A
A28: R454B MULTIPOISE CASED V COIL | B28: CVAMA2414XMA | C28: CCVAMA2414XMA | D28: =VLOOKUP(C28,'Paste bid here'!A:F,4,FALSE) -> #N/A
B29: CVAMA2417XMA | C29: CCVAMA2417XMA | D29: =VLOOKUP(C29,'Paste bid here'!A:F,4,FALSE) -> #N/A
B30: CVAMA2517XMA | C30: CCVAMA2517XMA | D30: =VLOOKUP(C30,'Paste bid here'!A:F,4,FALSE) -> #N/A
B31: CVAMA3017XMA | C31: CCVAMA3017XMA | D31: =VLOOKUP(C31,'Paste bid here'!A:F,4,FALSE) -> #N/A
B32: CVAMA3117XMA | C32: CCVAMA3117XMA | D32: =VLOOKUP(C32,'Paste bid here'!A:F,4,FALSE) -> #N/A
B33: CVAMA3217XMA | C33: CCVAMA3217XMA | D33: =VLOOKUP(C33,'Paste bid here'!A:F,4,FALSE) -> #N/A
B34: CVAMA3617XMA | C34: CCVAMA3617XMA | D34: =VLOOKUP(C34,'Paste bid here'!A:F,4,FALSE) -> #N/A
B35: CVAMA4221XMA | C35: CCVAMA4221XMA | D35: =VLOOKUP(C35,'Paste bid here'!A:F,4,FALSE) -> #N/A
B36: CVAMA4321XMA | C36: CCVAMA4321XMA | D36: =VLOOKUP(C36,'Paste bid here'!A:F,4,FALSE) -> #N/A
B37: CVAMA4421XMA | C37: CCVAMA4421XMA | D37: =VLOOKUP(C37,'Paste bid here'!A:F,4,FALSE) -> #N/A
B38: CVAMA4821XMA | C38: CCVAMA4821XMA | D38: =VLOOKUP(C38,'Paste bid here'!A:F,4,FALSE) -> #N/A
B39: CVAMA4921XMA | C39: CCVAMA4921XMA | D39: =VLOOKUP(C39,'Paste bid here'!A:F,4,FALSE) -> #N/A
B40: CVAMA6021XMA | C40: CCVAMA6021XMA | D40: =VLOOKUP(C40,'Paste bid here'!A:F,4,FALSE) -> #N/A
... B42: CVAMA6124XMA | C42: CCVAMA6124XMA | D42: =VLOOKUP(C42,'Paste bid here'!A:F,4,FALSE) -> #N/A
A43: R454B MULTIPOISE CASED A COIL | B43: CAAMP1917AMA | C43: CCAAMP1917AMA | D43: =VLOOKUP(C43,'Paste bid here'!A:F,4,FALSE) -> #N/A
B44: CAAMP2414AMA | C44: CCAAMP2414AMA | D44: =VLOOKUP(C44,'Paste bid here'!A:F,4,FALSE) -> #N/A
B45: CAAMP2417AMA | C45: CCAAMP2417AMA | D45: =VLOOKUP(C45,'Paste bid here'!A:F,4,FALSE) -> #N/A
B46: CAAMP2517AMA | C46: CCAAMP2517AMA | D46: =VLOOKUP(C46,'Paste bid here'!A:F,4,FALSE) -> #N/A
B47: CAAMP3014AMA | C47: CCAAMP3014AMA | D47: =VLOOKUP(C47,'Paste bid here'!A:F,4,FALSE) -> #N/A
B48: CAAMP3017AMA | C48: CCAAMP3017AMA | D48: =VLOOKUP(C48,'Paste bid here'!A:F,4,FALSE) -> #N/A
B49: CAAMP3617AMA | C49: CCAAMP3617AMA | D49: =VLOOKUP(C49,'Paste bid here'!A:F,4,FALSE) -> #N/A
B50: CAAMP3717AMA | C50: CCAAMP3717AMA | D50: =VLOOKUP(C50,'Paste bid here'!A:F,4,FALSE) -> #N/A
B51: CAAMP3721AMA | C51: CCAAMP3721AMA | D51: =VLOOKUP(C51,'Paste bid here'!A:F,4,FALSE) -> #N/A
B52: CAAMP4221AMA | C52: CCAAMP4221AMA | D52: =VLOOKUP(C52,'Paste bid here'!A:F,4,FALSE) -> #N/A
B53: CAAMP4321AMA | C53: CCAAMP4321AMA | D53: =VLOOKUP(C53,'Paste bid here'!A:F,4,FALSE) -> #N/A
B54: CAAMP4821AMA | C54: CCAAMP4821AMA | D54: =VLOOKUP(C54,'Paste bid here'!A:F,4,FALSE) -> #N/A
B55: CAAMP6024AMA | C55: CCAAMP6024AMA | D55: =VLOOKUP(C55,'Paste bid here'!A:F,4,FALSE) -> #N/A
... B57: CAAMP6124AMA | C57: CCAAMP6124AMA | D57: =VLOOKUP(C57,'Paste bid here'!A:F,4,FALSE) -> #N/A
B58: EVAP COILS
B61: Part Number | C61: Ferguson PN | D61: Price
A62: R454B HORIZONTAL ONLY CASED SLAB COIL | B62: CSAHP2412AMA | C62: CCSAHP2412AMA | D62: =VLOOKUP(C62,'Paste bid here'!A:F,4,FALSE) -> #N/A
B63: CSAHP3012AMA | C63: CCSAHP3012AMA | D63: =VLOOKUP(C63,'Paste bid here'!A:F,4,FALSE) -> #N/A
B64: CSAHP3612AMA | C64: CCSAHP3612AMA | D64: =VLOOKUP(C64,'Paste bid here'!A:F,4,FALSE) -> #N/A
B65: CSAHP4212AMA | C65: CCSAHP4212AMA | D65: =VLOOKUP(C65,'Paste bid here'!A:F,4,FALSE) -> #N/A
B66: CSAHP4812AMA | C66: CCSAHP4812AMA | D66: =VLOOKUP(C66,'Paste bid here'!A:F,4,FALSE) -> #N/A
B67: CSAHP6012AMA | C67: CCSAHP6012AMA | D67: =VLOOKUP(C67,'Paste bid here'!A:F,4,FALSE) -> #N/A
A68: R454B 45MULA COIL FOR USE WITH 37MURA/37MUHA HEAT PUMPS | B68: 45MULAQ24XAX | C68: C45MULAQ24XAX | D68: =VLOOKUP(C68,'Paste bid here'!A:F,4,FALSE) -> #N/A
B69: 45MULAQ24XBX | C69: C45MULAQ24XBX | D69: =VLOOKUP(C69,'Paste bid here'!A:F,4,FALSE) -> #N/A
B70: 45MULAQ36XBX | C70: C45MULAQ36XAX | D70: =VLOOKUP(C70,'Paste bid here'!A:F,4,FALSE) -> #N/A
B71: 45MULAQ36XBX | C71: C45MULAQ36XBX | D71: =VLOOKUP(C71,'Paste bid here'!A:F,4,FALSE) -> #N/A
B72: 45MULAQ36XCX | C72: C45MULAQ36XCX | D72: =VLOOKUP(C72,'Paste bid here'!A:F,4,FALSE) -> #N/A
B73: 45MULAQ60XDX | C73: C45MULAQ60XDX | D73: =VLOOKUP(C73,'Paste bid here'!A:F,4,FALSE) -> #N/A
B74: 45MULAQ60XMX | C74: C45MULAQ60XMX | D74: =VLOOKUP(C74,'Paste bid here'!A:F,4,FALSE) -> #N/A
A75: R454B NAVA5 UNCASED MOBILE HOME COIL | B75: FOR USE W/ SMART COMFORT BY CARRIER FAN COILS
B77: NAVA53601CK | C77: INAVA53601CK | D77: =VLOOKUP(C77,'Paste bid here'!A:F,4,FALSE) -> #N/A | E77: 1.5-3T DNFL UNCSD ASSY COIL R454B
B78: NAVA54801CK | C78: INAVA54801CK | D78: =VLOOKUP(C78,'Paste bid here'!A:F,4,FALSE) -> #N/A | E78: 3.5-4T DNFL UNCSD ASSY COIL R454B
B79: NAVA56001CK | C79: INAVA56001CK | D79: =VLOOKUP(C79,'Paste bid here'!A:F,4,FALSE) -> #N/A | E79: 5T DNFL UNCSD ASSY COIL R454B
B80: INAXA50110TK | C80: INAXA50110TK | D80: =VLOOKUP(C80,'Paste bid here'!A:F,4,FALSE) -> #N/A | E80: R454B WIRE HARNESS KIT FOR FEVA AIR HANDLER

Sheet AIR CONDITIONERS
B1: AIR CONDITIONERS
E2: ='GAS FURNACES'!E2 -> 46048
B4: Part Number | C4: Ferguson PN | D4: Price | E4: PRODUCT CATEGORY
A5: R454B INFINITY SERIES 21 SEER2 VARIABLE SPEED AC | B5: 26VNA124W003 | C5: C26VNA124W003 | D5: =VLOOKUP(C5,'Paste bid here'!A:F,4,FALSE) -> #N/A | E5: BEST
B6: 26VNA136W003 | C6: C26VNA136W003 | D6: =VLOOKUP(C6,'Paste bid here'!A:F,4,FALSE) -> #N/A
B7: 26VNA148W003 | C7: C26VNA148W003 | D7: =VLOOKUP(C7,'Paste bid here'!A:F,4,FALSE) -> #N/A
B8: 26VNA160W003 | C8: C26VNA160W003 | D8: =VLOOKUP(C8,'Paste bid here'!A:F,4,FALSE) -> #N/A
A9: R454B PERFORMANCE 18 SEER2 2-STAGE AC | B9: 26TPA824W003 | C9: C26TPA824W003 | D9: =VLOOKUP(C9,'Paste bid here'!A:F,4,FALSE) -> #N/A | E9: BETTER
B10: 26TPA836W003 | C10: C26TPA836W003 | D10: =VLOOKUP(C10,'Paste bid here'!A:F,4,FALSE) -> #N/A
B11: 26TPA848W003 | C11: C26TPA848W003 | D11: =VLOOKUP(C11,'Paste bid here'!A:F,4,FALSE) -> #N/A
B12: 26TPA860W003 | C12: C26TPA860W003 | D12: =VLOOKUP(C12,'Paste bid here'!A:F,4,FALSE) -> #N/A
A13: R454B PERFORMANCE 16 SEER2 1-STAGE AC | B13: 26SPA618W003 | C13: C26SPA618W003 | D13: =VLOOKUP(C13,'Paste bid here'!A:F,4,FALSE) -> #N/A
B14: 26SPA624W003 | C14: C26SPA624W003 | D14: =VLOOKUP(C14,'Paste bid here'!A:F,4,FALSE) -> #N/A
B15: 26SPA630W003 | C15: C26SPA630W003 | D15: =VLOOKUP(C15,'Paste bid here'!A:F,4,FALSE) -> #N/A
B16: 26SPA636W003 | C16: C26SPA636W003 | D16: =VLOOKUP(C16,'Paste bid here'!A:F,4,FALSE) -> #N/A
B17: 26SPA642W003 | C17: C26SPA642W003 | D17: =VLOOKUP(C17,'Paste bid here'!A:F,4,FALSE) -> #N/A
B18: 26SPA648W003 | C18: C26SPA648W003 | D18: =VLOOKUP(C18,'Paste bid here'!A:F,4,FALSE) -> #N/A
B19: 26SPA660W003 | C19: C26SPA660W003 | D19: =VLOOKUP(C19,'Paste bid here'!A:F,4,FALSE) -> #N/A
A20: R454B COMFORT SERIES 14 SEER2 1-STAGE AC | B20: 26SCA418N003 | C20: C26SCA418N003 | D20: =VLOOKUP(C20,'Paste bid here'!A:F,4,FALSE) -> #N/A | E20: GOOD
B21: 26SCA424N003 | C21: C26SCA424N003 | D21: =VLOOKUP(C21,'Paste bid here'!A:F,4,FALSE) -> #N/A
B22: 26SCA430N003 | C22: C26SCA430N003 | D22: =VLOOKUP(C22,'Paste bid here'!A:F,4,FALSE) -> #N/A
B23: 26SCA436N003 | C23: C26SCA436N003 | D23: =VLOOKUP(C23,'Paste bid here'!A:F,4,FALSE) -> #N/A
B24: 26SCA442N003 | C24: C26SCA442N003 | D24: =VLOOKUP(C24,'Paste bid here'!A:F,4,FALSE) -> #N/A
B25: 26SCA448N003 | C25: C26SCA448N003 | D25: =VLOOKUP(C25,'Paste bid here'!A:F,4,FALSE) -> #N/A
B26: 26SCA460N003 | C26: C26SCA460N003 | D26: =VLOOKUP(C26,'Paste bid here'!A:F,4,FALSE) -> #N/A

Sheet HEAT PUMPS
B1: HEAT PUMPS
E2: ='GAS FURNACES'!E2 -> 46048
B4: Part Number | C4: Ferguson PN | D4: Price | E4: PRODUCT CATEGORY
A5: R454B INFINITY SERIES 23 SEER2 / GREENSPEED INVERTER HEAT PUMP | B5: 27VNA324A003 | C5: C27VNA324A003 | D5: =VLOOKUP(C5,'Paste bid here'!A:F,4,FALSE) -> #N/A | E5: BEST
B6: 27VNA336A003 | C6: C27VNA336A003 | D6: =VLOOKUP(C6,'Paste bid here'!A:F,4,FALSE) -> #N/A
B7: 27VNA348A003 | C7: C27VNA348A003 | D7: =VLOOKUP(C7,'Paste bid here'!A:F,4,FALSE) -> #N/A
B8: 27VNA360A003 | C8: C27VNA360A003 | D8: =VLOOKUP(C8,'Paste bid here'!A:F,4,FALSE) -> #N/A
A9: R454B INFINITY SERIES 20 SEEER2 /GREENSPEED INVERTER HEAT PUMP | B9: 27VNA024A003 | C9: C27VNA024A003 | D9: =VLOOKUP(C9,'Paste bid here'!A:F,4,FALSE) -> #N/A
B10: 27VNA036A003 | C10: C27VNA036A003 | D10: =VLOOKUP(C10,'Paste bid here'!A:F,4,FALSE) -> #N/A
B11: 27VNA048A003 | C11: C27VNA048A003 | D11: =VLOOKUP(C11,'Paste bid here'!A:F,4,FALSE) -> #N/A
B12: 27VNA060A003 | C12: C27VNA060A003 | D12: =VLOOKUP(C12,'Paste bid here'!A:F,4,FALSE) -> #N/A
A13: CROSSOVER HEAT PUMP R454B HIGH HEAT PERFORMANCE SERIES 18 SEER2 INVERTER | B13: 37MUHAQ18AA3 | C13: C37MUHAQ18AA3 | D13: =VLOOKUP(C13,'Paste bid here'!A:F,4,FALSE) -> #N/A | E13: BETTER
B14: 37MUHAQ24AA3 | C14: C37MUHAQ24AA3 | D14: =VLOOKUP(C14,'Paste bid here'!A:F,4,FALSE) -> #N/A
B15: 37MUHAQ30AA3 | C15: C37MUHAQ30AA3 | D15: =VLOOKUP(C15,'Paste bid here'!A:F,4,FALSE) -> #N/A
B16: 37MUHAQ36AA3 | C16: C37MUHAQ36AA3 | D16: =VLOOKUP(C16,'Paste bid here'!A:F,4,FALSE) -> #N/A
B17: 37MUHAQ48AA3 | C17: C37MUHAQ48AA3 | D17: =VLOOKUP(C17,'Paste bid here'!A:F,4,FALSE) -> #N/A
B18: 37MUHAQ60AA3 | C18: C37MUHAQ60AA3 | D18: =VLOOKUP(C18,'Paste bid here'!A:F,4,FALSE) -> #N/A
A19: R454B INTELISENSE PERFORMANCE SERIES 18 SEER2 / 2-STAGE HEAT PUMP | B19: 27TPA824A003 | C19: C27TPA824A003 | D19: =VLOOKUP(C19,'Paste bid here'!A:F,4,FALSE) -> #N/A
B20: 27TPA836A003 | C20: C27TPA836A003 | D20: =VLOOKUP(C20,'Paste bid here'!A:F,4,FALSE) -> #N/A
B21: 27TPA848A003 | C21: C27TPA848A003 | D21: =VLOOKUP(C21,'Paste bid here'!A:F,4,FALSE) -> #N/A
B22: 27TPA860A003 | C22: C27TPA860A003 | D22: =VLOOKUP(C22,'Paste bid here'!A:F,4,FALSE) -> #N/A
A23: R454B INTELISENSE PERFORMANCE SERIES 16 SEER2 / 1-STAGE HEAT PUMP | B23: 27SPA618A003 | C23: C27SPA618A003 | D23: =VLOOKUP(C23,'Paste bid here'!A:F,4,FALSE) -> #N/A
B24: 27SPA624A003 | C24: C27SPA624A003 | D24: =VLOOKUP(C24,'Paste bid here'!A:F,4,FALSE) -> #N/A
B25: 27SPA630A003 | C25: C27SPA630A003 | D25: =VLOOKUP(C25,'Paste bid here'!A:F,4,FALSE) -> #N/A
B26: 27SPA636A003 | C26: C27SPA636A003 | D26: =VLOOKUP(C26,'Paste bid here'!A:F,4,FALSE) -> #N/A
B27: 27SPA642A003 | C27: C27SPA642A003 | D27: =VLOOKUP(C27,'Paste bid here'!A:F,4,FALSE) -> #N/A
B28: 27SPA648A003 | C28: C27SPA648A003 | D28: =VLOOKUP(C28,'Paste bid here'!A:F,4,FALSE) -> #N/A
B29: 27SPA660A003 | C29: C27SPA660A003 | D29: =VLOOKUP(C29,'Paste bid here'!A:F,4,FALSE) -> #N/A
A30: CROSSOVER HEAT PUMP R454B REGULAR HEAT COMFORT SERIES 18 SEER2 INVERTER | B30: 37MURAQ18AA3 | C30: C37MURAQ18AA3 | D30: =VLOOKUP(C30,'Paste bid here'!A:F,4,FALSE) -> #N/A | E30: GOOD
B31: 37MURAQ24AA3 | C31: C37MURAQ24AA3 | D31: =VLOOKUP(C31,'Paste bid here'!A:F,4,FALSE) -> #N/A
B32: 37MURAQ30AA3 | C32: C37MURAQ30AA3 | D32: =VLOOKUP(C32,'Paste bid here'!A:F,4,FALSE) -> #N/A
B33: 37MURAQ36AA3 | C33: C37MURAQ36AA3 | D33: =VLOOKUP(C33,'Paste bid here'!A:F,4,FALSE) -> #N/A
B34: 37MURAQ48AA3 | C34: C37MURAQ48AA3 | D34: =VLOOKUP(C34,'Paste bid here'!A:F,4,FALSE) -> #N/A
B35: 37MURAQ60AA3 | C35: C37MURAQ60AA3 | D35: =VLOOKUP(C35,'Paste bid here'!A:F,4,FALSE) -> #N/A
A36: R454B COMFORT SERIES 16 SEER2 / 1-STAGE HEAT PUMP | B36: 27SCA518A003 | C36: C27SCA518A003 | D36: =VLOOKUP(C36,'Paste bid here'!A:F,4,FALSE) -> #N/A
B37: 27SCA524A003 | C37: C27SCA524A003 | D37: =VLOOKUP(C37,'Paste bid here'!A:F,4,FALSE) -> #N/A
B38: 27SCA530A003 | C38: C27SCA530A003 | D38: =VLOOKUP(C38,'Paste bid here'!A:F,4,FALSE) -> #N/A
B39: 27SCA536A003 | C39: C27SCA536A003 | D39: =VLOOKUP(C39,'Paste bid here'!A:F,4,FALSE) -> #N/A
B40: 27SCA542A003 | C40: C27SCA542A003 | D40: =VLOOKUP(C40,'Paste bid here'!A:F,4,FALSE) -> #N/A
B41: 27SCA548A003 | C41: C27SCA548A003 | D41: =VLOOKUP(C41,'Paste bid here'!A:F,4,FALSE) -> #N/A
B42: 27SCA560A003 | C42: C27SCA560A003 | D42: =VLOOKUP(C42,'Paste bid here'!A:F,4,FALSE) -> #N/A
A43: R454B COMFORT SERIES 460v/3 PHASE / 15 SEER2 1-STAGE HP | B43: 27SCA536A006 | C43: C27SCA536A006 | D43: =VLOOKUP(C43,'Paste bid here'!A:F,4,FALSE) -> #N/A | E43: COMMERCIAL 3-PHASE
B44: 27SCA548A006 | C44: C27SCA548A006 | D44: =VLOOKUP(C44,'Paste bid here'!A:F,4,FALSE) -> #N/A
B45: 27SCA560A006 | C45: C27SCA560A006 | D45: =VLOOKUP(C45,'Paste bid here'!A:F,4,FALSE) -> #N/A
A46: R454B COMFORT SERIES 208v/3 PHASE / 15 SEER2 1-STAGE HP | B46: 27SCA536A005 | C46: C27SCA536A005 | D46: =VLOOKUP(C46,'Paste bid here'!A:F,4,FALSE) -> #N/A
B47: 27SCA548A005 | C47: C27SCA548A005 | D47: =VLOOKUP(C47,'Paste bid here'!A:F,4,FALSE) -> #N/A
B48: 27SCA560A005 | C48: C27SCA560A005 | D48: =VLOOKUP(C48,'Paste bid here'!A:F,4,FALSE) -> #N/A
A49: DUCTED DUCTLESS HEAT PUMP - FOR USE WITH 45MBAA FAN COILS
A50: DUCTED DUCTLESS HEAT PUMP R454B PERFORMANCE SERIES 18 SEER INVERTER | B50: 37MAHAQ18AA3 | C50: C37MAHAQ18AA3 | D50: =VLOOKUP(C50,'Paste bid here'!A:F,4,FALSE) -> #N/A | E50: FOR USE WITH 45MBAA FAN COILS
B51: 37MAHAQ24AA3 | C51: C37MAHAQ24AA3 | D51: =VLOOKUP(C51,'Paste bid here'!A:F,4,FALSE) -> #N/A
B52: 37MAHAQ33AA3 | C52: C37MAHAQ33AA3 | D52: =VLOOKUP(C52,'Paste bid here'!A:F,4,FALSE) -> #N/A

Sheet ACCESSORIES
B1: ACCESSORIES
E2: ='GAS FURNACES'!E2 -> 46048
B4: Part Number | C4: Ferguson PN | D4: Price | E4: Product Description
A5: Infinity System Controls | B5: SYSTXCCITC01-B | C5: CSYSTXCCITC01C | D5: =VLOOKUP(C5,'Paste bid here'!A:F,4,FALSE) -> #N/A | E5: Infinity Touch Control Smart Wifi - Communicating- Black
B6: SYSTXCCWIC01-B | C6: CSYSTXCCWIC01C | D6: =VLOOKUP(C6,'Paste bid here'!A:F,4,FALSE) -> #N/A | E6: Infinity Touch Control Smart Wifi - Communicating- White
B7: TSTATCCEWF01 | C7: CTSTATCCEWF01 | D7: =VLOOKUP(C7,'Paste bid here'!A:F,4,FALSE) -> #N/A | E7: Carrier Smart Wifi Non-Communicating Thermostat
B8: SYSTXCC4ZC01 | C8: CSYSTXCC4ZC01 | D8: =VLOOKUP(C8,'Paste bid here'!A:F,4,FALSE) -> #N/A | E8: Infinity Damper Control Module - 4-Zones
B9: SYSTXCCNIM01 | C9: CSYSTXCCNIM01 | D9: =VLOOKUP(C9,'Paste bid here'!A:F,4,FALSE) -> #N/A | E9: Infinity NIM module - For use w/non-communicating HP's
B10: SYSTXZNSMS01 | C10: CSYSTXZNSMS01 | D10: =VLOOKUP(C10,'Paste bid here'!A:F,4,FALSE) -> #N/A | E10: Infinity Smart Sensor - Additional Zone Stats
A11: ECOBEE STATS | B11: EB-STATE7P-01 | C11: REBSTATE7P01 | D11: =VLOOKUP(C11,'Paste bid here'!A:F,4,FALSE) -> #N/A | E11: Ecobee 7 Lite Pro - Replaced Ecobee 3 Lite
B12: EB-STATE7ICR-01 | C12: CEBSTATE7ICR01 | D12: =VLOOKUP(C12,'Paste bid here'!A:F,4,FALSE) -> #N/A | E12: NEW Ecobee 7 Lite Pro - Carrier Branded - Intellisense
B13: EB-STATE7PB01 | C13: EEBSTATE7PB01 | D13: =VLOOKUP(C13,'Paste bid here'!A:F,4,FALSE) -> #N/A | E13: Ecobee 7 Lite Pro - Builder Model
B14: EB-STATE3LTICR-01 | C14: CEBSTATE3LTICR01 | D14: =VLOOKUP(C14,'Paste bid here'!A:F,4,FALSE) -> #N/A | E14: Ecobee 3 Lite Pro - Carrier Branded - Intellisense (limited stock)
B15: EB-STATE6P-01 | C15: REBSTATE6P01 | D15: =VLOOKUP(C15,'Paste bid here'!A:F,4,FALSE) -> #N/A | E15: Ecboee Premium Control w/ Smart Sensor
B16: EB-STATE6ICR-01 | C16: CEBSTATE6ICR01 | D16: =VLOOKUP(C16,'Paste bid here'!A:F,4,FALSE) -> #N/A | E16: Ecobee Premium Carrier Branded - Intellisense
B17: EB-STATE6LP-01 | C17: EEBSTATE6LP01 | D17: =VLOOKUP(C17,'Paste bid here'!A:F,4,FALSE) -> #N/A | E17: Ecobee Enhanced Control
B18: EB-STATE6PB01 | C18: EEBSTATE6PB01 | D18: =VLOOKUP(C18,'Paste bid here'!A:F,4,FALSE) -> #N/A | E18: Ecobee Premium - Builder Model
B19: EB-RSHM2PK-01 | C19: REBRSHM2PK01 | D19: =VLOOKUP(C19,'Paste bid here'!A:F,4,FALSE) -> #N/A | E19: Ecobee Wireless Smart Sensors
A20: CARRIER EDGE 2-WIRE STATS | B20: 33CS2PP2S03 | C20: C33CS2PP2S03 | D20: =VLOOKUP(C20,'Paste bid here'!A:F,4,FALSE) -> #N/A | E20: EDGE PRO 2H/2C PROG. STAT
B21: 33CS2PPRH03 | C21: C33CS2PPRH03 | D21: =VLOOKUP(C21,'Paste bid here'!A:F,4,FALSE) -> #N/A | E21: EDGE PRO PROG. STAT WITH HUMIDITY CONTROL
A22: RGF AIR PURIFICATION | B22: REMELEDAS | C22: RREMELEDAS | D22: =VLOOKUP(C22,'Paste bid here'!A:F,4,FALSE) -> #N/A | E22: RGF LED AIR PURIFIER
B23: REMEH | C23: RREMEH | D23: =VLOOKUP(C23,'Paste bid here'!A:F,4,FALSE) -> #N/A | E23: RGF UV AIR PURIFIER
B24: ZEROH4ACT | C24: RZEROH4ACT | D24: =VLOOKUP(C24,'Paste bid here'!A:F,4,FALSE) -> #N/A | E24: RGF ZERO OZONE AIR PURIFIER
B25: SPLITHVACPHI230 | C25: ARFSPLITHVACPHI230 | D25: =VLOOKUP(C25,'Paste bid here'!A:F,4,FALSE) -> #N/A | E25: RGF MINI SPLIT AIR PURIFIER
B26: CLEARSKYMS | C26: ARFCLEARSKYMS | D26: =VLOOKUP(C26,'Paste bid here'!A:F,4,FALSE) -> #N/A | E26: RGF MINI SPLIT AIR PURIFIER-BUDGET OPTION
B27: RPHIPKG524V | C27: RPHIPKG524V | D27: =VLOOKUP(C27,'Paste bid here'!A:F,4,FALSE) -> #N/A | E27: RGF DUCT MOUNTED 5" COMM AIR PURIFICATION SYSTEM
B28: RPHIPKG924V | C28: RPHIPKG924V | D28: =VLOOKUP(C28,'Paste bid here'!A:F,4,FALSE) -> #N/A | E28: RGF DUCT MOUNTED 9" COMM AIR PURIFICATION SYSTEM
B29: CLEARSKYDM | C29: RCLEARSKYDM | D29: =VLOOKUP(C29,'Paste bid here'!A:F,4,FALSE) -> #N/A | E29: RGF DUCT MOUNTED AIR PURIFIER-BUDGET OPTION
A30: AERUS AIR SCRUBBERS | B30: 9960051 | C30: A9960051 | D30: =VLOOKUP(C30,'Paste bid here'!A:F,4,FALSE) -> #N/A | E30: AIR SCRUBBER PURIFIER - OZONE
B31: 9960052 | C31: A9960052 | D31: =VLOOKUP(C31,'Paste bid here'!A:F,4,FALSE) -> #N/A | E31: AIR SCRUBBER PURIFIER - NO OZONE
B32: 00811 | C32: A00811 | D32: =VLOOKUP(C32,'Paste bid here'!A:F,4,FALSE) -> #N/A | E32: LAUNDRY PRO 3.0
B33: 00693 | C33: A00693 | D33: =VLOOKUP(C33,'Paste bid here'!A:F,4,FALSE) -> #N/A | E33: PLUG IN WALL OUTLET PURIFIER - 250 SQ FT
B34: 00746 | C34: A00746 | D34: =VLOOKUP(C34,'Paste bid here'!A:F,4,FALSE) -> #N/A | E34: PURE & CLEAN - STAND ALONE PURIFIER - 2000 SQ FT
A35: Infinity Air Purifiers | B35: DGAPAXX1620 | C35: CDGAPAXX1620 | D35: =VLOOKUP(C35,'Paste bid here'!A:F,4,FALSE) -> #N/A | E35: Infinity Air Purifier 16x20
B36: DGAPAXX1625 | C36: CDGAPAXX1625 | D36: =VLOOKUP(C36,'Paste bid here'!A:F,4,FALSE) -> #N/A | E36: Infinity Air Purifier 16x25
B37: DGAPAXX2020 | C37: CDGAPAXX2020 | D37: =VLOOKUP(C37,'Paste bid here'!A:F,4,FALSE) -> #N/A | E37: Infinity Air Purifier 20x20
B38: DGAPAXX2025 | C38: CDGAPAXX2025 | D38: =VLOOKUP(C38,'Paste bid here'!A:F,4,FALSE) -> #N/A | E38: Infinity Air Purifier 20x25
B39: DGAPAXX2420 | C39: CDGAPAXX2420 | D39: =VLOOKUP(C39,'Paste bid here'!A:F,4,FALSE) -> #N/A | E39: Infinity Air Purifier 24x20
A40: ELECTRONIC AIR CLEANERS | B40: F300E1001 | C40: HF300E1001 | D40: =VLOOKUP(C40,'Paste bid here'!A:F,4,FALSE) -> #N/A | E40: (16X20, 1200 CFM
A41: RGF AIR PURIFICATION | B41: F300E1019 | C41: HF300E1019 | D41: =VLOOKUP(C41,'Paste bid here'!A:F,4,FALSE) -> #N/A | E41: (16X25, 1400 CFM)
A42: RGF AIR PURIFICATION | B42: F300E1027 | C42: HF300E1027 | D42: =VLOOKUP(C42,'Paste bid here'!A:F,4,FALSE) -> #N/A | E42: (20X20, 1400 CFM)
A43: RGF AIR PURIFICATION | B43: F300E1035 | C43: HF300E1035 | D43: =VLOOKUP(C43,'Paste bid here'!A:F,4,FALSE) -> #N/A | E43: (20X25, 2000 CFM)
A44: HONEYWELL 4" MEDIA AIR CLEANERS | B44: F100F1620 | C44: HF100F1620 | D44: =VLOOKUP(C44,'Paste bid here'!A:F,4,FALSE) -> #N/A | E44: (16X20X4")
A45: RGF AIR PURIFICATION | B45: F100F1625 | C45: HF100F1625 | D45: =VLOOKUP(C45,'Paste bid here'!A:F,4,FALSE) -> #N/A | E45: (16X25X4")
A46: RGF AIR PURIFICATION | B46: F100F2020 | C46: HF100F2020 | D46: =VLOOKUP(C46,'Paste bid here'!A:F,4,FALSE) -> #N/A | E46: (20X20X4")
A47: RGF AIR PURIFICATION | B47: F100F2025 | C47: HF100F2025 | D47: =VLOOKUP(C47,'Paste bid here'!A:F,4,FALSE) -> #N/A | E47: (20X25X4")
A48: APRILAIRE 4" MEDIA AIR CLEANERS | B48: 1110 | C48: R1110 | D48: =VLOOKUP(C48,'Paste bid here'!A:F,4,FALSE) -> #N/A | E48: 16X20 MEDIA AIR CLEANER - MERV 11
A49: RGF AIR PURIFICATION | B49: 1210 | C49: R1210 | D49: =VLOOKUP(C49,'Paste bid here'!A:F,4,FALSE) -> #N/A | E49: 20X25 MEDIA AIR CLEANER - MERV 11
A50: RGF AIR PURIFICATION | B50: 1310 | C50: RES1310 | D50: =VLOOKUP(C50,'Paste bid here'!A:F,4,FALSE) -> #N/A | E50: 20X20 MEDIA AIR CLEANER - MERV 11
A51: RGF AIR PURIFICATION | B51: 1410 | C51: RES1410 | D51: =VLOOKUP(C51,'Paste bid here'!A:F,4,FALSE) -> #N/A | E51: 16X25 MEDIA AIR CLEANER - MERV 11
A52: CARRIER HUMIDIFIERS | B52: HUMCRSBP2412-A18 | C52: CHUMCRSBP2412-A18 | D52: =VLOOKUP(C52,'Paste bid here'!A:F,4,FALSE) -> #N/A | E52: Carrier Small Bypass 12 gal/day
A53: RGF AIR PURIFICATION | B53: HUMCRLBP2417-A12 | C53: CHUMCRLBP2417-A12 | D53: =VLOOKUP(C53,'Paste bid here'!A:F,4,FALSE) -> #N/A | E53: Carrier Large Bypass 17 gal/day
A54: RGF AIR PURIFICATION | B54: HUMCRLFP1518A12 | C54: CHUMCRLFP1518A12 | D54: =VLOOKUP(C54,'Paste bid here'!A:F,4,FALSE) -> #N/A | E54: Carrier Large Fan Powered 18 gal/day
A55: RGF AIR PURIFICATION | B55: HUMCRSTM3134 | C55: CHUMCRSTM3134 | D55: =VLOOKUP(C55,'Paste bid here'!A:F,4,FALSE) -> #N/A | E55: Carrier Steam Humidifier 34 gal/day
B56: ACCESSORIES
E57: ='GAS FURNACES'!E61 -> BETTER
B59: Part Number | C59: Ferguson PN | D59: Price | E59: Product Description
A60: Ductless Accessories | B60: KSACN0601AAA | C60: CKSACN0601AAA | D60: =VLOOKUP(C60,'Paste bid here'!A:F,4,FALSE) -> #N/A | E60: DLS Wired Control (Infinity & Comfort High wall)
B61: KSACN0701AAA | C61: CKSACN0701AAA | D61: =VLOOKUP(C61,'Paste bid here'!A:F,4,FALSE) -> #N/A | E61: DLS Wired Control (Performance High Wall)
B62: KSACN0801AAA | C62: CKSACN0801AAA | D62: =VLOOKUP(C62,'Paste bid here'!A:F,4,FALSE) -> #N/A | E62: DLS Wired Control (Cassette, Console 18K & 24K, Ducted)
B63: KSACN1201AAA | C63: CKSACN1201AAA | D63: =VLOOKUP(C63,'Paste bid here'!A:F,4,FALSE) -> #N/A | E63: DLS R454B WIR REM CNTL
B64: KSACN1401AAA | C64: CKSACN1401AAA | D64: =VLOOKUP(C64,'Paste bid here'!A:F,4,FALSE) -> #N/A | E64: DLS R454B WIR REM CNTL
B65: KSAIF0101AAA | C65: CKSAIF0101AAA | D65: =VLOOKUP(C65,'Paste bid here'!A:F,4,FALSE) -> #N/A | E65: WiFi Kit - Comfort High Wall
B66: KSAIF0201AAA | C66: CKSAIF0201AAA | D66: =VLOOKUP(C66,'Paste bid here'!A:F,4,FALSE) -> #N/A | E66: WiFi Kit - Comfort 18K High Wall
B67: KSAIF0401AAA | C67: CKSAIF0401AAA | D67: =VLOOKUP(C67,'Paste bid here'!A:F,4,FALSE) -> #N/A | E67: WiFi Kit - Cassette, Console, Ducted
B68: KSAIF0601AAA | C68: CKSAIF0601AAA | D68: =VLOOKUP(C68,'Paste bid here'!A:F,4,FALSE) -> #N/A | E68: WiFi Kit - Performance High Wall
B69: KSAIF0701AAA | C69: CKSAIF0701AAA | D69: =VLOOKUP(C69,'Paste bid here'!A:F,4,FALSE) -> #N/A | E69: R454B WI-FI KIT W/OTA
B70: KSAIC0301230 | C70: CKSAIC0301230 | D70: =VLOOKUP(C70,'Paste bid here'!A:F,4,FALSE) -> #N/A | E70: 24V Interface
B71: KSAIC0501230 | C71: CKSAIC0501230 | D71: =VLOOKUP(C71,'Paste bid here'!A:F,4,FALSE) -> #N/A | E71: 24V Interface - INDOOR/OUTDOOR
B72: KSAIC0601230 | C72: CKSAIC0601230 | D72: =VLOOKUP(C72,'Paste bid here'!A:F,4,FALSE) -> #N/A | E72: 24V Interface - MINI - INDOOR USE ONLY
... B74: 331831701 | C74: R331831701 | D74: =VLOOKUP(C74,'Paste bid here'!A:F,4,FALSE) -> #N/A | E74: Straight Piping Adapter - Unitary Evaporator Coils
A75: ROUND ZONING DAMPERS | B75: CDAMPRND06INCB | C75: CDAMPRND06INCB | D75: =VLOOKUP(C75,'Paste bid here'!A:F,4,FALSE) -> #N/A
B76: CDAMPRND08INCB | C76: CDAMPRND08INCB | D76: =VLOOKUP(C76,'Paste bid here'!A:F,4,FALSE) -> #N/A
B77: CDAMPRND10INCB | C77: CDAMPRND10INCB | D77: =VLOOKUP(C77,'Paste bid here'!A:F,4,FALSE) -> #N/A
B78: CDAMPRND12INCB | C78: CDAMPRND12INCB | D78: =VLOOKUP(C78,'Paste bid here'!A:F,4,FALSE) -> #N/A
B79: CDAMPRND14INCB | C79: CDAMPRND14INCB | D79: =VLOOKUP(C79,'Paste bid here'!A:F,4,FALSE) -> #N/A
B80: CDAMPRND16INCB | C80: CDAMPRND16INCB | D80: =VLOOKUP(C80,'Paste bid here'!A:F,4,FALSE) -> #N/A
A81: RECTANGULAR BOTTOM MOUNT ZONING DAMPERS | B81: CDAMPSLB08X10B | C81: CDAMPSLB08X10B | D81: =VLOOKUP(C81,'Paste bid here'!A:F,4,FALSE) -> #N/A
B82: CDAMPSLB08X12B | C82: CDAMPSLB08X12B | D82: =VLOOKUP(C82,'Paste bid here'!A:F,4,FALSE) -> #N/A
B83: CDAMPSLB08X14B | C83: CDAMPSLB08X14B | D83: =VLOOKUP(C83,'Paste bid here'!A:F,4,FALSE) -> #N/A
B84: CDAMPSLB08X16B | C84: CDAMPSLB08X16B | D84: =VLOOKUP(C84,'Paste bid here'!A:F,4,FALSE) -> #N/A
B85: CDAMPSLB08X18B | C85: CDAMPSLB08X18B | D85: =VLOOKUP(C85,'Paste bid here'!A:F,4,FALSE) -> #N/A
B86: CDAMPSLB08X20B | C86: CDAMPSLB08X20B | D86: =VLOOKUP(C86,'Paste bid here'!A:F,4,FALSE) -> #N/A
B87: CDAMPSLB08X22B | C87: CDAMPSLB08X22B | D87: =VLOOKUP(C87,'Paste bid here'!A:F,4,FALSE) -> #N/A
B88: CDAMPSLB08X24B | C88: CDAMPSLB08X24B | D88: =VLOOKUP(C88,'Paste bid here'!A:F,4,FALSE) -> #N/A
B89: CDAMPSLB10X10B | C89: CDAMPSLB10X10B | D89: =VLOOKUP(C89,'Paste bid here'!A:F,4,FALSE) -> #N/A
B90: CDAMPSLB10X12B | C90: CDAMPSLB10X12B | D90: =VLOOKUP(C90,'Paste bid here'!A:F,4,FALSE) -> #N/A
B91: CDAMPSLB10X14B | C91: CDAMPSLB10X14B | D91: =VLOOKUP(C91,'Paste bid here'!A:F,4,FALSE) -> #N/A
B92: CDAMPSLB10X16B | C92: CDAMPSLB10X16B | D92: =VLOOKUP(C92,'Paste bid here'!A:F,4,FALSE) -> #N/A
B93: CDAMPSLB10X18B | C93: CDAMPSLB10X18B | D93: =VLOOKUP(C93,'Paste bid here'!A:F,4,FALSE) -> #N/A
... B106: CDAMPSLB16X20B | C106: CDAMPSLB16X20B | D106: =VLOOKUP(C106,'Paste bid here'!A:F,4,FALSE) -> #N/A
A107: RECTANGULAR SIDE MOUNT ZONING DAMPERS | B107: CDAMPSLS08X08B | C107: CDAMPSLS08X08B | D107: =VLOOKUP(C107,'Paste bid here'!A:F,4,FALSE) -> #N/A | E107: NOTE:
B108: CDAMPSLS08X16B | C108: CDAMPSLS08X16B | D108: =VLOOKUP(C108,'Paste bid here'!A:F,4,FALSE) -> #N/A | E108: *SIDE MOUNT ACTUATOR DAMPERS MAY BE FACTORY ORDER
B109: CDAMPSLS08X20B | C109: CDAMPSLS08X20B | D109: =VLOOKUP(C109,'Paste bid here'!A:F,4,FALSE) -> #N/A
B110: CDAMPSLS08X22B | C110: CDAMPSLS08X22B | D110: =VLOOKUP(C110,'Paste bid here'!A:F,4,FALSE) -> #N/A
B111: CDAMPSLS10X10B | C111: CDAMPSLS10X10B | D111: =VLOOKUP(C111,'Paste bid here'!A:F,4,FALSE) -> #N/A
B112: CDAMPSLS10X12B | C112: CDAMPSLS10X12B | D112: =VLOOKUP(C112,'Paste bid here'!A:F,4,FALSE) -> #N/A
B113: CDAMPSLS10X14B | C113: CDAMPSLS10X14B | D113: =VLOOKUP(C113,'Paste bid here'!A:F,4,FALSE) -> #N/A
B114: CDAMPSLS10X16B | C114: CDAMPSLS10X16B | D114: =VLOOKUP(C114,'Paste bid here'!A:F,4,FALSE) -> #N/A
B115: CDAMPSLS10X20B | C115: CDAMPSLS10X20B | D115: =VLOOKUP(C115,'Paste bid here'!A:F,4,FALSE) -> #N/A
...

Sheet MOBILE HOME APPROVED
B1: MOBILE HOME APPROVED
E2: ='GAS FURNACES'!E2 -> 46048
B4: Part Number | C4: Ferguson PN | D4: Price
A5: GAS FURNACES
A6: COMFORT 96% 1-STAGE FURNACE | B6: 59SC6A026M14--10 | C6: C59SC6A026M1410 | D6: =VLOOKUP(C6,'Paste bid here'!A:F,4,FALSE) -> #N/A
B7: 59SC6A040M14--10 | C7: C59SC6A040M1410 | D7: =VLOOKUP(C7,'Paste bid here'!A:F,4,FALSE) -> #N/A
B8: 59SC6A040M17--12 | C8: C59SC6A040M1712 | D8: =VLOOKUP(C8,'Paste bid here'!A:F,4,FALSE) -> #N/A
B9: 59SC6A060M14--12 | C9: C59SC6A060M1412 | D9: =VLOOKUP(C9,'Paste bid here'!A:F,4,FALSE) -> #N/A
B10: 59SC6A060M17--16 | C10: C59SC6A060M1716 | D10: =VLOOKUP(C10,'Paste bid here'!A:F,4,FALSE) -> #N/A
B11: 59SC6A080M17--16 | C11: C59SC6A080M1716 | D11: =VLOOKUP(C11,'Paste bid here'!A:F,4,FALSE) -> #N/A
B12: 59SC6A080M21--20 | C12: C59SC6A080M2120 | D12: =VLOOKUP(C12,'Paste bid here'!A:F,4,FALSE) -> #N/A
B13: 59SC6A100M21--20 | C13: C59SC6A100M2120 | D13: =VLOOKUP(C13,'Paste bid here'!A:F,4,FALSE) -> #N/A
B14: 59SC6A100M21--22 | C14: C59SC6A100M2122 | D14: =VLOOKUP(C14,'Paste bid here'!A:F,4,FALSE) -> #N/A
B15: 59SC6A120M24--22 | C15: C59SC6A120M2422 | D15: =VLOOKUP(C15,'Paste bid here'!A:F,4,FALSE) -> #N/A
B16: 59SC6A140M24--22 | C16: C59SC6A140M2422 | D16: =VLOOKUP(C16,'Paste bid here'!A:F,4,FALSE) -> #N/A
A17: 90% LP CONVERSION KIT | B17: AGAGC9NPS01D | C17: RAGAGC9NPS01E | D17: =VLOOKUP(C17,'Paste bid here'!A:F,4,FALSE) -> #N/A
A18: ELECTRIC FURNACES
A19: R454B PERFORMANCE SERIES VARIABLE SPEED FAN COIL | B19: FT5ANXB24L00 | C19: CFT5ANXB24L00 | D19: =VLOOKUP(C19,'Paste bid here'!A:F,4,FALSE) -> #N/A | E19: BETTER
B20: FT5ANBC36L00 | C20: CFT5ANBC36L00 | D20: =VLOOKUP(C20,'Paste bid here'!A:F,4,FALSE) -> #N/A
B21: FT5ANBC48L00 | C21: CFT5ANBC48L00 | D21: =VLOOKUP(C21,'Paste bid here'!A:F,4,FALSE) -> #N/A
B22: FT5ANBD60L00 | C22: CFT5ANBD60L00 | D22: =VLOOKUP(C22,'Paste bid here'!A:F,4,FALSE) -> #N/A
A23: R454B COMFORT SERIES FAN COIL | B23: FJ5ANXA18L00 | C23: CFJ5ANXA18L00 | D23: =VLOOKUP(C23,'Paste bid here'!A:F,4,FALSE) -> #N/A | E23: GOOD
B24: FJ5ANXB24L00 | C24: CFJ5ANXB24L00 | D24: =VLOOKUP(C24,'Paste bid here'!A:F,4,FALSE) -> #N/A
B25: FJ5ANXB30L00 | C25: CFJ5ANXB30L00 | D25: =VLOOKUP(C25,'Paste bid here'!A:F,4,FALSE) -> #N/A
B26: FJ5ANXB36L00 | C26: CFJ5ANXB36L00 | D26: =VLOOKUP(C26,'Paste bid here'!A:F,4,FALSE) -> #N/A
B27: FJ5ANXC42L00 | C27: CFJ5ANXC42L00 | D27: =VLOOKUP(C27,'Paste bid here'!A:F,4,FALSE) -> #N/A
B28: FJ5ANXC48L00 | C28: CFJ5ANXC48L00 | D28: =VLOOKUP(C28,'Paste bid here'!A:F,4,FALSE) -> #N/A
B29: FJ5ANXD60L00 | C29: CFJ5ANXD60L00 | D29: =VLOOKUP(C29,'Paste bid here'!A:F,4,FALSE) -> #N/A
A30: UNITARY STRIP HEAT FOR FJ & FT FAN COILS | B30: FF-2401C05 | C30: TFF2401C05 | D30: =VLOOKUP(C30,'Paste bid here'!A:F,4,FALSE) -> #N/A | E30: 5kW sizes 24-60
B31: FF-2501C08 | C31: TFF2501C08 | D31: =VLOOKUP(C31,'Paste bid here'!A:F,4,FALSE) -> #N/A | E31: 8kW sizes 24-60
B32: FF-2601C10 | C32: TFF2601C10 | D32: =VLOOKUP(C32,'Paste bid here'!A:F,4,FALSE) -> #N/A | E32: 10kW sizes 24-60
B33: FF-3101C15 | C33: TFF3101C15 | D33: =VLOOKUP(C33,'Paste bid here'!A:F,4,FALSE) -> #N/A | E33: 15kW sizes 24-60
B34: FF-3301C20 | C34: TFF3301C20 | D34: =VLOOKUP(C34,'Paste bid here'!A:F,4,FALSE) -> #N/A | E34: 20kW sizes 30-60
B35: FF-8401C05 | C35: TFF8401C05 | D35: =VLOOKUP(C35,'Paste bid here'!A:F,4,FALSE) -> #N/A | E35: 5kW size 18 ONLY
B36: FF-8501C08 | C36: TFF8501C08 | D36: =VLOOKUP(C36,'Paste bid here'!A:F,4,FALSE) -> #N/A | E36: 10kW size 18 ONLY
B37: FF-8601C10 | C37: TFF8601C10 | D37: =VLOOKUP(C37,'Paste bid here'!A:F,4,FALSE) -> #N/A | E37: 15kW size 18 ONLY
A38: Downflow Kits - Unitary Fan Coils | B38: KFADC0201SLP | C38: CKFADC0201SLP | D38: =VLOOKUP(C38,'Paste bid here'!A:F,4,FALSE) -> #N/A | E38: Downflow Kit - Slope Coil, FJ5 18-24, FE5/FT5 36
B39: KFADC0401ACL | C39: CKFADC0401ACL | D39: =VLOOKUP(C39,'Paste bid here'!A:F,4,FALSE) -> #N/A | E39: Downflow Kit - A Coil, FJ5 30-60, FE5/FT5 24,48,60
B40: MOBILE HOME APPROVED
A43: COILS
A44: R454B UPFLOW / DOWNFLOW CASED V COIL | B44: CVAVA1814XMA | C44: CCVAVA1814XMA | D44: =VLOOKUP(C44,'Paste bid here'!A:F,4,FALSE) -> #N/A
B45: CVAVA1917XMA | C45: CCVAVA1917XMA | D45: =VLOOKUP(C45,'Paste bid here'!A:F,4,FALSE) -> #N/A
B46: CVAVA2414XMA | C46: CCVAVA2414XMA | D46: =VLOOKUP(C46,'Paste bid here'!A:F,4,FALSE) -> #N/A
B47: CVAVA2417XMA | C47: CCVAVA2417XMA | D47: =VLOOKUP(C47,'Paste bid here'!A:F,4,FALSE) -> #N/A
B48: CVAVA2514XMA | C48: CCVAVA2514XMA | D48: =VLOOKUP(C48,'Paste bid here'!A:F,4,FALSE) -> #N/A
B49: CVAVA2517XMA | C49: CCVAVA2517XMA | D49: =VLOOKUP(C49,'Paste bid here'!A:F,4,FALSE) -> #N/A
B50: CVAVA3014XMA | C50: CCVAVA3014XMA | D50: =VLOOKUP(C50,'Paste bid here'!A:F,4,FALSE) -> #N/A
B51: CVAVA3017XMA | C51: CCVAVA3017XMA | D51: =VLOOKUP(C51,'Paste bid here'!A:F,4,FALSE) -> #N/A
B52: CVAVA3117XMA | C52: CCVAVA3117XMA | D52: =VLOOKUP(C52,'Paste bid here'!A:F,4,FALSE) -> #N/A
B53: CVAVA3617XMA | C53: CCVAVA3617XMA | D53: =VLOOKUP(C53,'Paste bid here'!A:F,4,FALSE) -> #N/A
B54: CVAVA3621XMA | C54: CCVAVA3621XMA | D54: =VLOOKUP(C54,'Paste bid here'!A:F,4,FALSE) -> #N/A
B55: CVAVA3721XMA | C55: CCVAVA3721XMA | D55: =VLOOKUP(C55,'Paste bid here'!A:F,4,FALSE) -> #N/A
B56: CVAVA3817XMA | C56: CCVAVA3817XMA | D56: =VLOOKUP(C56,'Paste bid here'!A:F,4,FALSE) -> #N/A
... B66: CVAVA6124XMA | C66: CCVAVA6124XMA | D66: =VLOOKUP(C66,'Paste bid here'!A:F,4,FALSE) -> #N/A
A67: R454B MULTIPOISE CASED V COIL | B67: CVAMA2414XMA | C67: CCVAMA2414XMA | D67: =VLOOKUP(C67,'Paste bid here'!A:F,4,FALSE) -> #N/A
B68: CVAMA2417XMA | C68: CCVAMA2417XMA | D68: =VLOOKUP(C68,'Paste bid here'!A:F,4,FALSE) -> #N/A
B69: CVAMA2517XMA | C69: CCVAMA2517XMA | D69: =VLOOKUP(C69,'Paste bid here'!A:F,4,FALSE) -> #N/A
B70: CVAMA3017XMA | C70: CCVAMA3017XMA | D70: =VLOOKUP(C70,'Paste bid here'!A:F,4,FALSE) -> #N/A
B71: CVAMA3117XMA | C71: CCVAMA3117XMA | D71: =VLOOKUP(C71,'Paste bid here'!A:F,4,FALSE) -> #N/A
B72: CVAMA3217XMA | C72: CCVAMA3217XMA | D72: =VLOOKUP(C72,'Paste bid here'!A:F,4,FALSE) -> #N/A
B73: CVAMA3617XMA | C73: CCVAMA3617XMA | D73: =VLOOKUP(C73,'Paste bid here'!A:F,4,FALSE) -> #N/A
B74: CVAMA4221XMA | C74: CCVAMA4221XMA | D74: =VLOOKUP(C74,'Paste bid here'!A:F,4,FALSE) -> #N/A
B75: CVAMA4321XMA | C75: CCVAMA4321XMA | D75: =VLOOKUP(C75,'Paste bid here'!A:F,4,FALSE) -> #N/A
B76: CVAMA4421XMA | C76: CCVAMA4421XMA | D76: =VLOOKUP(C76,'Paste bid here'!A:F,4,FALSE) -> #N/A
B77: CVAMA4821XMA | C77: CCVAMA4821XMA | D77: =VLOOKUP(C77,'Paste bid here'!A:F,4,FALSE) -> #N/A
B78: CVAMA4921XMA | C78: CCVAMA4921XMA | D78: =VLOOKUP(C78,'Paste bid here'!A:F,4,FALSE) -> #N/A
B79: CVAMA6021XMA | C79: CCVAMA6021XMA | D79: =VLOOKUP(C79,'Paste bid here'!A:F,4,FALSE) -> #N/A
... B81: CVAMA6124XMA | C81: CCVAMA6124XMA | D81: =VLOOKUP(C81,'Paste bid here'!A:F,4,FALSE) -> #N/A
A82: R454B MULTIPOISE CASED A COIL | B82: CAAMP1917AMA | C82: CCAAMP1917AMA | D82: =VLOOKUP(C82,'Paste bid here'!A:F,4,FALSE) -> #N/A
B83: CAAMP2414AMA | C83: CCAAMP2414AMA | D83: =VLOOKUP(C83,'Paste bid here'!A:F,4,FALSE) -> #N/A
B84: CAAMP2417AMA | C84: CCAAMP2417AMA | D84: =VLOOKUP(C84,'Paste bid here'!A:F,4,FALSE) -> #N/A
B85: CAAMP2517AMA | C85: CCAAMP2517AMA | D85: =VLOOKUP(C85,'Paste bid here'!A:F,4,FALSE) -> #N/A
B86: CAAMP3014AMA | C86: CCAAMP3014AMA | D86: =VLOOKUP(C86,'Paste bid here'!A:F,4,FALSE) -> #N/A
B87: CAAMP3017AMA | C87: CCAAMP3017AMA | D87: =VLOOKUP(C87,'Paste bid here'!A:F,4,FALSE) -> #N/A
B88: CAAMP3617AMA | C88: CCAAMP3617AMA | D88: =VLOOKUP(C88,'Paste bid here'!A:F,4,FALSE) -> #N/A
B89: CAAMP3717AMA | C89: CCAAMP3717AMA | D89: =VLOOKUP(C89,'Paste bid here'!A:F,4,FALSE) -> #N/A
B90: CAAMP3721AMA | C90: CCAAMP3721AMA | D90: =VLOOKUP(C90,'Paste bid here'!A:F,4,FALSE) -> #N/A
B91: CAAMP4221AMA | C91: CCAAMP4221AMA | D91: =VLOOKUP(C91,'Paste bid here'!A:F,4,FALSE) -> #N/A
B92: CAAMP4321AMA | C92: CCAAMP4321AMA | D92: =VLOOKUP(C92,'Paste bid here'!A:F,4,FALSE) -> #N/A
B93: CAAMP4821AMA | C93: CCAAMP4821AMA | D93: =VLOOKUP(C93,'Paste bid here'!A:F,4,FALSE) -> #N/A
B94: CAAMP6024AMA | C94: CCAAMP6024AMA | D94: =VLOOKUP(C94,'Paste bid here'!A:F,4,FALSE) -> #N/A
... B96: CAAMP6124AMA | C96: CCAAMP6124AMA | D96: =VLOOKUP(C96,'Paste bid here'!A:F,4,FALSE) -> #N/A
A97: R454B NAVA5 UNCASED MOBILE HOME COIL | B97: FOR USE W/ SMART COMFORT BY CARRIER FAN COILS
B99: NAVA53601CK | C99: INAVA53601CK | D99: =VLOOKUP(C99,'Paste bid here'!A:F,4,FALSE) -> #N/A | E99: 1.5-3T DNFL UNCSD ASSY COIL R454B
B100: NAVA54801CK | C100: INAVA54801CK | D100: =VLOOKUP(C100,'Paste bid here'!A:F,4,FALSE) -> #N/A | E100: 3.5-4T DNFL UNCSD ASSY COIL R454B
B101: NAVA56001CK | C101: INAVA56001CK | D101: =VLOOKUP(C101,'Paste bid here'!A:F,4,FALSE) -> #N/A | E101: 5T DNFL UNCSD ASSY COIL R454B
B102: NAXA50110TK | C102: INAXA50110TK | D102: =VLOOKUP(C102,'Paste bid here'!A:F,4,FALSE) -> #N/A | E102: R454B WIRE HARNESS KIT 10 PACK
B103: MOBILE HOME APPROVED
A106: AIR CONDITIONERS
A107: R454B PERFORMANCE 18 SEER2 2-STAGE AC | B107: 26TPA824W003 | C107: C26TPA824W003 | D107: =VLOOKUP(C107,'Paste bid here'!A:F,4,FALSE) -> #N/A | E107: BEST
B108: 26TPA836W003 | C108: C26TPA836W003 | D108: =VLOOKUP(C108,'Paste bid here'!A:F,4,FALSE) -> #N/A
B109: 26TPA848W003 | C109: C26TPA848W003 | D109: =VLOOKUP(C109,'Paste bid here'!A:F,4,FALSE) -> #N/A
B110: 26TPA860W003 | C110: C26TPA860W003 | D110: =VLOOKUP(C110,'Paste bid here'!A:F,4,FALSE) -> #N/A
A111: R454B PERFORMANCE 16 SEER2 1-STAGE AC | B111: 26SPA618W003 | C111: C26SPA618W003 | D111: =VLOOKUP(C111,'Paste bid here'!A:F,4,FALSE) -> #N/A | E111: BETTER
B112: 26SPA624W003 | C112: C26SPA624W003 | D112: =VLOOKUP(C112,'Paste bid here'!A:F,4,FALSE) -> #N/A
B113: 26SPA630W003 | C113: C26SPA630W003 | D113: =VLOOKUP(C113,'Paste bid here'!A:F,4,FALSE) -> #N/A
B114: 26SPA636W003 | C114: C26SPA636W003 | D114: =VLOOKUP(C114,'Paste bid here'!A:F,4,FALSE) -> #N/A
B115: 26SPA642W003 | C115: C26SPA642W003 | D115: =VLOOKUP(C115,'Paste bid here'!A:F,4,FALSE) -> #N/A
B116: 26SPA648W003 | C116: C26SPA648W003 | D116: =VLOOKUP(C116,'Paste bid here'!A:F,4,FALSE) -> #N/A
B117: 26SPA660W003 | C117: C26SPA660W003 | D117: =VLOOKUP(C117,'Paste bid here'!A:F,4,FALSE) -> #N/A
...

Sheet CROSSOVER SYSTEMS
C1: R454B Ducted Solutions Quick Reference Guide | R1: Ductless Systems
A2: AHRI Rated Btu's | E2: Indoor Unit w/ | K2: Additional | O2: Maximum | P2: Maximum | Q2: Maximum | R2: Maximum
A3: Cooling @ 95°F / | B3: SEER2 | C3: EER2 | D3: HSPF2 | E3: Factory Installed | F3: Indoor Unit | G3: Outdoor Unit With | H3: Outdoor Unit | I3: Line Set | J3: Max. Line | K3: Charge | L3: Max. Lift | M3: MCA / MOCP | N3: Recommended | O3: Heating BTU's at | P3: Heating BTU's at | Q3: Cooling BTU's at | R3: Cooling BTU's at
A4: Heating @ 47°F | E4: 24V Interface | F4: Price | G4: Base Pan Heater | H4: Price | I4: Liquid x Suction | J4: Length | K4: >25ft | N4: Fuse Size | O4: -5F [-20F] | P4: 5F [-15C] | Q4: 113⁰F | R4: 122⁰F
O5: At 69°F Indoor DB | Q5: At 75.2°F Indoor DB
A6: This Sheet is not intended to replace the Installation Instructions. It is a reference guide only. Always read through the Installation Instructions.
A7: Performance™ Series AHU 1:1 Heat Pump Systems w/ Factory Installed 24V Interface
A8: 18,000/19,500 | B8: 18.2 | C8: 12 | D8: 10.1 | E8: C45MBAAQ18XB3 | F8: =VLOOKUP(E8,'Paste bid here'!A:F,6,FALSE) -> #N/A | G8: C37MAHAQ18AA3 | H8: =VLOOKUP(G8,'Paste bid here'!A:F,6,FALSE) -> #N/A | I8: 1/4" x 1/2" | J8: 98.42' | K8: .16 Oz/Ft | L8: 65.62' | M8: 19A / 20A | N8: 20A | O8: 15484 | P8: 18688 | Q8: 17391 | R8: 12157
A9: 23,000/26,000 | B9: 18.8 | C9: 12 | D9: 10 | E9: C45MBAAQ24XB3 | F9: =VLOOKUP(E9,'Paste bid here'!A:F,6,FALSE) -> #N/A | G9: C37MAHAQ24AA3 | H9: =VLOOKUP(G9,'Paste bid here'!A:F,6,FALSE) -> #N/A | I9: 3/8" x 5/8" | J9: 164.04' | K9: .32 Oz/Ft | L9: 82.02' | M9: 24.9A / 25A | N9: 25A | O9: 19483 | P9: 24689 | Q9: 25819 | R9: 16531
A10: 33,000/35,000 | B10: 16.7 | C10: 11.7 | D10: 10 | E10: C45MBAAQ36XB3 | F10: =VLOOKUP(E10,'Paste bid here'!A:F,6,FALSE) -> #N/A | G10: C37MAHAQ33AA3 | H10: =VLOOKUP(G10,'Paste bid here'!A:F,6,FALSE) -> #N/A | I10: 3/8" x 3/4" | J10: 164.04' | K10: .32 Oz/Ft | L10: 82.02' | M10: 38A / 40A | N10: 40A | O10: 29944 | P10: 35826 | Q10: 34216 | R10: 15385
A11: Performance Series Horizontal Discharge AHU 1:1 Heat Pump Split Systems (Crossover Solutions)
A12: 18,000/18,000 | B12: 19 | C12: 12.5 | D12: 10.2 | E12: C45MUHAQ24XX3 | F12: =VLOOKUP(E12,'Paste bid here'!A:F,6,FALSE) -> #N/A | G12: C37MUHAQ18AA3 | H12: =VLOOKUP(G12,'Paste bid here'!A:F,6,FALSE) -> #N/A | I12: 3/8" x 3/4" | J12: 98.42' | K12: .70 Oz/ft | L12: 65.62' | M12: 16A / 20A | N12: 20A | O12: 16514 | P12: 19261 | Q12: 17916 | R12: 14214
A13: 24,000/24,000 | B13: 18.7 | C13: 12 | D13: 10 | E13: C45MUHAQ24XX3 | F13: =VLOOKUP(E13,'Paste bid here'!A:F,6,FALSE) -> #N/A | G13: C37MUHAQ24AA3 | H13: =VLOOKUP(G13,'Paste bid here'!A:F,6,FALSE) -> #N/A | I13: 3/8" x 3/4" | J13: 164.04' | K13: .70 Oz/ft | L13: 82.02' | M13: 19A / 20A | N13: 20A | O13: 17927 | P13: 21458 | Q13: 23751 | R13: 17725
A14: 30,000/33,000 | B14: 17.2 | C14: 12.1 | D14: 10.8 | E14: C45MUHAQ36XX3 | F14: =VLOOKUP(E14,'Paste bid here'!A:F,6,FALSE) -> #N/A | G14: C37MUHAQ30AA3 | H14: =VLOOKUP(G14,'Paste bid here'!A:F,6,FALSE) -> #N/A | I14: 3/8" x 3/4" | J14: 164.04' | K14: .70 Oz/ft | L14: 82.02' | M14: 29.5A / 30A | N14: 30A | O14: 27252 | P14: 33236 | Q14: 32779 | R14: 20649
A15: 36,000/37,000 | B15: 18 | C15: 12 | D15: 10 | E15: C45MUHAQ36XX3 | F15: =VLOOKUP(E15,'Paste bid here'!A:F,6,FALSE) -> #N/A | G15: C37MUHAQ36AA3 | H15: =VLOOKUP(G15,'Paste bid here'!A:F,6,FALSE) -> #N/A | I15: 3/8" x 3/4" | J15: 246' | K15: .70 Oz/ft | L15: 98.43' | M15: 29A / 30A | N15: 30A | O15: 37170 | P15: 38436 | Q15: 38525 | R15: 24495
A16: 48,000/48,000 | B16: 17.5 | C16: 12 | D16: 9.5 | E16: C45MUHAQ60XX3 | F16: =VLOOKUP(E16,'Paste bid here'!A:F,6,FALSE) -> #N/A | G16: C37MUHAQ48AA3 | H16: =VLOOKUP(G16,'Paste bid here'!A:F,6,FALSE) -> #N/A | I16: 3/8" x 3/4" | J16: 246' | K16: .70 Oz/ft | L16: 98.43' | M16: 38A / 40A | N16: 40A | O16: 43387 | P16: 48328 | Q16: 45560 | R16: 32789
A17: 54,000/55,000 | B17: 17.5 | C17: 12 | D17: 9.5 | E17: C45MUHAQ60XX3 | F17: =VLOOKUP(E17,'Paste bid here'!A:F,6,FALSE) -> #N/A | G17: C37MUHAQ60AA3 | H17: =VLOOKUP(G17,'Paste bid here'!A:F,6,FALSE) -> #N/A | I17: 3/8" x 3/4" | J17: 246' | K17: .70 Oz/ft | L17: 98.43' | M17: 40A / 40A | N17: 40A | O17: 49989 | P17: 56830 | Q17: 53125 | R17: 33738
A18: Performance Series Horizontal Discharge AHU 1:1 Heat Pump Split Systems (Crossover Solutions)
A19: note: 18k/24k IDU Capacity select via dip switch and must match ODU size
A20: 18,000/19,000 | B20: 19 | C20: 12.5 | D20: 9.8 | E20: C45MUAAQ18XX3 | F20: =VLOOKUP(E20,'Paste bid here'!A:F,6,FALSE) -> #N/A | G20: C37MUHAQ18AA3 | H20: =VLOOKUP(G20,'Paste bid here'!A:F,6,FALSE) -> #N/A | I20: 3/8" x 3/4" | J20: 98.42' | K20: .70 Oz/ft | L20: 65.62' | M20: 16A / 20A | N20: 20A | O20: 16780 | P20: 19813 | Q20: 18855 | R20: 15316
A21: 23,000/24,000 | B21: 18.4 | C21: 11.7 | D21: 10 | E21: C45MUAAQ24XX3 | F21: =VLOOKUP(E21,'Paste bid here'!A:F,6,FALSE) -> #N/A | G21: C37MUHAQ24AA3 | H21: =VLOOKUP(G21,'Paste bid here'!A:F,6,FALSE) -> #N/A | I21: 3/8" x 3/4" | J21: 164.04' | K21: .70 Oz/ft | L21: 82.02' | M21: 19A / 20A | N21: 20A | O21: 17309 | P21: 22891 | Q21: 25051 | R21: 16371
A22: 30,000/34,000 | B22: 16.9 | C22: 11.7 | D22: 10 | E22: C45MUAAQ30XX3 | F22: =VLOOKUP(E22,'Paste bid here'!A:F,6,FALSE) -> #N/A | G22: C37MUHAQ30AA3 | H22: =VLOOKUP(G22,'Paste bid here'!A:F,6,FALSE) -> #N/A | I22: 3/8" x 3/4" | J22: 164.04' | K22: .70 Oz/ft | L22: 82.02' | M22: 29.5A / 30A | N22: 30A | O22: 28190 | P22: 33287 | Q22: 32404 | R22: 21287
A23: 36,000/37,000 | B23: 17.4 | C23: 11.7 | D23: 10.3 | E23: C45MUAAQ36XX3 | F23: =VLOOKUP(E23,'Paste bid here'!A:F,6,FALSE) -> #N/A | G23: C37MUHAQ36AA3 | H23: =VLOOKUP(G23,'Paste bid here'!A:F,6,FALSE) -> #N/A | I23: 3/8" x 3/4" | J23: 246' | K23: .70 Oz/ft | L23: 98.43' | M23: 29A / 30A | N23: 30A | O23: 35662 | P23: 41538 | Q23: 36996 | R23: 24959
A24: 48,000/50,000 | B24: 16.5 | C24: 10.5 | D24: 9.5 | E24: C45MUAAQ48XX3 | F24: =VLOOKUP(E24,'Paste bid here'!A:F,6,FALSE) -> #N/A | G24: C37MUHAQ48AA3 | H24: =VLOOKUP(G24,'Paste bid here'!A:F,6,FALSE) -> #N/A | I24: 3/8" x 3/4" | J24: 246' | K24: .70 Oz/ft | L24: 98.43' | M24: 38A / 40A | N24: 40A | O24: 40674 | P24: 46850 | Q24: 42234 | R24: 30465
A25: 54,000/56,000 | B25: 16 | C25: 10 | D25: 9 | E25: C45MUAAQ60XX3 | F25: =VLOOKUP(E25,'Paste bid here'!A:F,6,FALSE) -> #N/A | G25: C37MUHAQ60AA3 | H25: =VLOOKUP(G25,'Paste bid here'!A:F,6,FALSE) -> #N/A | I25: 3/8" x 3/4" | J25: 246' | K25: .70 Oz/ft | L25: 98.43' | M25: 40A / 40A | N25: 40A | O25: 46714 | P25: 54228 | Q25: 50848 | R25: 34671
A26: Comfort Series Horizontal Discharge AHU 1:1 High Capacity Heat Pump Split Systems (Crossover Solutions)
A27: note: 18k/24k IDU Capacity select via dip switch and must match ODU size
A28: 18,000/18,000 | B28: 18.8 | C28: 11 | D28: 9.2 | E28: C45MUAAQ18XX3 | F28: =VLOOKUP(E28,'Paste bid here'!A:F,6,FALSE) -> #N/A | G28: C37MURAQ18AA3 | H28: =VLOOKUP(G28,'Paste bid here'!A:F,6,FALSE) -> #N/A | I28: 3/8" x 3/4" | J28: 98.42' | K28: .70 Oz/ft | L28: 65.62' | M28: 16A / 20A | N28: 20A | O28: 9175 | P28: 11379 | Q28: 15815 | R28: 9543
A29: 24,000/26,000 | B29: 18.2 | C29: 11 | D29: 9.7 | E29: C45MUAAQ24XX3 | F29: =VLOOKUP(E29,'Paste bid here'!A:F,6,FALSE) -> #N/A | G29: C37MURAQ24AA3 | H29: =VLOOKUP(G29,'Paste bid here'!A:F,6,FALSE) -> #N/A | I29: 3/8" x 3/4" | J29: 164.04' | K29: .70 Oz/ft | L29: 82.02' | M29: 19A / 20A | N29: 20A | O29: 16963 | P29: 22433 | Q29: 24550 | R29: 16043
A30: 30,000/31,000 | B30: 17 | C30: 10.8 | D30: 8.5 | E30: C45MUAAQ30XX3 | F30: =VLOOKUP(E30,'Paste bid here'!A:F,6,FALSE) -> #N/A | G30: C37MURAQ30AA3 | H30: =VLOOKUP(G30,'Paste bid here'!A:F,6,FALSE) -> #N/A | I30: 3/8" x 3/4" | J30: 164.04' | K30: .70 Oz/ft | L30: 82.02' | M30: 22.5A / 25A | N30: 25A | O30: 15521 | P30: 19356 | Q30: 29603 | R30: 14498
A31: 36,000/36,000 | B31: 16.2 | C31: 10 | D31: 8.7 | E31: C45MUAAQ36XX3 | F31: =VLOOKUP(E31,'Paste bid here'!A:F,6,FALSE) -> #N/A | G31: C37MURAQ36AA3 | H31: =VLOOKUP(G31,'Paste bid here'!A:F,6,FALSE) -> #N/A | I31: 3/8" x 3/4" | J31: 246' | K31: .70 Oz/ft | L31: 98.42' | M31: 24A / 30A | N31: 30A | O31: 22765 | P31: 26515 | Q31: 32032 | R31: 18926
A32: 48,000/48,000 | B32: 16 | C32: 10 | D32: 8.5 | E32: C45MUAAQ48XX3 | F32: =VLOOKUP(E32,'Paste bid here'!A:F,6,FALSE) -> #N/A | G32: C37MURAQ48AA3 | H32: =VLOOKUP(G32,'Paste bid here'!A:F,6,FALSE) -> #N/A | I32: 3/8" x 3/4" | J32: 246' | K32: .70 Oz/ft | L32: 98.42' | M32: 36A / 40A | N32: 40A | O32: 35908 | P32: 43152 | Q32: 42022 | R32: 30316
A33: 54,000/54,000 | B33: 15.2 | C33: 8.7 | D33: 8.4 | E33: C45MUAAQ60XX3 | F33: =VLOOKUP(E33,'Paste bid here'!A:F,6,FALSE) -> #N/A | G33: C37MURAQ60AA3 | H33: =VLOOKUP(G33,'Paste bid here'!A:F,6,FALSE) -> #N/A | I33: 3/8" x 3/4" | J33: 246' | K33: .70 Oz/ft | L33: 98.42' | M33: 39A / 40A | N33: 40A | O33: 35597 | P33: 41473 | Q33: 41858 | R33: 32571
A34: Accessory Options:
A35: Accessory Electric Heater Kits for 45MBAA & 45MUAA | G35: ACCESSORY ELECTRIC HEATER KITS FOR 45MUHA | L35: OPTIONAL - Accessory Air Purifiers & Media Filters
A36: Model Number | B36: Size | C36: Size Used With | F36: Price | G36: Model Number | H36: Size | I36: Size Used With | K36: Price | L36: Model Number | N36: Description | P36: Size Used With | R36: Price
A37: CEHKMC05KN | B37: 5 kW | C37: 18k, 24k, 30k, 36k | F37: =VLOOKUP(A37,'Paste bid here'!A:F,6,FALSE) -> #N/A | G37: CEHKMD05KN | H37: 5 kW | I37: 24k, 36k | J37: 24k, 36k | K37: =VLOOKUP(G37,'Paste bid here'!A:F,6,FALSE) -> #N/A | L37: CDGAPAXX1620 | N37: Infinity® Air Purifier Size 1620 | P37: 18k, 24k | R37: =VLOOKUP(L37,'Paste bid here'!A:F,6,FALSE) -> #N/A
A38: CEHKMC08KN | B38: 8 kW | C38: 18k, 24k, 30k, 36k, 48k | F38: =VLOOKUP(A38,'Paste bid here'!A:F,6,FALSE) -> #N/A | G38: CEHKMD08KN | H38: 8 kW | I38: 24k, 36k | J38: 24k, 36k | K38: =VLOOKUP(G38,'Paste bid here'!A:F,6,FALSE) -> #N/A | L38: CDGAPAXX2020 | N38: Infinity® Air Purifier Size 2020 | P38: 30k, 36k, 48k | R38: =VLOOKUP(L38,'Paste bid here'!A:F,6,FALSE) -> #N/A
A39: CEHKMC10KN | B39: 10 kW | C39: 18k, 23k, 30k, 36k, 48k, 60k | F39: =VLOOKUP(A39,'Paste bid here'!A:F,6,FALSE) -> #N/A | G39: CEHKMD10KN | H39: 10 kW | I39: 24k, 36k, 60k | J39: 24k, 36k, 60k | K39: =VLOOKUP(G39,'Paste bid here'!A:F,6,FALSE) -> #N/A | L39: CDGAPAXX2420 | N39: Infinity® Air Purifier Size 2420 | P39: 60k | R39: =VLOOKUP(L39,'Paste bid here'!A:F,6,FALSE) -> #N/A
A40: CEHKMC15KN | B40: 15kW | C40: 24k, 30k, 36k, 48k, 60k | F40: =VLOOKUP(A40,'Paste bid here'!A:F,6,FALSE) -> #N/A | G40: CEHKMD15KN | H40: 15kW | I40: 24k, 36k, 60k | J40: 24k, 36k, 60k | K40: =VLOOKUP(G40,'Paste bid here'!A:F,6,FALSE) -> #N/A | L40: HF100F1620 | M40: HF100F1620 | N40: RESIDEO 4" MEDIA CABINET | P40: 1200cfm | R40: =VLOOKUP(L40,'Paste bid here'!A:F,6,FALSE) -> #N/A
A41: CEHKMC20KN | B41: 20 kW | C41: 36k, 48k, 60k | F41: =VLOOKUP(A41,'Paste bid here'!A:F,6,FALSE) -> #N/A | G41: CEHKMD20KN | H41: 20 kW | I41: 36k, 60k | J41: 36k, 60k | K41: =VLOOKUP(G41,'Paste bid here'!A:F,6,FALSE) -> #N/A | L41: HF100F2020 | N41: RESIDEO 4" MEDIA CABINET | P41: 1400cfm | R41: =VLOOKUP(L41,'Paste bid here'!A:F,6,FALSE) -> #N/A
A42: CEHKMC25KN | B42: 25 kW | C42: 60k | F42: =VLOOKUP(A42,'Paste bid here'!A:F,6,FALSE) -> #N/A | G42: CEHKMD25KN | H42: 25 kW | I42: 60k | J42: 60k | K42: =VLOOKUP(G42,'Paste bid here'!A:F,6,FALSE) -> #N/A | L42: HF100F2044 | N42: RESIDEO 4" MEDIA CABINET | P42: 2000cfm | R42: =VLOOKUP(L42,'Paste bid here'!A:F,6,FALSE) -> #N/A
A43: Installation Note: A separate power supply is required for an Auxiliary Electric Heater beyond 10kw heat strip sizes. Single point available up to 10kw sizes. Do not power the electric heater directly from the outdoor unit. Always follow the recommendations on the Installation Instructions.
A44: System Installation Notes:
A45: *The 45MUAA, 45MUHA, 37MURA, and 37MUHA systems are powered seperately. The data supplied from MCA, MOCP, and Recommended Fuse Size is for the outdoor unit.
A46: The minimum line length for all systems is 10'
A47: 45MUAA/45MUHA systems allow for either Non-Polarity RS485 or 24V Communication. Refer to the system's Product Data for more information on required wiring depending on communication style.
A48: 45MUAA Heat Pump systems require the use of a 3/8" bi-flow liquid line filter drier. The use of filter driers is not allowed on any other ductless style system.
A49: Warranty Information
A50: Residential & Multi-Family Applications: 10 year limited warranty to original purchaser on compressor and parts when system is *registered within 90-days of installation. *Registration not required in CA and Quebec .
A51: Commercial Applications: 7 year limited warranty to original purchaser on compressor and parts. See Warranty documents for full details

Sheet DUCTLESS Single-Zone
E1: R454B Single Zone Quick Reference Guide | R1: Ductless Systems
A2: AHRI Rated Btu's | E2: Indoor Unit With Wireless Remote | F2: Indoor Unit Price | G2: Outdoor Unit With Base Pan Heater | H2: Outdoor Unit Price | I2: Line Set Liquid x Suction | J2: Max. Line Length | K2: Additional | L2: Max. Lift | N2: Recommended Fuse Size | O2: Maximum | P2: Maximum | Q2: Maximum | R2: Maximum
A3: Cooling @ 95°F / | B3: SEER2 | C3: EER2 | D3: HSPF2 | K3: Charge | M3: MCA / MOCP | O3: Heating BTU's | P3: Heating BTU's | Q3: Cooling BTU's | R3: Cooling BTU's
A4: Heating @ 47°F | K4: >25ft | O4: at -4⁰F | P4: at 5⁰F | Q4: at 110⁰F | R4: at 122⁰F
A5: This Sheet is not intended to replace the Installation Instructions. It is a reference guide only. Always read through the Installation Instructions.
A6: Infinity™ Series High Wall 1:1 Heat Pump Systems
A7: 6,000/9,000 | B7: 35.1 | C7: 17.5 | D7: 30 | E7: C45MPHAQ06XA3 | F7: =VLOOKUP(E7,'Paste bid here'!A:F,6,FALSE) -> #N/A | G7: C37MPRAQ06AA3 | H7: =VLOOKUP(G7,'Paste bid here'!A:F,6,FALSE) -> #N/A | I7: 1/4" x 3/8" | J7: 82.02' | K7: .16 Oz/Ft | L7: 49.21' | M7: 16A / 20A | N7: 20A | O7: 10130 | P7: 13965 | Q7: 15085 | R7: 7892
A8: 9,000/12,000 | B8: 33.5 | C8: 17 | D8: 22 | E8: C45MPHAQ09XA3 | F8: =VLOOKUP(E8,'Paste bid here'!A:F,6,FALSE) -> #N/A | G8: C37MPRAQ09AA3 | H8: =VLOOKUP(G8,'Paste bid here'!A:F,6,FALSE) -> #N/A | I8: 1/4" x 3/8" | J8: 82.02' | K8: .16 Oz/Ft | L8: 49.21' | M8: 16A / 20A | N8: 20A | O8: 10130 | P8: 13965 | Q8: 15085 | R8: 7892
A9: 12,000/12,000 | B9: 29.5 | C9: 14.3 | D9: 14.5 | E9: C45MPHAQ12XA3 | F9: =VLOOKUP(E9,'Paste bid here'!A:F,6,FALSE) -> #N/A | G9: C37MPRAQ12AA3 | H9: =VLOOKUP(G9,'Paste bid here'!A:F,6,FALSE) -> #N/A | I9: 1/4" x 3/8" | J9: 82.02' | K9: .16 Oz/Ft | L9: 49.21' | M9: 16A / 20A | N9: 20A | O9: 10130 | P9: 13965 | Q9: 15085 | R9: 7892
A10: 18,000/20,000 | B10: 25.8 | C10: 15 | D10: 16.2 | E10: C45MPHAQ18XA3 | F10: =VLOOKUP(E10,'Paste bid here'!A:F,6,FALSE) -> #N/A | G10: C37MPRAQ18AA3 | H10: =VLOOKUP(G10,'Paste bid here'!A:F,6,FALSE) -> #N/A | I10: 3/8" x 5/8" | J10: 164.04' | K10: .32 Oz/Ft | L10: 82.02' | M10: 24.9A / 25A | N10: 25A | O10: 20482 | P10: 24809 | Q10: 23263 | R10: 13286
A11: Performance™ Series High Wall 1:1 Heat Pump Systems
A12: 6,000/7,000 | B12: 25.7 | C12: 18 | D12: 14.8 | E12: C45MAHAQ06XA3 | F12: =VLOOKUP(E12,'Paste bid here'!A:F,6,FALSE) -> #N/A | G12: C37MAHAQ06AA3 | H12: =VLOOKUP(G12,'Paste bid here'!A:F,6,FALSE) -> #N/A | I12: 1/4" x 3/8" | J12: 82.02' | K12: .16 Oz/Ft | L12: 49.21' | M12: 12A / 15A | N12: 15A | O12: 5125 | P12: 7700 | Q12: 10717 | R12: 7571
A13: 9,000/12,000 | B13: 27.5 | C13: 15.5 | D13: 12.5 | E13: C45MAHAQ09XA3 | F13: =VLOOKUP(E13,'Paste bid here'!A:F,6,FALSE) -> #N/A | G13: C37MAHAQ09AA3 | H13: =VLOOKUP(G13,'Paste bid here'!A:F,6,FALSE) -> #N/A | I13: 1/4" x 3/8" | J13: 82.02' | K13: .16 Oz/Ft | L13: 49.21' | M13: 15A / 15A | N13: 15A | O13: 8080 | P13: 11500 | Q13: 11215 | R13: 7447
A14: 12,000/12,000 | B14: 25.5 | C14: 13.5 | D14: 10.5 | E14: C45MAHAQ12XA3 | F14: =VLOOKUP(E14,'Paste bid here'!A:F,6,FALSE) -> #N/A | G14: C37MAHAQ12AA3 | H14: =VLOOKUP(G14,'Paste bid here'!A:F,6,FALSE) -> #N/A | I14: 1/4" x 3/8" | J14: 82.02' | K14: .16 Oz/Ft | L14: 49.21' | M14: 15A / 15A | N14: 15A | O14: 9260 | P14: 11500 | Q14: 12194 | R14: 6490
A15: 18,000/18,000 | B15: 21.5 | C15: 12.5 | D15: 11 | E15: C45MAHAQ18XA3 | F15: =VLOOKUP(E15,'Paste bid here'!A:F,6,FALSE) -> #N/A | G15: C37MAHAQ18AA3 | H15: =VLOOKUP(G15,'Paste bid here'!A:F,6,FALSE) -> #N/A | I15: 1/4" x 1/2" | J15: 98.42' | K15: .16 Oz/Ft | L15: 65.62' | M15: 19A / 20A | N15: 20A | O15: 15050 | P15: 18000 | Q15: 14794 | R15: 10590
A16: 24,000/29,000 | B16: 21.2 | C16: 13 | D16: 13.5 | E16: C45MAHAQ24XA3 | F16: =VLOOKUP(E16,'Paste bid here'!A:F,6,FALSE) -> #N/A | G16: C37MAHAQ24AA3 | H16: =VLOOKUP(G16,'Paste bid here'!A:F,6,FALSE) -> #N/A | I16: 3/8" x 5/8" | J16: 164.04' | K16: .32 Oz/Ft | L16: 82.02' | M16: 24.9A / 25A | N16: 25A | O16: 20482 | P16: 24200 | Q16: 23263 | R16: 13286
A17: 33,000/36,000 | B17: 19.6 | C17: 12 | D17: 10.5 | E17: C45MAHAQ33XA3 | F17: =VLOOKUP(E17,'Paste bid here'!A:F,6,FALSE) -> #N/A | G17: C37MAHAQ33AA3 | H17: =VLOOKUP(G17,'Paste bid here'!A:F,6,FALSE) -> #N/A | I17: 3/8" x 3/4" | J17: 164.04' | K17: .32 Oz/Ft | L17: 82.02' | M17: 34A / 35A | N17: 35A | O17: 29178 | P17: 35000 | Q17: 32895 | R17: 21554
A18: 12,000/12,000 | B18: 23.5 | C18: 13 | D18: 9.5 | E18: C45MAHAQ12XA1 | F18: =VLOOKUP(E18,'Paste bid here'!A:F,6,FALSE) -> #N/A | G18: C37MARAQ12AA1 | H18: =VLOOKUP(G18,'Paste bid here'!A:F,6,FALSE) -> #N/A | I18: 1/4" x 3/8" | J18: 82.02' | K18: .16 Oz/Ft | L18: 49.21' | M18: 18A / 20A | N18: 20A | O18: 4374 | P18: 7700 | Q18: 11229 | R18: 6401
A19: Performance™ Series 4-Way Ceiling Cassette 1:1 Heat Pump Systems
A20: 9,000/10,000 | B20: 22.7 | C20: 14 | D20: 12.2 | E20: C45MBCAQ12XA3 | F20: =VLOOKUP(E20,'Paste bid here'!A:F,6,FALSE) -> #N/A | G20: C37MAHAQ09AA3 | H20: =VLOOKUP(G20,'Paste bid here'!A:F,6,FALSE) -> #N/A | I20: 1/4" x 3/8" | J20: 82.02' | K20: .16 Oz/Ft | L20: 49.21' | M20: 15A / 15A | N20: 15A | O20: 7400 | P20: 11000 | Q20: 11100 | R20: 6483
A21: 12,000/12,000 | B21: 23.7 | C21: 12.7 | D21: 11.6 | E21: C45MBCAQ12XA3 | F21: =VLOOKUP(E21,'Paste bid here'!A:F,6,FALSE) -> #N/A | G21: C37MAHAQ12AA3 | H21: =VLOOKUP(G21,'Paste bid here'!A:F,6,FALSE) -> #N/A | I21: 1/4" x 3/8" | J21: 82.02' | K21: .16 Oz/Ft | L21: 49.21' | M21: 15A / 15A | N21: 15A | O21: 7500 | P21: 11500 | Q21: 11700 | R21: 6558
A22: 16,000/19,000 | B22: 20 | C22: 12.5 | D22: 12.4 | E22: C45MBCAQ18XA3 | F22: =VLOOKUP(E22,'Paste bid here'!A:F,6,FALSE) -> #N/A | G22: C37MAHAQ18AA3 | H22: =VLOOKUP(G22,'Paste bid here'!A:F,6,FALSE) -> #N/A | I22: 1/4" x 1/2" | J22: 98.42' | K22: .16 Oz/Ft | L22: 65.62' | M22: 19A / 20A | N22: 20A | O22: 14000 | P22: 17000 | Q22: 14000 | R22: 9879
A23: 23,500/25,000 | B23: 20.8 | C23: 12 | D23: 11.6 | E23: C45MBCAQ24XA3 | F23: =VLOOKUP(E23,'Paste bid here'!A:F,6,FALSE) -> #N/A | G23: C37MAHAQ24AA3 | H23: =VLOOKUP(G23,'Paste bid here'!A:F,6,FALSE) -> #N/A | I23: 3/8" x 5/8" | J23: 164.04' | K23: .32 Oz/Ft | L23: 82.02' | M23: 24.9A / 25A | N23: 25A | O23: 17300 | P23: 23800 | Q23: 21000 | R23: 13293
A24: Ceiling Cassette Grille for 9K, 12K & 18K BTU | F24: C45MBCQ01XXX3 | G24: =VLOOKUP(F24,'Paste bid here'!A:F,6,FALSE) -> #N/A | H24: Ceiling Cassette Grille for 24K, 36K & 48K BTU | M24: C45MBCQ02XXX4 | N24: =VLOOKUP(M24,'Paste bid here'!A:F,6,FALSE) -> #N/A | R24: [Required on all sizes and Sold Separately]
A25: Performance™ Series One-Way Ceiling Cassette 1:1 Heat Pump Systems
A26: 6,500 / 7,100 | B26: 22 | C26: 15.2 | D26: 12 | E26: C45MCCAQ06XA3 | F26: =VLOOKUP(E26,'Paste bid here'!A:F,6,FALSE) -> #N/A | G26: C37MAHAQ06AA3 | H26: =VLOOKUP(G26,'Paste bid here'!A:F,6,FALSE) -> #N/A | I26: 1/4" x 3/8" | J26: 82.02' | K26: .16 Oz/Ft | L26: 49.21' | M26: 12A / 15A | N26: 15A | O26: 6400 | P26: 8100 | Q26: 11200 | R26: 6483
A27: 9,000 / 10,900 | B27: 24 | C27: 14.7 | D27: 12.2 | E27: C45MCCAQ12XA3 | F27: =VLOOKUP(E27,'Paste bid here'!A:F,6,FALSE) -> #N/A | G27: C37MAHAQ09AA3 | H27: =VLOOKUP(G27,'Paste bid here'!A:F,6,FALSE) -> #N/A | I27: 1/4" x 3/8" | J27: 82.02' | K27: .16 Oz/Ft | L27: 49.21' | M27: 15A / 15A | N27: 15A | O27: 8600 | P27: 10600 | Q27: 11200 | R27: 6483
A28: 12,000 / 12,500 | B28: 23 | C28: 13 | D28: 10.2 | E28: C45MCCAQ12XA3 | F28: =VLOOKUP(E28,'Paste bid here'!A:F,6,FALSE) -> #N/A | G28: C37MAHAQ12AA3 | H28: =VLOOKUP(G28,'Paste bid here'!A:F,6,FALSE) -> #N/A | I28: 1/4" x 3/8" | J28: 82.02' | K28: .16 Oz/Ft | L28: 49.21' | M28: 15A / 15A | N28: 15A | O28: 8600 | P28: 11500 | Q28: 11900 | R28: 6558
A29: 16,700 / 20,000 | B29: 20.7 | C29: 12.5 | D29: 12.2 | E29: C45MCCAQ18XA3 | F29: =VLOOKUP(E29,'Paste bid here'!A:F,6,FALSE) -> #N/A | G29: C37MAHAQ18AA3 | H29: =VLOOKUP(G29,'Paste bid here'!A:F,6,FALSE) -> #N/A | I29: 1/4" x 1/2" | J29: 98.42' | K29: .16 Oz/Ft | L29: 65.62' | M29: 19A / 20A | N29: 20A | O29: 14500 | P29: 17500 | Q29: 14500 | R29: 10289
A30: One-Way Cassette units include grill | F30: IDU Capacity select via dip switch and must match ODU size
A31: Performance™ Series Low Static Slim-Ducted 1:1 Heat Pump Systems
A32: 6,500/8,000 | B32: 21.5 | C32: 14.5 | D32: 13.8 | E32: C45MBDAQ06XA3 | F32: =VLOOKUP(E32,'Paste bid here'!A:F,6,FALSE) -> #N/A | G32: C37MAHAQ06AA3 | H32: =VLOOKUP(G32,'Paste bid here'!A:F,6,FALSE) -> #N/A | I32: 1/4" x 3/8" | J32: 82.02' | K32: .16 Oz/Ft | L32: 49.21' | M32: 12A / 15A | N32: 15A | O32: 6302 | P32: 7800 | Q32: 10448 | R32: 7387
A33: 9,000/10,000 | B33: 21.5 | C33: 13.5 | D33: 12.5 | E33: C45MBDAQ12XA3 | F33: =VLOOKUP(E33,'Paste bid here'!A:F,6,FALSE) -> #N/A | G33: C37MAHAQ09AA3 | H33: =VLOOKUP(G33,'Paste bid here'!A:F,6,FALSE) -> #N/A | I33: 1/4" x 3/8" | J33: 82.02' | K33: .16 Oz/Ft | L33: 49.21' | M33: 15A / 15A | N33: 15A | O33: 9704 | P33: 11200 | Q33: 11147 | R33: 6056
A34: 12,000/12,500 | B34: 20 | C34: 12 | D34: 10.2 | E34: C45MBDAQ12XA3 | F34: =VLOOKUP(E34,'Paste bid here'!A:F,6,FALSE) -> #N/A | G34: C37MAHAQ12AA3 | H34: =VLOOKUP(G34,'Paste bid here'!A:F,6,FALSE) -> #N/A | I34: 1/4" x 3/8" | J34: 82.02' | K34: .16 Oz/Ft | L34: 49.21' | M34: 15A / 15A | N34: 15A | O34: 10256 | P34: 11800 | Q34: 11430 | R34: 6220
A35: 17,000/19,000 | B35: 18 | C35: 12 | D35: 10.8 | E35: C45MBDAQ18XA3 | F35: =VLOOKUP(E35,'Paste bid here'!A:F,6,FALSE) -> #N/A | G35: C37MAHAQ18AA3 | H35: =VLOOKUP(G35,'Paste bid here'!A:F,6,FALSE) -> #N/A | I35: 1/4" x 1/2" | J35: 98.42' | K35: .16 Oz/Ft | L35: 65.62' | M35: 19A / 20A | N35: 20A | O35: 15917 | P35: 18000 | Q35: 14525 | R35: 10543
A36: Performance™ Series High Static Slim-Ducted 1:1 Heat Pump Systems
A37: 9,000/9,900 | B37: 20.6 | C37: 14 | D37: 13.8 | E37: C45MBDAQ12XH3 | F37: =VLOOKUP(E37,'Paste bid here'!A:F,6,FALSE) -> #N/A | G37: C37MAHAQ09AA3 | H37: =VLOOKUP(G37,'Paste bid here'!A:F,6,FALSE) -> #N/A | I37: 1/4" x 3/8" | J37: 82.02' | K37: .16 Oz/Ft | L37: 49.21' | M37: 15A / 15A | N37: 15A | O37: 8448 | P37: 11900 | Q37: 11048 | R37: 6060
A38: 12,000/12,000 | B38: 20.2 | C38: 12 | D38: 10.6 | E38: C45MBDAQ12XH3 | F38: =VLOOKUP(E38,'Paste bid here'!A:F,6,FALSE) -> #N/A | G38: C37MAHAQ12AA3 | H38: =VLOOKUP(G38,'Paste bid here'!A:F,6,FALSE) -> #N/A | I38: 1/4" x 3/8" | J38: 82.02' | K38: .16 Oz/Ft | L38: 49.21' | M38: 15A / 15A | N38: 15A | O38: 10171 | P38: 12000 | Q38: 11089 | R38: 6537
A39: 24,000/26,000 | B39: 19.2 | C39: 12 | D39: 11.7 | E39: C45MBDAQ24XH3 | F39: =VLOOKUP(E39,'Paste bid here'!A:F,6,FALSE) -> #N/A | G39: C37MAHAQ24AA3 | H39: =VLOOKUP(G39,'Paste bid here'!A:F,6,FALSE) -> #N/A | I39: 3/8" x 5/8" | J39: 164.04' | K39: .32 Oz/Ft | L39: 82.02' | M39: 24.9A / 25A | N39: 25A | O39: 19339 | P39: 24000 | Q39: 20858 | R39: 13979
A40: Performance™ Series Floor Console 1:1 Heat Pump Systems
A41: 9,000/9,000 | B41: 27.3 | C41: 15.2 | D41: 10.9 | E41: C45MBFAQ09XA3 | F41: =VLOOKUP(E41,'Paste bid here'!A:F,6,FALSE) -> #N/A | G41: C37MAHAQ09AA3 | H41: =VLOOKUP(G41,'Paste bid here'!A:F,6,FALSE) -> #N/A | I41: 1/4" x 3/8" | J41: 82.02' | K41: .16 Oz/Ft | L41: 49.21' | M41: 15A / 15A | N41: 15A | O41: 8100 | P41: 11300 | Q41: 11300 | R41: 6483
A42: 12,000/12,000 | B42: 25 | C42: 12.7 | D42: 10.6 | E42: C45MBFAQ12XA3 | F42: =VLOOKUP(E42,'Paste bid here'!A:F,6,FALSE) -> #N/A | G42: C37MAHAQ12AA3 | H42: =VLOOKUP(G42,'Paste bid here'!A:F,6,FALSE) -> #N/A | I42: 1/4" x 3/8" | J42: 82.02' | K42: .16 Oz/Ft | L42: 49.21' | M42: 15A / 15A | N42: 15A | O42: 8200 | P42: 11300 | Q42: 11600 | R42: 6558
A43: 16,000/17,000 | B43: 20.2 | C43: 12.5 | D43: 10.2 | E43: C45MBFAQ16XA3 | F43: =VLOOKUP(E43,'Paste bid here'!A:F,6,FALSE) -> #N/A | G43: C37MAHAQ18AA3 | H43: =VLOOKUP(G43,'Paste bid here'!A:F,6,FALSE) -> #N/A | I43: 1/4" x 1/2" | J43: 98.42' | K43: .16 Oz/Ft | L43: 65.62' | M43: 19A / 20A | N43: 20A | O43: 13600 | P43: 17500 | Q43: 13000 | R43: 9107
A44: Performance™ Series Under Ceiling Console 1:1 Heat Pump Systems
A45: 18,000/18,000 | B45: 22.4 | C45: 12.5 | D45: 10.4 | E45: C45MCFAQ18XA3 | F45: =VLOOKUP(E45,'Paste bid here'!A:F,6,FALSE) -> #N/A | G45: C37MAHAQ18AA3 | H45: =VLOOKUP(G45,'Paste bid here'!A:F,6,FALSE) -> #N/A | I45: 1/4" x 1/2" | J45: 98.42' | K45: .16 Oz/Ft | L45: 65.62' | M45: 19A / 20A | N45: 20A | O45: 14500 | P45: 17000 | Q45: 14500 | R45: 10289
A46: Comfort™ Series High Wall 1:1 Heat Pump Systems
A47: 9,000/10,000 | B47: 21.5 | C47: 12.5 | D47: 9.1 | E47: C45MHHAQ09XC1 | F47: =VLOOKUP(E47,'Paste bid here'!A:F,6,FALSE) -> #N/A | G47: C37MHRAQ09AA1 | H47: =VLOOKUP(G47,'Paste bid here'!A:F,6,FALSE) -> #N/A | I47: 1/4" x 3/8" | J47: 82.02' | K47: .16 Oz/Ft | L47: 49.21' | M47: 18A / 20A | N47: 20A | P47: 6797 | Q47: 8585 | R47: 6128
A48: 12,000/12,000 | B48: 21.4 | C48: 10 | D48: 8.7 | E48: C45MHHAQ12XC1 | F48: =VLOOKUP(E48,'Paste bid here'!A:F,6,FALSE) -> #N/A | G48: C37MHRAQ12AA1 | H48: =VLOOKUP(G48,'Paste bid here'!A:F,6,FALSE) -> #N/A | I48: 1/4" x 3/8" | J48: 82.02' | K48: .16 Oz/Ft | L48: 49.21' | M48: 19A / 20A | N48: 20A | P48: 6264 | Q48: 9325 | R48: 4917
A49: 9,000/10,000 | B49: 21.7 | C49: 12.6 | D49: 9.4 | E49: C45MHHAQ09XC3 | F49: =VLOOKUP(E49,'Paste bid here'!A:F,6,FALSE) -> #N/A | G49: C37MHRAQ09AA3 | H49: =VLOOKUP(G49,'Paste bid here'!A:F,6,FALSE) -> #N/A | I49: 1/4" x 3/8" | J49: 82.02' | K49: .16 Oz/Ft | L49: 49.21' | M49: 12A / 15A | N49: 15A | P49: 6459 | Q49: 8759 | R49: 6483
A50: 12,000/12,000 | B50: 21.4 | C50: 10.8 | D50: 9.2 | E50: C45MHHAQ12XC3 | F50: =VLOOKUP(E50,'Paste bid here'!A:F,6,FALSE) -> #N/A | G50: C37MHRAQ12AA3 | H50: =VLOOKUP(G50,'Paste bid here'!A:F,6,FALSE) -> #N/A | I50: 1/4" x 3/8" | J50: 82.02' | K50: .16 Oz/Ft | L50: 49.21' | M50: 13A / 15A | N50: 15A | P50: 7752 | Q50: 9427 | R50: 4640
A51: 18,000/18,800 | B51: 20.3 | C51: 11.5 | D51: 9.1 | E51: C45MHHAQ18XC3 | F51: =VLOOKUP(E51,'Paste bid here'!A:F,6,FALSE) -> #N/A | G51: C37MHRAQ18AA3 | H51: =VLOOKUP(G51,'Paste bid here'!A:F,6,FALSE) -> #N/A | I51: 1/4" x 1/2" | J51: 98.42' | K51: .16 Oz/Ft | L51: 65.62' | M51: 15A / 20A | N51: 20A | P51: 11493 | Q51: 14684 | R51: 10539
A52: 24,000/24,000 | B52: 18.5 | C52: 9.7 | D52: 9 | E52: C45MHHAQ24XC3 | F52: =VLOOKUP(E52,'Paste bid here'!A:F,6,FALSE) -> #N/A | G52: C37MHRAQ24AA3 | H52: =VLOOKUP(G52,'Paste bid here'!A:F,6,FALSE) -> #N/A | I52: 3/8" x 5/8" | J52: 164.04' | K52: .32 Oz/Ft | L52: 82.02' | M52: 19A / 20A | N52: 20A | P52: 16443 | Q52: 19646 | R52: 14260
A53: Accessories & Warranty Information
A54: Use any 3rd party, 24V, 5-wire thermostat to control almost any Ductless system by adding the KSAIC0501230 (indoor/outdoor), KSAIC0601230 (mini indoor) only 24V Interface. Check pg. 8 of the "Compatibility Charts" for updates regarding 24V interface compatibility.
A55: The Carrier Infinity™ Ductless systems are shipped with a Wi-Fi kit standard. See the latest version of the "Compatibility Charts" for full details.
A56: Residential & Multi-Family Applications: 10 year limited warranty to original purchaser on compressor and parts when system is *registered within 90-days of installation. *Registration not required in CA and Quebec .
A57: Commercial Applications: 7 year limited warranty to original purchaser on compressor and parts. See Warranty documents for full details

Sheet DUCTLESS Multi-Zone
B1: R454B Multi-Zone Quick Reference Guide | R1: Ductless Systems
A2: Outdoor Unit With | B2: Price | C2: Max Zones | D2: Max Heating Capacity Btu's | G2: Max Cooling Btu's at 5F | I2: Port Combinations | L2: Max | M2: Max Total | N2: Pre- | P2: MCA | Q2: MOCP | R2: Recommended Fuse Size
A3: Base Pan Heater | L3: Line Set | M3: Line Set | N3: Charge | O3: Max Lift
D4: @5F [-15C] | E4: @-13F [-25C] | F4: @-22F [-30C] | G4: @ 95°F | H4: @109F [43C] | I4: Liquid | J4: Suction | L4: Per Zone | M4: Length | N4: Length
A5: This Sheet is not intended to replace the Installation Instructions. It is a reference guide only. Always read through the Installation Instructions.
A6: Infinity™ Series High Heat Multi-Zone Heat Pump Systems
A7: C37MGHAQ18CA3 | B7: =VLOOKUP(A7,'Paste bid here'!A:F,6,FALSE) -> #N/A | C7: 3 | D7: 19000 | E7: 13600 | F7: 11000 | G7: 19000 | H7: 24000 | I7: 3 @ 1/4" | J7: 3 @ 3/8" | L7: 98.4' | M7: 196.9' | N7: 73.8' | O7: 49' | P7: 17.5 | Q7: 20 | R7: 20
A8: C37MGHAQ24DA3 | B8: =VLOOKUP(A8,'Paste bid here'!A:F,6,FALSE) -> #N/A | C8: 4 | D8: 25000 | E8: 17000 | F8: 14000 | G8: 24000 | H8: 32000 | I8: 4 @ 1/4" | J8: 3 @ 3/8" + 1 @ 1/2" | L8: 114.8' | M8: 262.5' | N8: 98.4' | O8: 49' | P8: 30 | Q8: 35 | R8: 35
A9: C37MGHAQ30EA3 | B9: =VLOOKUP(A9,'Paste bid here'!A:F,6,FALSE) -> #N/A | C9: 5 | D9: 36000 | E9: 28000 | F9: 22400 | G9: 30000 | H9: 39000 | I9: 5 @ 1/4" | J9: 3 @ 3/8" + 2 @ 1/2" | L9: 114.8' | M9: 262.5' | N9: 123' | O9: 49' | P9: 37 | Q9: 40 | R9: 40
A10: C37MGHAQ36EA3 | B10: =VLOOKUP(A10,'Paste bid here'!A:F,6,FALSE) -> #N/A | C10: 5 | D10: 36000 | E10: 28000 | F10: 22400 | G10: 36000 | H10: 39000 | I10: 5 @ 1/4" | J10: 3 @ 3/8" + 2 @ 1/2" | L10: 114.8' | M10: 262.5' | N10: 123' | O10: 65' | P10: 37 | Q10: 40 | R10: 40
A11: C37MGHAQ48FA3 | B11: =VLOOKUP(A11,'Paste bid here'!A:F,6,FALSE) -> #N/A | C11: 6 | D11: 47000 | E11: 30000 | F11: 25000 | G11: 47000 | H11: 45000 | I11: 6 @ 1/4" | J11: 4 @ 3/8" + 2 @ 1/2" | L11: 114.8' | M11: 262.5' | N11: 147.6' | O11: 65' | P11: 37 | Q11: 40 | R11: 40
A12: C37MGHAQ55FA3 | B12: =VLOOKUP(A12,'Paste bid here'!A:F,6,FALSE) -> #N/A | C12: 6 | D12: 47000 | E12: 32000 | F12: 26400 | G12: 51000 | H12: 46000 | I12: 6 @ 1/4" | J12: 4 @ 3/8" + 2 @ 1/2" | L12: 114.8' | M12: 262.5' | N12: 147.6' | O12: 65' | P12: 39.5 | Q12: 40 | R12: 40
A13: Performance™ Series Multi-Zone Heat Pump Systems
A14: C37MGRAQ18CA3 | B14: =VLOOKUP(A14,'Paste bid here'!A:F,6,FALSE) -> #N/A | C14: 3 | D14: 13500 | E14: 8200 | G14: 18000 | H14: 18800 | I14: 3 @ 1/4" | J14: 3 @ 3/8" | L14: 98.4' | M14: 196.9' | N14: 73.8' | O14: 49.21' | P14: 16 | Q14: 20 | R14: 20
A15: C37MGRAQ24DA3 | B15: =VLOOKUP(A15,'Paste bid here'!A:F,6,FALSE) -> #N/A | C15: 4 | D15: 18000 | E15: 12000 | G15: 24000 | H15: 27400 | I15: 4 @ 1/4" | J15: 3 @ 3/8" + 1 @ 1/2" | L15: 114.8' | M15: 262.5' | N15: 98.4' | O15: 49.21' | P15: 23 | Q15: 25 | R15: 25
A16: C37MGRAQ30EA3 | B16: =VLOOKUP(A16,'Paste bid here'!A:F,6,FALSE) -> #N/A | C16: 5 | D16: 26000 | E16: 17500 | G16: 30000 | H16: 30600 | I16: 5 @ 1/4" | J16: 3 @ 3/8" + 2 @ 1/2" | L16: 114.8' | M16: 262.5' | N16: 123' | O16: 49.21' | P16: 30.5 | Q16: 35 | R16: 35
A17: C37MGRAQ36EA3 | B17: =VLOOKUP(A17,'Paste bid here'!A:F,6,FALSE) -> #N/A | C17: 5 | D17: 26000 | E17: 17500 | G17: 36000 | H17: 30600 | I17: 5 @ 1/4" | J17: 3 @ 3/8" + 2 @ 1/2" | L17: 114.8' | M17: 262.5' | N17: 123' | O17: 49.21' | P17: 30.5 | Q17: 35 | R17: 35
A18: C37MGRAQ48FA3 | B18: =VLOOKUP(A18,'Paste bid here'!A:F,6,FALSE) -> #N/A | C18: 6 | D18: 36000 | E18: 27000 | G18: 47000 | H18: 42000 | I18: 6 @ 1/4" | J18: 4 @ 3/8" + 2 @ 1/2" | L18: 114.8' | M18: 262.5' | N18: 147.6' | O18: 49.21' | P18: 34 | Q18: 40 | R18: 40
A19: C37MGRAQ55FA3 | B19: =VLOOKUP(A19,'Paste bid here'!A:F,6,FALSE) -> #N/A | C19: 6 | D19: 39000 | E19: 27800 | G19: 60000 | H19: 46000 | I19: 6 @ 1/4" | J19: 4 @ 3/8" + 2 @ 1/2" | L19: 114.8' | M19: 262.5' | N19: 147.6' | O19: 49.21' | P19: 36 | Q19: 40 | R19: 40
A20: Indoor Unit Types, Models, and Approved Btu/hr Combinations
A34: Btu/hr | B34: HIGH WALL | F34: 4-WAY CEILING CASSETTES | I34: ONE-WAY CEILING | K34: STANDARD STATIC | M34: HIGH STATIC | O34: FLOOR / CEILING | Q34: MULTI-POISE AIR HANDLER (AHU)
B35: INFINITY™ | D35: PERFORMANCE™ | I35: CASSETTES | K35: SLIM DUCTED | M35: SLIM DUCTED | O35: CONSOLE
A36: 6K | B36: C45MPHAQ06XA3 | C36: =VLOOKUP(B36,'Paste bid here'!A:F,6,FALSE) -> #N/A | D36: C45MAHAQ06XA3 | E36: =VLOOKUP(D36,'Paste bid here'!A:F,6,FALSE) -> #N/A | I36: C45MCCAQ06XA3 | J36: =VLOOKUP(I36,'Paste bid here'!A:F,6,FALSE) -> #N/A | K36: C45MBDAQ06XA3 | L36: =VLOOKUP(K36,'Paste bid here'!A:F,6,FALSE) -> #N/A
A37: 9K | B37: C45MPHAQ09XA3 | C37: =VLOOKUP(B37,'Paste bid here'!A:F,6,FALSE) -> #N/A | D37: C45MAHAQ09XA3 | E37: =VLOOKUP(D37,'Paste bid here'!A:F,6,FALSE) -> #N/A | F37: C45MBCAQ12XA3 | H37: =VLOOKUP(F37,'Paste bid here'!A:F,6,FALSE) -> #N/A | I37: C45MCCAQ12XA3 | J37: =VLOOKUP(I37,'Paste bid here'!A:F,6,FALSE) -> #N/A | K37: C45MBDAQ12XA3 | L37: =VLOOKUP(K37,'Paste bid here'!A:F,6,FALSE) -> #N/A | M37: C45MBDAQ12XH3 | N37: =VLOOKUP(M37,'Paste bid here'!A:F,6,FALSE) -> #N/A | O37: C45MBFAQ09XA3 | P37: =VLOOKUP(O37,'Paste bid here'!A:F,6,FALSE) -> #N/A
A38: 12K | B38: C45MPHAQ12XA3 | C38: =VLOOKUP(B38,'Paste bid here'!A:F,6,FALSE) -> #N/A | D38: C45MAHAQ12XA3 | E38: =VLOOKUP(D38,'Paste bid here'!A:F,6,FALSE) -> #N/A | F38: C45MBCAQ12XA3 | H38: =VLOOKUP(F38,'Paste bid here'!A:F,6,FALSE) -> #N/A | I38: C45MCCAQ12XA3 | J38: =VLOOKUP(I38,'Paste bid here'!A:F,6,FALSE) -> #N/A | K38: C45MBDAQ12XA3 | L38: =VLOOKUP(K38,'Paste bid here'!A:F,6,FALSE) -> #N/A | M38: C45MBDAQ12XH3 | N38: =VLOOKUP(M38,'Paste bid here'!A:F,6,FALSE) -> #N/A | O38: C45MBFAQ12XA3 | P38: =VLOOKUP(O38,'Paste bid here'!A:F,6,FALSE) -> #N/A
A39: 16K | O39: C45MBFAQ16XA3 | P39: =VLOOKUP(O39,'Paste bid here'!A:F,6,FALSE) -> #N/A
A40: 18K | B40: C45MPHAQ18XA3 | C40: =VLOOKUP(B40,'Paste bid here'!A:F,6,FALSE) -> #N/A | D40: C45MAHAQ18XA3 | E40: =VLOOKUP(D40,'Paste bid here'!A:F,6,FALSE) -> #N/A | F40: C45MBCAQ18XA3 | H40: =VLOOKUP(F40,'Paste bid here'!A:F,6,FALSE) -> #N/A | I40: C45MCCAQ18XA3 | J40: =VLOOKUP(I40,'Paste bid here'!A:F,6,FALSE) -> #N/A | K40: C45MBDAQ18XA3 | L40: =VLOOKUP(K40,'Paste bid here'!A:F,6,FALSE) -> #N/A | M40: C45MBDAQ18XH3 | N40: =VLOOKUP(M40,'Paste bid here'!A:F,6,FALSE) -> #N/A | Q40: C45MBAAQ18XB3 | R40: =VLOOKUP(Q40,'Paste bid here'!A:F,6,FALSE) -> #N/A
A41: 24K | D41: C45MAHAQ24XA3 | E41: =VLOOKUP(D41,'Paste bid here'!A:F,6,FALSE) -> #N/A | F41: C45MBCAQ24XA3 | H41: =VLOOKUP(F41,'Paste bid here'!A:F,6,FALSE) -> #N/A | M41: C45MBDAQ24XH3 | N41: =VLOOKUP(M41,'Paste bid here'!A:F,6,FALSE) -> #N/A | Q41: C45MBAAQ24XB3 | R41: =VLOOKUP(Q41,'Paste bid here'!A:F,6,FALSE) -> #N/A
A42: 30K | D42: C45MAHAQ30XA3 | E42: =VLOOKUP(D42,'Paste bid here'!A:F,6,FALSE) -> #N/A | Q42: C45MBAAQ30XB3 | R42: =VLOOKUP(Q42,'Paste bid here'!A:F,6,FALSE) -> #N/A
A43: 33K | D43: C45MAHAQ33XA3 | E43: =VLOOKUP(D43,'Paste bid here'!A:F,6,FALSE) -> #N/A
A44: 36K | D44: C45MAHAQ36XA3 | E44: =VLOOKUP(D44,'Paste bid here'!A:F,6,FALSE) -> #N/A | Q44: C45MBAAQ36XB3 | R44: =VLOOKUP(Q44,'Paste bid here'!A:F,6,FALSE) -> #N/A
A45: Installation Notes:
A46: Port adaptors included with the outdoor units and no branch boxes required.
A47: 10' minimum line length require per zone.
A48: Minimum 2 zones must be connected.
A49: Up to 2 AHUs can be used for the following combinations only: 18+18, 18+24, 18+30, 18+36, 24+24, 24+30, 24+36. In the case that 2 AHU units are selected, no other units may be connected to the outdoor unit, regardless of remaining ports or capacity availability.
A50: When a 30k or 36k AHU is utilized with a Multi-Zone ODU, 500 grams (17.6 Oz) of additional refrigerant should be added to the system.
A51: One-Way Cassette sizing is determined by capacity rotary swith on IDU.
A52: Wi-Fi Kits and Wire Remote Controllers compatible with single or multi-zone as per IDU compatibility.
R53: =#REF! -> #REF!

Sheet Paste bid here
A1: CARRIER MASTER BID | B1: B069296 | C1: COPY CUSTOMER PRICING FROM THIS BID AND PASTE BID BELOW
